"Circular dependencies:","Total number of chains"
,926

"Circular dependencies for each module:",
magento/module-backend,81
magento/module-backend->magento/module-backup->magento/module-backend
magento/module-backend->magento/module-catalog->magento/module-authorization->magento/module-backend
magento/module-backend->magento/module-config->magento/module-backend
magento/module-backend->magento/module-cms->magento/module-backend
magento/module-backend->magento/module-customer->magento/module-backend
magento/module-backend->magento/module-developer->magento/module-config->magento/module-cron->magento/module-store->magento/module-catalog->magento/module-asynchronous-operations->magento/module-backend
magento/module-backend->magento/module-developer->magento/module-config->magento/module-directory->magento/module-backend
magento/module-backend->magento/module-developer->magento/module-config->magento/module-email->magento/module-backend
magento/module-backend->magento/module-developer->magento/module-config->magento/module-media-storage->magento/module-backend
magento/module-backend->magento/module-developer->magento/module-store->magento/module-ui->magento/module-backend
magento/module-backend->magento/module-developer->magento/module-store->magento/module-customer->magento/module-catalog->magento/module-asynchronous-operations->magento/module-backend
magento/module-backend->magento/module-developer->magento/module-store->magento/module-backend
magento/module-backend->magento/module-eav->magento/module-backend
magento/module-backend->magento/module-quote->magento/module-backend
magento/module-backend->magento/module-reports->magento/module-backend
magento/module-backend->magento/module-sales->magento/module-backend
magento/module-backend->magento/module-security->magento/module-backend
magento/module-backend->magento/module-translation->magento/module-backend
magento/module-backend->magento/module-ui->magento/module-eav->magento/module-catalog->magento/module-asynchronous-operations->magento/module-backend
magento/module-backend->magento/module-ui->magento/module-user->magento/module-backend
magento/module-backend->magento/module-user->magento/module-email->magento/module-cms->magento/module-catalog->magento/module-asynchronous-operations->magento/module-backend
magento/module-backend->magento/module-user->magento/module-email->magento/module-theme->magento/module-backend
magento/module-backend->magento/module-user->magento/module-email->magento/module-media-storage->magento/module-catalog->magento/module-asynchronous-operations->magento/module-backend
magento/module-backend->magento/module-user->magento/module-email->magento/module-variable->magento/module-backend
magento/module-backend->magento/module-user->magento/module-integration->magento/module-backend
magento/module-backend->magento/module-theme->magento/module-customer->magento/module-checkout->magento/module-captcha->magento/module-backend
magento/module-backend->magento/module-theme->magento/module-customer->magento/module-checkout->magento/module-catalog->magento/module-asynchronous-operations->magento/module-backend
magento/module-backend->magento/module-theme->magento/module-customer->magento/module-eav->magento/module-media-storage->magento/module-asynchronous-operations->magento/module-backend
magento/module-backend->magento/module-theme->magento/module-customer->magento/module-newsletter->magento/module-backend
magento/module-backend->magento/module-theme->magento/module-customer->magento/module-page-cache->magento/module-backend
magento/module-backend->magento/module-theme->magento/module-customer->magento/module-quote->magento/module-catalog->magento/module-asynchronous-operations->magento/module-backend
magento/module-backend->magento/module-theme->magento/module-customer->magento/module-sales->magento/module-catalog->magento/module-asynchronous-operations->magento/module-backend
magento/module-backend->magento/module-theme->magento/module-customer->magento/module-tax->magento/module-backend
magento/module-backend->magento/module-theme->magento/module-widget->magento/module-backend
magento/module-backend->magento/module-backup->magento/module-cron->magento/module-store->magento/module-catalog->magento/module-asynchronous-operations->magento/module-admin-notification->magento/module-backend
magento/module-backend->magento/module-backup->magento/module-cron->magento/module-store->magento/module-catalog->magento/module-asynchronous-operations->magento/module-authorization->magento/module-backend
magento/module-backend->magento/module-backup->magento/module-cron->magento/module-store->magento/module-authorization->magento/module-backend
magento/module-backend->magento/module-backup->magento/module-cron->magento/module-store->magento/module-catalog->magento/module-asynchronous-operations->magento/module-ui->magento/module-eav->magento/module-config->magento/module-deploy->magento/module-user->magento/module-email->magento/module-cms->magento/module-media-storage->magento/module-theme->magento/module-customer->magento/module-checkout->magento/module-captcha->magento/module-sales->magento/module-bundle->magento/module-backend
magento/module-backend->magento/module-backup->magento/module-cron->magento/module-store->magento/module-catalog->magento/module-asynchronous-operations->magento/module-ui->magento/module-eav->magento/module-config->magento/module-deploy->magento/module-user->magento/module-email->magento/module-cms->magento/module-media-storage->magento/module-theme->magento/module-customer->magento/module-checkout->magento/module-captcha->magento/module-backend
magento/module-backend->magento/module-backup->magento/module-cron->magento/module-store->magento/module-catalog->magento/module-catalog-rule->magento/module-backend
magento/module-backend->magento/module-backup->magento/module-cron->magento/module-store->magento/module-catalog->magento/module-catalog-url-rewrite->magento/module-backend
magento/module-backend->magento/module-backup->magento/module-cron->magento/module-store->magento/module-catalog->magento/module-catalog-url-rewrite->magento/module-url-rewrite->magento/module-cms-url-rewrite->magento/module-cms->magento/module-backend
magento/module-backend->magento/module-backup->magento/module-cron->magento/module-store->magento/module-catalog->magento/module-asynchronous-operations->magento/module-ui->magento/module-eav->magento/module-config->magento/module-deploy->magento/module-user->magento/module-email->magento/module-cms->magento/module-media-storage->magento/module-theme->magento/module-customer->magento/module-checkout->magento/module-captcha->magento/module-sales->magento/module-bundle->magento/module-catalog-inventory->magento/module-quote->magento/module-shipping->magento/module-tax->magento/module-reports->magento/module-wishlist->magento/module-configurable-product->magento/module-backend
magento/module-backend->magento/module-backup->magento/module-cron->magento/module-store->magento/module-catalog->magento/module-asynchronous-operations->magento/module-ui->magento/module-eav->magento/module-config->magento/module-deploy->magento/module-user->magento/module-email->magento/module-theme->magento/module-customer->magento/module-checkout->magento/module-captcha->magento/module-sales->magento/module-bundle->magento/module-catalog-inventory->magento/module-quote->magento/module-shipping->magento/module-contact->magento/module-cms->magento/module-backend
magento/module-backend->magento/module-backup->magento/module-cron->magento/module-store->magento/module-catalog->magento/module-authorization->magento/module-backend
magento/module-backend->magento/module-customer->magento/module-authorization->magento/module-backend
magento/module-backend->magento/module-developer->magento/module-config->magento/module-backend
magento/module-backend->magento/module-directory->magento/module-backend
magento/module-backend->magento/module-backup->magento/module-cron->magento/module-store->magento/module-catalog->magento/module-asynchronous-operations->magento/module-ui->magento/module-eav->magento/module-config->magento/module-deploy->magento/module-user->magento/module-email->magento/module-cms->magento/module-media-storage->magento/module-theme->magento/module-customer->magento/module-checkout->magento/module-captcha->magento/module-sales->magento/module-bundle->magento/module-catalog-inventory->magento/module-quote->magento/module-shipping->magento/module-tax->magento/module-reports->magento/module-downloadable->magento/module-backend
magento/module-backend->magento/module-backup->magento/module-cron->magento/module-store->magento/module-catalog->magento/module-asynchronous-operations->magento/module-ui->magento/module-eav->magento/module-config->magento/module-email->magento/module-backend
magento/module-backend->magento/module-backup->magento/module-cron->magento/module-store->magento/module-config->magento/module-deploy->magento/module-user->magento/module-email->magento/module-cms->magento/module-media-storage->magento/module-theme->magento/module-customer->magento/module-checkout->magento/module-captcha->magento/module-sales->magento/module-bundle->magento/module-catalog-inventory->magento/module-quote->magento/module-shipping->magento/module-fedex->magento/module-catalog->magento/module-authorization->magento/module-backend
magento/module-backend->magento/module-backup->magento/module-cron->magento/module-store->magento/module-catalog->magento/module-asynchronous-operations->magento/module-ui->magento/module-eav->magento/module-config->magento/module-deploy->magento/module-user->magento/module-email->magento/module-cms->magento/module-media-storage->magento/module-theme->magento/module-customer->magento/module-checkout->magento/module-captcha->magento/module-sales->magento/module-gift-message->magento/module-backend
magento/module-backend->magento/module-backup->magento/module-cron->magento/module-store->magento/module-catalog->magento/module-asynchronous-operations->magento/module-ui->magento/module-eav->magento/module-config->magento/module-deploy->magento/module-user->magento/module-email->magento/module-cms->magento/module-media-storage->magento/module-theme->magento/module-customer->magento/module-checkout->magento/module-captcha->magento/module-sales->magento/module-bundle->magento/module-catalog-inventory->magento/module-quote->magento/module-shipping->magento/module-tax->magento/module-reports->magento/module-wishlist->magento/module-grouped-product->magento/module-backend
magento/module-backend->magento/module-backup->magento/module-cron->magento/module-store->magento/module-catalog->magento/module-asynchronous-operations->magento/module-ui->magento/module-eav->magento/module-config->magento/module-deploy->magento/module-user->magento/module-email->magento/module-cms->magento/module-media-storage->magento/module-theme->magento/module-customer->magento/module-checkout->magento/module-captcha->magento/module-sales->magento/module-bundle->magento/module-catalog-inventory->magento/module-quote->magento/module-shipping->magento/module-tax->magento/module-reports->magento/module-sales-rule->magento/module-catalog-rule->magento/module-import-export->magento/module-backend
magento/module-backend->magento/module-backup->magento/module-cron->magento/module-store->magento/module-catalog->magento/module-indexer->magento/module-backend
magento/module-backend->magento/module-backup->magento/module-cron->magento/module-store->magento/module-catalog->magento/module-asynchronous-operations->magento/module-ui->magento/module-eav->magento/module-config->magento/module-deploy->magento/module-user->magento/module-integration->magento/module-authorization->magento/module-backend
magento/module-backend->magento/module-backup->magento/module-cron->magento/module-store->magento/module-media-storage->magento/module-backend
magento/module-backend->magento/module-backup->magento/module-cron->magento/module-store->magento/module-catalog->magento/module-asynchronous-operations->magento/module-ui->magento/module-eav->magento/module-config->magento/module-deploy->magento/module-user->magento/module-email->magento/module-cms->magento/module-media-storage->magento/module-theme->magento/module-customer->magento/module-quote->magento/module-payment->magento/module-sales->magento/module-bundle->magento/module-gift-message->magento/module-multishipping->magento/module-checkout->magento/module-captcha->magento/module-backend
magento/module-backend->magento/module-backup->magento/module-cron->magento/module-store->magento/module-catalog->magento/module-asynchronous-operations->magento/module-ui->magento/module-eav->magento/module-config->magento/module-deploy->magento/module-user->magento/module-email->magento/module-cms->magento/module-media-storage->magento/module-theme->magento/module-customer->magento/module-newsletter->magento/module-backend
magento/module-backend->magento/module-backup->magento/module-cron->magento/module-store->magento/module-catalog->magento/module-page-cache->magento/module-backend
magento/module-backend->magento/module-backup->magento/module-cron->magento/module-store->magento/module-catalog->magento/module-product-alert->magento/module-asynchronous-operations->magento/module-authorization->magento/module-backend
magento/module-backend->magento/module-backup->magento/module-cron->magento/module-store->magento/module-catalog->magento/module-asynchronous-operations->magento/module-ui->magento/module-eav->magento/module-config->magento/module-deploy->magento/module-user->magento/module-email->magento/module-cms->magento/module-media-storage->magento/module-theme->magento/module-customer->magento/module-checkout->magento/module-captcha->magento/module-sales->magento/module-bundle->magento/module-catalog-inventory->magento/module-quote->magento/module-shipping->magento/module-tax->magento/module-reports->magento/module-wishlist->magento/module-configurable-product->magento/module-product-video->magento/module-backend
magento/module-backend->magento/module-quote->magento/module-authorization->magento/module-backend
magento/module-backend->magento/module-backup->magento/module-cron->magento/module-store->magento/module-catalog->magento/module-asynchronous-operations->magento/module-ui->magento/module-eav->magento/module-config->magento/module-deploy->magento/module-user->magento/module-email->magento/module-cms->magento/module-media-storage->magento/module-theme->magento/module-customer->magento/module-checkout->magento/module-captcha->magento/module-sales->magento/module-bundle->magento/module-catalog-inventory->magento/module-quote->magento/module-shipping->magento/module-tax->magento/module-reports->magento/module-review->magento/module-backend
magento/module-backend->magento/module-backup->magento/module-cron->magento/module-store->magento/module-catalog->magento/module-asynchronous-operations->magento/module-ui->magento/module-eav->magento/module-config->magento/module-deploy->magento/module-user->magento/module-email->magento/module-cms->magento/module-media-storage->magento/module-theme->magento/module-customer->magento/module-checkout->magento/module-captcha->magento/module-sales->magento/module-bundle->magento/module-catalog-inventory->magento/module-quote->magento/module-shipping->magento/module-tax->magento/module-reports->magento/module-wishlist->magento/module-rss->magento/module-backend
magento/module-backend->magento/module-backup->magento/module-cron->magento/module-store->magento/module-catalog->magento/module-asynchronous-operations->magento/module-ui->magento/module-eav->magento/module-config->magento/module-deploy->magento/module-user->magento/module-email->magento/module-cms->magento/module-media-storage->magento/module-theme->magento/module-customer->magento/module-checkout->magento/module-captcha->magento/module-sales->magento/module-bundle->magento/module-catalog-inventory->magento/module-quote->magento/module-shipping->magento/module-tax->magento/module-reports->magento/module-sales-rule->magento/module-rule->magento/module-backend
magento/module-backend->magento/module-backup->magento/module-cron->magento/module-store->magento/module-catalog->magento/module-asynchronous-operations->magento/module-ui->magento/module-eav->magento/module-config->magento/module-deploy->magento/module-user->magento/module-email->magento/module-cms->magento/module-media-storage->magento/module-theme->magento/module-customer->magento/module-checkout->magento/module-sales-rule->magento/module-backend
magento/module-backend->magento/module-sales->magento/module-authorization->magento/module-backend
magento/module-backend->magento/module-security->magento/module-config->magento/module-backend
magento/module-backend->magento/module-backup->magento/module-cron->magento/module-store->magento/module-catalog->magento/module-asynchronous-operations->magento/module-ui->magento/module-eav->magento/module-config->magento/module-deploy->magento/module-user->magento/module-email->magento/module-cms->magento/module-media-storage->magento/module-theme->magento/module-customer->magento/module-checkout->magento/module-shipping->magento/module-backend
magento/module-backend->magento/module-backup->magento/module-cron->magento/module-store->magento/module-catalog->magento/module-tax->magento/module-backend
magento/module-backend->magento/module-theme->magento/module-backend
magento/module-backend->magento/module-ui->magento/module-authorization->magento/module-backend
magento/module-backend->magento/module-backup->magento/module-cron->magento/module-store->magento/module-catalog->magento/module-asynchronous-operations->magento/module-ui->magento/module-eav->magento/module-config->magento/module-deploy->magento/module-user->magento/module-email->magento/module-cms->magento/module-media-storage->magento/module-theme->magento/module-customer->magento/module-checkout->magento/module-captcha->magento/module-sales->magento/module-bundle->magento/module-catalog-inventory->magento/module-quote->magento/module-shipping->magento/module-ups->magento/module-backend
magento/module-backend->magento/module-backup->magento/module-cron->magento/module-store->magento/module-catalog->magento/module-url-rewrite->magento/module-backend
magento/module-backend->magento/module-user->magento/module-authorization->magento/module-backend
magento/module-backend->magento/module-backup->magento/module-cron->magento/module-store->magento/module-catalog->magento/module-asynchronous-operations->magento/module-ui->magento/module-eav->magento/module-config->magento/module-deploy->magento/module-user->magento/module-email->magento/module-variable->magento/module-backend
magento/module-backend->magento/module-backup->magento/module-cron->magento/module-store->magento/module-catalog->magento/module-asynchronous-operations->magento/module-ui->magento/module-eav->magento/module-config->magento/module-deploy->magento/module-user->magento/module-email->magento/module-cms->magento/module-media-storage->magento/module-theme->magento/module-customer->magento/module-quote->magento/module-payment->magento/module-vault->magento/module-checkout->magento/module-captcha->magento/module-backend
magento/module-backend->magento/module-backup->magento/module-cron->magento/module-store->magento/module-catalog->magento/module-asynchronous-operations->magento/module-ui->magento/module-eav->magento/module-config->magento/module-deploy->magento/module-user->magento/module-email->magento/module-cms->magento/module-media-storage->magento/module-theme->magento/module-customer->magento/module-webapi->magento/module-authorization->magento/module-backend
magento/module-backend->magento/module-backup->magento/module-cron->magento/module-store->magento/module-catalog->magento/module-widget->magento/module-backend
magento/module-backend->magento/module-backup->magento/module-cron->magento/module-store->magento/module-catalog->magento/module-wishlist->magento/module-backend

magento/module-backup,39
magento/module-backup->magento/module-backend->magento/module-backup
magento/module-backup->magento/module-cron->magento/module-store->magento/module-catalog->magento/module-asynchronous-operations->magento/module-admin-notification->magento/module-backend->magento/module-backup
magento/module-backup->magento/module-cron->magento/module-store->magento/module-catalog->magento/module-asynchronous-operations->magento/module-authorization->magento/module-backend->magento/module-backup
magento/module-backup->magento/module-cron->magento/module-store->magento/module-authorization->magento/module-backend->magento/module-backup
magento/module-backup->magento/module-cron->magento/module-store->magento/module-catalog->magento/module-asynchronous-operations->magento/module-ui->magento/module-eav->magento/module-config->magento/module-deploy->magento/module-user->magento/module-email->magento/module-cms->magento/module-media-storage->magento/module-theme->magento/module-customer->magento/module-checkout->magento/module-captcha->magento/module-sales->magento/module-bundle->magento/module-backend->magento/module-backup
magento/module-backup->magento/module-cron->magento/module-store->magento/module-catalog->magento/module-asynchronous-operations->magento/module-ui->magento/module-eav->magento/module-config->magento/module-deploy->magento/module-user->magento/module-email->magento/module-cms->magento/module-media-storage->magento/module-theme->magento/module-customer->magento/module-checkout->magento/module-captcha->magento/module-backend->magento/module-backup
magento/module-backup->magento/module-cron->magento/module-store->magento/module-catalog->magento/module-catalog-rule->magento/module-backend->magento/module-backup
magento/module-backup->magento/module-cron->magento/module-store->magento/module-catalog->magento/module-catalog-url-rewrite->magento/module-backend->magento/module-backup
magento/module-backup->magento/module-cron->magento/module-store->magento/module-catalog->magento/module-catalog-url-rewrite->magento/module-url-rewrite->magento/module-cms-url-rewrite->magento/module-cms->magento/module-backend->magento/module-backup
magento/module-backup->magento/module-cron->magento/module-store->magento/module-catalog->magento/module-asynchronous-operations->magento/module-ui->magento/module-eav->magento/module-config->magento/module-deploy->magento/module-user->magento/module-email->magento/module-cms->magento/module-media-storage->magento/module-theme->magento/module-customer->magento/module-checkout->magento/module-captcha->magento/module-sales->magento/module-bundle->magento/module-catalog-inventory->magento/module-quote->magento/module-shipping->magento/module-tax->magento/module-reports->magento/module-wishlist->magento/module-configurable-product->magento/module-backend->magento/module-backup
magento/module-backup->magento/module-cron->magento/module-store->magento/module-catalog->magento/module-asynchronous-operations->magento/module-ui->magento/module-eav->magento/module-config->magento/module-deploy->magento/module-user->magento/module-email->magento/module-theme->magento/module-customer->magento/module-checkout->magento/module-captcha->magento/module-sales->magento/module-bundle->magento/module-catalog-inventory->magento/module-quote->magento/module-shipping->magento/module-contact->magento/module-cms->magento/module-backend->magento/module-backup
magento/module-backup->magento/module-cron->magento/module-store->magento/module-catalog->magento/module-authorization->magento/module-backend->magento/module-backup
magento/module-backup->magento/module-cron->magento/module-store->magento/module-catalog->magento/module-asynchronous-operations->magento/module-ui->magento/module-eav->magento/module-config->magento/module-deploy->magento/module-user->magento/module-email->magento/module-cms->magento/module-media-storage->magento/module-theme->magento/module-customer->magento/module-checkout->magento/module-captcha->magento/module-sales->magento/module-bundle->magento/module-catalog-inventory->magento/module-quote->magento/module-shipping->magento/module-tax->magento/module-reports->magento/module-downloadable->magento/module-backend->magento/module-backup
magento/module-backup->magento/module-cron->magento/module-store->magento/module-catalog->magento/module-asynchronous-operations->magento/module-ui->magento/module-eav->magento/module-config->magento/module-email->magento/module-backend->magento/module-backup
magento/module-backup->magento/module-cron->magento/module-store->magento/module-config->magento/module-deploy->magento/module-user->magento/module-email->magento/module-cms->magento/module-media-storage->magento/module-theme->magento/module-customer->magento/module-checkout->magento/module-captcha->magento/module-sales->magento/module-bundle->magento/module-catalog-inventory->magento/module-quote->magento/module-shipping->magento/module-fedex->magento/module-catalog->magento/module-authorization->magento/module-backend->magento/module-backup
magento/module-backup->magento/module-cron->magento/module-store->magento/module-catalog->magento/module-asynchronous-operations->magento/module-ui->magento/module-eav->magento/module-config->magento/module-deploy->magento/module-user->magento/module-email->magento/module-cms->magento/module-media-storage->magento/module-theme->magento/module-customer->magento/module-checkout->magento/module-captcha->magento/module-sales->magento/module-gift-message->magento/module-backend->magento/module-backup
magento/module-backup->magento/module-cron->magento/module-store->magento/module-catalog->magento/module-asynchronous-operations->magento/module-ui->magento/module-eav->magento/module-config->magento/module-deploy->magento/module-user->magento/module-email->magento/module-cms->magento/module-media-storage->magento/module-theme->magento/module-customer->magento/module-checkout->magento/module-captcha->magento/module-sales->magento/module-bundle->magento/module-catalog-inventory->magento/module-quote->magento/module-shipping->magento/module-tax->magento/module-reports->magento/module-wishlist->magento/module-grouped-product->magento/module-backend->magento/module-backup
magento/module-backup->magento/module-cron->magento/module-store->magento/module-catalog->magento/module-asynchronous-operations->magento/module-ui->magento/module-eav->magento/module-config->magento/module-deploy->magento/module-user->magento/module-email->magento/module-cms->magento/module-media-storage->magento/module-theme->magento/module-customer->magento/module-checkout->magento/module-captcha->magento/module-sales->magento/module-bundle->magento/module-catalog-inventory->magento/module-quote->magento/module-shipping->magento/module-tax->magento/module-reports->magento/module-sales-rule->magento/module-catalog-rule->magento/module-import-export->magento/module-backend->magento/module-backup
magento/module-backup->magento/module-cron->magento/module-store->magento/module-catalog->magento/module-indexer->magento/module-backend->magento/module-backup
magento/module-backup->magento/module-cron->magento/module-store->magento/module-catalog->magento/module-asynchronous-operations->magento/module-ui->magento/module-eav->magento/module-config->magento/module-deploy->magento/module-user->magento/module-integration->magento/module-authorization->magento/module-backend->magento/module-backup
magento/module-backup->magento/module-cron->magento/module-store->magento/module-media-storage->magento/module-backend->magento/module-backup
magento/module-backup->magento/module-cron->magento/module-store->magento/module-catalog->magento/module-asynchronous-operations->magento/module-ui->magento/module-eav->magento/module-config->magento/module-deploy->magento/module-user->magento/module-email->magento/module-cms->magento/module-media-storage->magento/module-theme->magento/module-customer->magento/module-quote->magento/module-payment->magento/module-sales->magento/module-bundle->magento/module-gift-message->magento/module-multishipping->magento/module-checkout->magento/module-captcha->magento/module-backend->magento/module-backup
magento/module-backup->magento/module-cron->magento/module-store->magento/module-catalog->magento/module-asynchronous-operations->magento/module-ui->magento/module-eav->magento/module-config->magento/module-deploy->magento/module-user->magento/module-email->magento/module-cms->magento/module-media-storage->magento/module-theme->magento/module-customer->magento/module-newsletter->magento/module-backend->magento/module-backup
magento/module-backup->magento/module-cron->magento/module-store->magento/module-catalog->magento/module-page-cache->magento/module-backend->magento/module-backup
magento/module-backup->magento/module-cron->magento/module-store->magento/module-catalog->magento/module-product-alert->magento/module-asynchronous-operations->magento/module-authorization->magento/module-backend->magento/module-backup
magento/module-backup->magento/module-cron->magento/module-store->magento/module-catalog->magento/module-asynchronous-operations->magento/module-ui->magento/module-eav->magento/module-config->magento/module-deploy->magento/module-user->magento/module-email->magento/module-cms->magento/module-media-storage->magento/module-theme->magento/module-customer->magento/module-checkout->magento/module-captcha->magento/module-sales->magento/module-bundle->magento/module-catalog-inventory->magento/module-quote->magento/module-shipping->magento/module-tax->magento/module-reports->magento/module-wishlist->magento/module-configurable-product->magento/module-product-video->magento/module-backend->magento/module-backup
magento/module-backup->magento/module-cron->magento/module-store->magento/module-catalog->magento/module-asynchronous-operations->magento/module-ui->magento/module-eav->magento/module-config->magento/module-deploy->magento/module-user->magento/module-email->magento/module-cms->magento/module-media-storage->magento/module-theme->magento/module-customer->magento/module-checkout->magento/module-captcha->magento/module-sales->magento/module-bundle->magento/module-catalog-inventory->magento/module-quote->magento/module-shipping->magento/module-tax->magento/module-reports->magento/module-review->magento/module-backend->magento/module-backup
magento/module-backup->magento/module-cron->magento/module-store->magento/module-catalog->magento/module-asynchronous-operations->magento/module-ui->magento/module-eav->magento/module-config->magento/module-deploy->magento/module-user->magento/module-email->magento/module-cms->magento/module-media-storage->magento/module-theme->magento/module-customer->magento/module-checkout->magento/module-captcha->magento/module-sales->magento/module-bundle->magento/module-catalog-inventory->magento/module-quote->magento/module-shipping->magento/module-tax->magento/module-reports->magento/module-wishlist->magento/module-rss->magento/module-backend->magento/module-backup
magento/module-backup->magento/module-cron->magento/module-store->magento/module-catalog->magento/module-asynchronous-operations->magento/module-ui->magento/module-eav->magento/module-config->magento/module-deploy->magento/module-user->magento/module-email->magento/module-cms->magento/module-media-storage->magento/module-theme->magento/module-customer->magento/module-checkout->magento/module-captcha->magento/module-sales->magento/module-bundle->magento/module-catalog-inventory->magento/module-quote->magento/module-shipping->magento/module-tax->magento/module-reports->magento/module-sales-rule->magento/module-rule->magento/module-backend->magento/module-backup
magento/module-backup->magento/module-cron->magento/module-store->magento/module-catalog->magento/module-asynchronous-operations->magento/module-ui->magento/module-eav->magento/module-config->magento/module-deploy->magento/module-user->magento/module-email->magento/module-cms->magento/module-media-storage->magento/module-theme->magento/module-customer->magento/module-checkout->magento/module-sales-rule->magento/module-backend->magento/module-backup
magento/module-backup->magento/module-cron->magento/module-store->magento/module-catalog->magento/module-asynchronous-operations->magento/module-ui->magento/module-eav->magento/module-config->magento/module-deploy->magento/module-user->magento/module-email->magento/module-cms->magento/module-media-storage->magento/module-theme->magento/module-customer->magento/module-checkout->magento/module-shipping->magento/module-backend->magento/module-backup
magento/module-backup->magento/module-cron->magento/module-store->magento/module-catalog->magento/module-tax->magento/module-backend->magento/module-backup
magento/module-backup->magento/module-cron->magento/module-store->magento/module-catalog->magento/module-asynchronous-operations->magento/module-ui->magento/module-eav->magento/module-config->magento/module-deploy->magento/module-user->magento/module-email->magento/module-cms->magento/module-media-storage->magento/module-theme->magento/module-customer->magento/module-checkout->magento/module-captcha->magento/module-sales->magento/module-bundle->magento/module-catalog-inventory->magento/module-quote->magento/module-shipping->magento/module-ups->magento/module-backend->magento/module-backup
magento/module-backup->magento/module-cron->magento/module-store->magento/module-catalog->magento/module-url-rewrite->magento/module-backend->magento/module-backup
magento/module-backup->magento/module-cron->magento/module-store->magento/module-catalog->magento/module-asynchronous-operations->magento/module-ui->magento/module-eav->magento/module-config->magento/module-deploy->magento/module-user->magento/module-email->magento/module-variable->magento/module-backend->magento/module-backup
magento/module-backup->magento/module-cron->magento/module-store->magento/module-catalog->magento/module-asynchronous-operations->magento/module-ui->magento/module-eav->magento/module-config->magento/module-deploy->magento/module-user->magento/module-email->magento/module-cms->magento/module-media-storage->magento/module-theme->magento/module-customer->magento/module-quote->magento/module-payment->magento/module-vault->magento/module-checkout->magento/module-captcha->magento/module-backend->magento/module-backup
magento/module-backup->magento/module-cron->magento/module-store->magento/module-catalog->magento/module-asynchronous-operations->magento/module-ui->magento/module-eav->magento/module-config->magento/module-deploy->magento/module-user->magento/module-email->magento/module-cms->magento/module-media-storage->magento/module-theme->magento/module-customer->magento/module-webapi->magento/module-authorization->magento/module-backend->magento/module-backup
magento/module-backup->magento/module-cron->magento/module-store->magento/module-catalog->magento/module-widget->magento/module-backend->magento/module-backup
magento/module-backup->magento/module-cron->magento/module-store->magento/module-catalog->magento/module-wishlist->magento/module-backend->magento/module-backup

magento/module-catalog,71
magento/module-catalog->magento/module-authorization->magento/module-backend->magento/module-catalog
magento/module-catalog->magento/module-asynchronous-operations->magento/module-backend->magento/module-developer->magento/module-config->magento/module-cron->magento/module-store->magento/module-catalog
magento/module-catalog->magento/module-asynchronous-operations->magento/module-backend->magento/module-developer->magento/module-store->magento/module-customer->magento/module-catalog
magento/module-catalog->magento/module-asynchronous-operations->magento/module-backend->magento/module-ui->magento/module-eav->magento/module-catalog
magento/module-catalog->magento/module-asynchronous-operations->magento/module-backend->magento/module-user->magento/module-email->magento/module-cms->magento/module-catalog
magento/module-catalog->magento/module-asynchronous-operations->magento/module-backend->magento/module-user->magento/module-email->magento/module-media-storage->magento/module-catalog
magento/module-catalog->magento/module-asynchronous-operations->magento/module-backend->magento/module-theme->magento/module-customer->magento/module-checkout->magento/module-catalog
magento/module-catalog->magento/module-asynchronous-operations->magento/module-backend->magento/module-theme->magento/module-customer->magento/module-quote->magento/module-catalog
magento/module-catalog->magento/module-asynchronous-operations->magento/module-backend->magento/module-theme->magento/module-customer->magento/module-sales->magento/module-catalog
magento/module-catalog->magento/module-catalog-inventory->magento/module-catalog
magento/module-catalog->magento/module-catalog-rule->magento/module-catalog
magento/module-catalog->magento/module-catalog-url-rewrite->magento/module-catalog
magento/module-catalog->magento/module-checkout->magento/module-catalog-inventory->magento/module-customer->magento/module-wishlist->magento/module-catalog
magento/module-catalog->magento/module-checkout->magento/module-msrp->magento/module-catalog
magento/module-catalog->magento/module-checkout->magento/module-page-cache->magento/module-catalog
magento/module-catalog->magento/module-checkout->magento/module-sales->magento/module-bundle->magento/module-catalog
magento/module-catalog->magento/module-checkout->magento/module-sales-rule->magento/module-catalog
magento/module-catalog->magento/module-checkout->magento/module-shipping->magento/module-catalog
magento/module-catalog->magento/module-checkout->magento/module-tax->magento/module-catalog
magento/module-catalog->magento/module-cms->magento/module-widget->magento/module-catalog
magento/module-catalog->magento/module-msrp->magento/module-downloadable->magento/module-catalog
magento/module-catalog->magento/module-msrp->magento/module-tax->magento/module-quote->magento/module-sales->magento/module-gift-message->magento/module-catalog
magento/module-catalog->magento/module-msrp->magento/module-tax->magento/module-reports->magento/module-catalog
magento/module-catalog->magento/module-msrp->magento/module-tax->magento/module-sales->magento/module-reports->magento/module-review->magento/module-catalog
magento/module-catalog->magento/module-msrp->magento/module-tax->magento/module-sales->magento/module-sales-rule->magento/module-catalog-rule->magento/module-rule->magento/module-catalog
magento/module-catalog->magento/module-msrp->magento/module-tax->magento/module-sales->magento/module-sales-rule->magento/module-catalog-rule->magento/module-import-export->magento/module-catalog
magento/module-catalog->magento/module-msrp->magento/module-bundle->magento/module-sales-rule->magento/module-shipping->magento/module-fedex->magento/module-catalog
magento/module-catalog->magento/module-product-alert->magento/module-catalog
magento/module-catalog->magento/module-url-rewrite->magento/module-catalog
magento/module-catalog->magento/module-wishlist->magento/module-configurable-product->magento/module-catalog
magento/module-catalog->magento/module-wishlist->magento/module-grouped-product->magento/module-catalog
magento/module-catalog->magento/module-asynchronous-operations->magento/module-admin-notification->magento/module-backend->magento/module-backup->magento/module-cron->magento/module-store->magento/module-catalog
magento/module-catalog->magento/module-asynchronous-operations->magento/module-authorization->magento/module-backend->magento/module-backup->magento/module-cron->magento/module-store->magento/module-catalog
magento/module-catalog->magento/module-asynchronous-operations->magento/module-ui->magento/module-eav->magento/module-config->magento/module-deploy->magento/module-user->magento/module-email->magento/module-cms->magento/module-media-storage->magento/module-theme->magento/module-customer->magento/module-checkout->magento/module-captcha->magento/module-sales->magento/module-bundle->magento/module-backend->magento/module-backup->magento/module-cron->magento/module-store->magento/module-catalog
magento/module-catalog->magento/module-asynchronous-operations->magento/module-ui->magento/module-eav->magento/module-config->magento/module-deploy->magento/module-user->magento/module-email->magento/module-cms->magento/module-media-storage->magento/module-theme->magento/module-customer->magento/module-checkout->magento/module-captcha->magento/module-backend->magento/module-backup->magento/module-cron->magento/module-store->magento/module-catalog
magento/module-catalog->magento/module-catalog-url-rewrite->magento/module-catalog-import-export->magento/module-catalog
magento/module-catalog->magento/module-catalog-rule->magento/module-backend->magento/module-backup->magento/module-cron->magento/module-store->magento/module-catalog
magento/module-catalog->magento/module-catalog-url-rewrite->magento/module-backend->magento/module-backup->magento/module-cron->magento/module-store->magento/module-catalog
magento/module-catalog->magento/module-catalog-url-rewrite->magento/module-url-rewrite->magento/module-cms-url-rewrite->magento/module-cms->magento/module-backend->magento/module-backup->magento/module-cron->magento/module-store->magento/module-catalog
magento/module-catalog->magento/module-asynchronous-operations->magento/module-ui->magento/module-eav->magento/module-config->magento/module-deploy->magento/module-user->magento/module-email->magento/module-cms->magento/module-media-storage->magento/module-theme->magento/module-customer->magento/module-checkout->magento/module-captcha->magento/module-sales->magento/module-bundle->magento/module-catalog-inventory->magento/module-quote->magento/module-shipping->magento/module-tax->magento/module-reports->magento/module-wishlist->magento/module-configurable-product->magento/module-backend->magento/module-backup->magento/module-cron->magento/module-store->magento/module-catalog
magento/module-catalog->magento/module-asynchronous-operations->magento/module-ui->magento/module-eav->magento/module-config->magento/module-deploy->magento/module-user->magento/module-email->magento/module-theme->magento/module-customer->magento/module-checkout->magento/module-captcha->magento/module-sales->magento/module-bundle->magento/module-catalog-inventory->magento/module-quote->magento/module-shipping->magento/module-contact->magento/module-cms->magento/module-backend->magento/module-backup->magento/module-cron->magento/module-store->magento/module-catalog
magento/module-catalog->magento/module-cookie->magento/module-store->magento/module-catalog
magento/module-catalog->magento/module-authorization->magento/module-backend->magento/module-backup->magento/module-cron->magento/module-store->magento/module-catalog
magento/module-catalog->magento/module-asynchronous-operations->magento/module-ui->magento/module-eav->magento/module-config->magento/module-deploy->magento/module-user->magento/module-email->magento/module-cms->magento/module-media-storage->magento/module-theme->magento/module-customer->magento/module-checkout->magento/module-captcha->magento/module-sales->magento/module-bundle->magento/module-catalog-inventory->magento/module-quote->magento/module-shipping->magento/module-tax->magento/module-reports->magento/module-downloadable->magento/module-backend->magento/module-backup->magento/module-cron->magento/module-store->magento/module-catalog
magento/module-catalog->magento/module-asynchronous-operations->magento/module-ui->magento/module-eav->magento/module-config->magento/module-email->magento/module-backend->magento/module-backup->magento/module-cron->magento/module-store->magento/module-catalog
magento/module-catalog->magento/module-authorization->magento/module-backend->magento/module-backup->magento/module-cron->magento/module-store->magento/module-config->magento/module-deploy->magento/module-user->magento/module-email->magento/module-cms->magento/module-media-storage->magento/module-theme->magento/module-customer->magento/module-checkout->magento/module-captcha->magento/module-sales->magento/module-bundle->magento/module-catalog-inventory->magento/module-quote->magento/module-shipping->magento/module-fedex->magento/module-catalog
magento/module-catalog->magento/module-asynchronous-operations->magento/module-ui->magento/module-eav->magento/module-config->magento/module-deploy->magento/module-user->magento/module-email->magento/module-cms->magento/module-media-storage->magento/module-theme->magento/module-customer->magento/module-checkout->magento/module-captcha->magento/module-sales->magento/module-gift-message->magento/module-backend->magento/module-backup->magento/module-cron->magento/module-store->magento/module-catalog
magento/module-catalog->magento/module-asynchronous-operations->magento/module-ui->magento/module-eav->magento/module-config->magento/module-deploy->magento/module-user->magento/module-email->magento/module-cms->magento/module-media-storage->magento/module-theme->magento/module-customer->magento/module-checkout->magento/module-captcha->magento/module-sales->magento/module-bundle->magento/module-catalog-inventory->magento/module-quote->magento/module-shipping->magento/module-tax->magento/module-reports->magento/module-wishlist->magento/module-grouped-product->magento/module-backend->magento/module-backup->magento/module-cron->magento/module-store->magento/module-catalog
magento/module-catalog->magento/module-asynchronous-operations->magento/module-ui->magento/module-eav->magento/module-config->magento/module-deploy->magento/module-user->magento/module-email->magento/module-cms->magento/module-media-storage->magento/module-theme->magento/module-customer->magento/module-checkout->magento/module-captcha->magento/module-sales->magento/module-bundle->magento/module-catalog-inventory->magento/module-quote->magento/module-shipping->magento/module-tax->magento/module-reports->magento/module-sales-rule->magento/module-catalog-rule->magento/module-import-export->magento/module-backend->magento/module-backup->magento/module-cron->magento/module-store->magento/module-catalog
magento/module-catalog->magento/module-indexer->magento/module-backend->magento/module-backup->magento/module-cron->magento/module-store->magento/module-catalog
magento/module-catalog->magento/module-asynchronous-operations->magento/module-ui->magento/module-eav->magento/module-config->magento/module-deploy->magento/module-user->magento/module-integration->magento/module-authorization->magento/module-backend->magento/module-backup->magento/module-cron->magento/module-store->magento/module-catalog
magento/module-catalog->magento/module-msrp->magento/module-catalog
magento/module-catalog->magento/module-asynchronous-operations->magento/module-ui->magento/module-eav->magento/module-config->magento/module-deploy->magento/module-user->magento/module-email->magento/module-cms->magento/module-media-storage->magento/module-theme->magento/module-customer->magento/module-quote->magento/module-payment->magento/module-sales->magento/module-bundle->magento/module-gift-message->magento/module-multishipping->magento/module-checkout->magento/module-captcha->magento/module-backend->magento/module-backup->magento/module-cron->magento/module-store->magento/module-catalog
magento/module-catalog->magento/module-asynchronous-operations->magento/module-ui->magento/module-eav->magento/module-config->magento/module-deploy->magento/module-user->magento/module-email->magento/module-cms->magento/module-media-storage->magento/module-theme->magento/module-customer->magento/module-newsletter->magento/module-backend->magento/module-backup->magento/module-cron->magento/module-store->magento/module-catalog
magento/module-catalog->magento/module-page-cache->magento/module-backend->magento/module-backup->magento/module-cron->magento/module-store->magento/module-catalog
magento/module-catalog->magento/module-product-alert->magento/module-asynchronous-operations->magento/module-authorization->magento/module-backend->magento/module-backup->magento/module-cron->magento/module-store->magento/module-catalog
magento/module-catalog->magento/module-asynchronous-operations->magento/module-ui->magento/module-eav->magento/module-config->magento/module-deploy->magento/module-user->magento/module-email->magento/module-cms->magento/module-media-storage->magento/module-theme->magento/module-customer->magento/module-checkout->magento/module-captcha->magento/module-sales->magento/module-bundle->magento/module-catalog-inventory->magento/module-quote->magento/module-shipping->magento/module-tax->magento/module-reports->magento/module-wishlist->magento/module-configurable-product->magento/module-product-video->magento/module-backend->magento/module-backup->magento/module-cron->magento/module-store->magento/module-catalog
magento/module-catalog->magento/module-asynchronous-operations->magento/module-ui->magento/module-eav->magento/module-config->magento/module-deploy->magento/module-user->magento/module-email->magento/module-cms->magento/module-media-storage->magento/module-theme->magento/module-customer->magento/module-checkout->magento/module-captcha->magento/module-sales->magento/module-bundle->magento/module-catalog-inventory->magento/module-quote->magento/module-shipping->magento/module-tax->magento/module-reports->magento/module-review->magento/module-backend->magento/module-backup->magento/module-cron->magento/module-store->magento/module-catalog
magento/module-catalog->magento/module-asynchronous-operations->magento/module-ui->magento/module-eav->magento/module-config->magento/module-deploy->magento/module-user->magento/module-email->magento/module-cms->magento/module-media-storage->magento/module-theme->magento/module-customer->magento/module-checkout->magento/module-captcha->magento/module-sales->magento/module-bundle->magento/module-catalog-inventory->magento/module-quote->magento/module-shipping->magento/module-tax->magento/module-reports->magento/module-wishlist->magento/module-rss->magento/module-backend->magento/module-backup->magento/module-cron->magento/module-store->magento/module-catalog
magento/module-catalog->magento/module-asynchronous-operations->magento/module-ui->magento/module-eav->magento/module-config->magento/module-deploy->magento/module-user->magento/module-email->magento/module-cms->magento/module-media-storage->magento/module-theme->magento/module-customer->magento/module-checkout->magento/module-captcha->magento/module-sales->magento/module-bundle->magento/module-catalog-inventory->magento/module-quote->magento/module-shipping->magento/module-tax->magento/module-reports->magento/module-sales-rule->magento/module-rule->magento/module-backend->magento/module-backup->magento/module-cron->magento/module-store->magento/module-catalog
magento/module-catalog->magento/module-asynchronous-operations->magento/module-ui->magento/module-eav->magento/module-config->magento/module-deploy->magento/module-user->magento/module-email->magento/module-cms->magento/module-media-storage->magento/module-theme->magento/module-customer->magento/module-checkout->magento/module-sales-rule->magento/module-backend->magento/module-backup->magento/module-cron->magento/module-store->magento/module-catalog
magento/module-catalog->magento/module-asynchronous-operations->magento/module-ui->magento/module-eav->magento/module-config->magento/module-deploy->magento/module-user->magento/module-email->magento/module-cms->magento/module-media-storage->magento/module-theme->magento/module-customer->magento/module-checkout->magento/module-shipping->magento/module-backend->magento/module-backup->magento/module-cron->magento/module-store->magento/module-catalog
magento/module-catalog->magento/module-store->magento/module-catalog
magento/module-catalog->magento/module-tax->magento/module-backend->magento/module-backup->magento/module-cron->magento/module-store->magento/module-catalog
magento/module-catalog->magento/module-asynchronous-operations->magento/module-ui->magento/module-eav->magento/module-config->magento/module-deploy->magento/module-user->magento/module-email->magento/module-cms->magento/module-media-storage->magento/module-theme->magento/module-customer->magento/module-checkout->magento/module-captcha->magento/module-sales->magento/module-bundle->magento/module-catalog-inventory->magento/module-quote->magento/module-shipping->magento/module-ups->magento/module-backend->magento/module-backup->magento/module-cron->magento/module-store->magento/module-catalog
magento/module-catalog->magento/module-url-rewrite->magento/module-backend->magento/module-backup->magento/module-cron->magento/module-store->magento/module-catalog
magento/module-catalog->magento/module-asynchronous-operations->magento/module-ui->magento/module-eav->magento/module-config->magento/module-deploy->magento/module-user->magento/module-email->magento/module-variable->magento/module-backend->magento/module-backup->magento/module-cron->magento/module-store->magento/module-catalog
magento/module-catalog->magento/module-asynchronous-operations->magento/module-ui->magento/module-eav->magento/module-config->magento/module-deploy->magento/module-user->magento/module-email->magento/module-cms->magento/module-media-storage->magento/module-theme->magento/module-customer->magento/module-quote->magento/module-payment->magento/module-vault->magento/module-checkout->magento/module-captcha->magento/module-backend->magento/module-backup->magento/module-cron->magento/module-store->magento/module-catalog
magento/module-catalog->magento/module-asynchronous-operations->magento/module-ui->magento/module-eav->magento/module-config->magento/module-deploy->magento/module-user->magento/module-email->magento/module-cms->magento/module-media-storage->magento/module-theme->magento/module-customer->magento/module-webapi->magento/module-authorization->magento/module-backend->magento/module-backup->magento/module-cron->magento/module-store->magento/module-catalog
magento/module-catalog->magento/module-widget->magento/module-backend->magento/module-backup->magento/module-cron->magento/module-store->magento/module-catalog
magento/module-catalog->magento/module-wishlist->magento/module-backend->magento/module-backup->magento/module-cron->magento/module-store->magento/module-catalog

magento/module-authorization,13
magento/module-authorization->magento/module-backend->magento/module-catalog->magento/module-authorization
magento/module-authorization->magento/module-backend->magento/module-backup->magento/module-cron->magento/module-store->magento/module-catalog->magento/module-asynchronous-operations->magento/module-authorization
magento/module-authorization->magento/module-backend->magento/module-backup->magento/module-cron->magento/module-store->magento/module-authorization
magento/module-authorization->magento/module-backend->magento/module-backup->magento/module-cron->magento/module-store->magento/module-catalog->magento/module-authorization
magento/module-authorization->magento/module-backend->magento/module-customer->magento/module-authorization
magento/module-authorization->magento/module-backend->magento/module-backup->magento/module-cron->magento/module-store->magento/module-config->magento/module-deploy->magento/module-user->magento/module-email->magento/module-cms->magento/module-media-storage->magento/module-theme->magento/module-customer->magento/module-checkout->magento/module-captcha->magento/module-sales->magento/module-bundle->magento/module-catalog-inventory->magento/module-quote->magento/module-shipping->magento/module-fedex->magento/module-catalog->magento/module-authorization
magento/module-authorization->magento/module-backend->magento/module-backup->magento/module-cron->magento/module-store->magento/module-catalog->magento/module-asynchronous-operations->magento/module-ui->magento/module-eav->magento/module-config->magento/module-deploy->magento/module-user->magento/module-integration->magento/module-authorization
magento/module-authorization->magento/module-backend->magento/module-backup->magento/module-cron->magento/module-store->magento/module-catalog->magento/module-product-alert->magento/module-asynchronous-operations->magento/module-authorization
magento/module-authorization->magento/module-backend->magento/module-quote->magento/module-authorization
magento/module-authorization->magento/module-backend->magento/module-sales->magento/module-authorization
magento/module-authorization->magento/module-backend->magento/module-ui->magento/module-authorization
magento/module-authorization->magento/module-backend->magento/module-user->magento/module-authorization
magento/module-authorization->magento/module-backend->magento/module-backup->magento/module-cron->magento/module-store->magento/module-catalog->magento/module-asynchronous-operations->magento/module-ui->magento/module-eav->magento/module-config->magento/module-deploy->magento/module-user->magento/module-email->magento/module-cms->magento/module-media-storage->magento/module-theme->magento/module-customer->magento/module-webapi->magento/module-authorization

magento/module-config,33
magento/module-config->magento/module-backend->magento/module-config
magento/module-config->magento/module-cron->magento/module-store->magento/module-catalog->magento/module-asynchronous-operations->magento/module-backend->magento/module-developer->magento/module-config
magento/module-config->magento/module-cron->magento/module-config
magento/module-config->magento/module-deploy->magento/module-config
magento/module-config->magento/module-directory->magento/module-backend->magento/module-developer->magento/module-config
magento/module-config->magento/module-email->magento/module-backend->magento/module-developer->magento/module-config
magento/module-config->magento/module-media-storage->magento/module-backend->magento/module-developer->magento/module-config
magento/module-config->magento/module-store->magento/module-config
magento/module-config->magento/module-deploy->magento/module-user->magento/module-email->magento/module-cms->magento/module-media-storage->magento/module-theme->magento/module-customer->magento/module-checkout->magento/module-captcha->magento/module-sales->magento/module-bundle->magento/module-backend->magento/module-backup->magento/module-cron->magento/module-store->magento/module-catalog->magento/module-asynchronous-operations->magento/module-ui->magento/module-eav->magento/module-config
magento/module-config->magento/module-deploy->magento/module-user->magento/module-email->magento/module-cms->magento/module-media-storage->magento/module-theme->magento/module-customer->magento/module-checkout->magento/module-captcha->magento/module-backend->magento/module-backup->magento/module-cron->magento/module-store->magento/module-catalog->magento/module-asynchronous-operations->magento/module-ui->magento/module-eav->magento/module-config
magento/module-config->magento/module-deploy->magento/module-user->magento/module-email->magento/module-cms->magento/module-media-storage->magento/module-theme->magento/module-customer->magento/module-checkout->magento/module-captcha->magento/module-sales->magento/module-bundle->magento/module-catalog-inventory->magento/module-quote->magento/module-shipping->magento/module-tax->magento/module-reports->magento/module-wishlist->magento/module-configurable-product->magento/module-backend->magento/module-backup->magento/module-cron->magento/module-store->magento/module-catalog->magento/module-asynchronous-operations->magento/module-ui->magento/module-eav->magento/module-config
magento/module-config->magento/module-deploy->magento/module-user->magento/module-email->magento/module-theme->magento/module-customer->magento/module-checkout->magento/module-captcha->magento/module-sales->magento/module-bundle->magento/module-catalog-inventory->magento/module-quote->magento/module-shipping->magento/module-contact->magento/module-cms->magento/module-backend->magento/module-backup->magento/module-cron->magento/module-store->magento/module-catalog->magento/module-asynchronous-operations->magento/module-ui->magento/module-eav->magento/module-config
magento/module-config->magento/module-backend->magento/module-developer->magento/module-config
magento/module-config->magento/module-deploy->magento/module-user->magento/module-email->magento/module-cms->magento/module-media-storage->magento/module-theme->magento/module-customer->magento/module-checkout->magento/module-captcha->magento/module-sales->magento/module-bundle->magento/module-catalog-inventory->magento/module-quote->magento/module-shipping->magento/module-tax->magento/module-reports->magento/module-downloadable->magento/module-backend->magento/module-backup->magento/module-cron->magento/module-store->magento/module-catalog->magento/module-asynchronous-operations->magento/module-ui->magento/module-eav->magento/module-config
magento/module-config->magento/module-email->magento/module-backend->magento/module-backup->magento/module-cron->magento/module-store->magento/module-catalog->magento/module-asynchronous-operations->magento/module-ui->magento/module-eav->magento/module-config
magento/module-config->magento/module-deploy->magento/module-user->magento/module-email->magento/module-cms->magento/module-media-storage->magento/module-theme->magento/module-customer->magento/module-checkout->magento/module-captcha->magento/module-sales->magento/module-bundle->magento/module-catalog-inventory->magento/module-quote->magento/module-shipping->magento/module-fedex->magento/module-catalog->magento/module-authorization->magento/module-backend->magento/module-backup->magento/module-cron->magento/module-store->magento/module-config
magento/module-config->magento/module-deploy->magento/module-user->magento/module-email->magento/module-cms->magento/module-media-storage->magento/module-theme->magento/module-customer->magento/module-checkout->magento/module-captcha->magento/module-sales->magento/module-gift-message->magento/module-backend->magento/module-backup->magento/module-cron->magento/module-store->magento/module-catalog->magento/module-asynchronous-operations->magento/module-ui->magento/module-eav->magento/module-config
magento/module-config->magento/module-deploy->magento/module-user->magento/module-email->magento/module-cms->magento/module-media-storage->magento/module-theme->magento/module-customer->magento/module-checkout->magento/module-captcha->magento/module-sales->magento/module-bundle->magento/module-catalog-inventory->magento/module-quote->magento/module-shipping->magento/module-tax->magento/module-reports->magento/module-wishlist->magento/module-grouped-product->magento/module-backend->magento/module-backup->magento/module-cron->magento/module-store->magento/module-catalog->magento/module-asynchronous-operations->magento/module-ui->magento/module-eav->magento/module-config
magento/module-config->magento/module-deploy->magento/module-user->magento/module-email->magento/module-cms->magento/module-media-storage->magento/module-theme->magento/module-customer->magento/module-checkout->magento/module-captcha->magento/module-sales->magento/module-bundle->magento/module-catalog-inventory->magento/module-quote->magento/module-shipping->magento/module-tax->magento/module-reports->magento/module-sales-rule->magento/module-catalog-rule->magento/module-import-export->magento/module-backend->magento/module-backup->magento/module-cron->magento/module-store->magento/module-catalog->magento/module-asynchronous-operations->magento/module-ui->magento/module-eav->magento/module-config
magento/module-config->magento/module-deploy->magento/module-user->magento/module-integration->magento/module-authorization->magento/module-backend->magento/module-backup->magento/module-cron->magento/module-store->magento/module-catalog->magento/module-asynchronous-operations->magento/module-ui->magento/module-eav->magento/module-config
magento/module-config->magento/module-deploy->magento/module-user->magento/module-email->magento/module-cms->magento/module-media-storage->magento/module-theme->magento/module-customer->magento/module-quote->magento/module-payment->magento/module-sales->magento/module-bundle->magento/module-gift-message->magento/module-multishipping->magento/module-checkout->magento/module-captcha->magento/module-backend->magento/module-backup->magento/module-cron->magento/module-store->magento/module-catalog->magento/module-asynchronous-operations->magento/module-ui->magento/module-eav->magento/module-config
magento/module-config->magento/module-deploy->magento/module-user->magento/module-email->magento/module-cms->magento/module-media-storage->magento/module-theme->magento/module-customer->magento/module-newsletter->magento/module-backend->magento/module-backup->magento/module-cron->magento/module-store->magento/module-catalog->magento/module-asynchronous-operations->magento/module-ui->magento/module-eav->magento/module-config
magento/module-config->magento/module-deploy->magento/module-user->magento/module-email->magento/module-cms->magento/module-media-storage->magento/module-theme->magento/module-customer->magento/module-checkout->magento/module-captcha->magento/module-sales->magento/module-bundle->magento/module-catalog-inventory->magento/module-quote->magento/module-shipping->magento/module-tax->magento/module-reports->magento/module-wishlist->magento/module-configurable-product->magento/module-product-video->magento/module-backend->magento/module-backup->magento/module-cron->magento/module-store->magento/module-catalog->magento/module-asynchronous-operations->magento/module-ui->magento/module-eav->magento/module-config
magento/module-config->magento/module-deploy->magento/module-user->magento/module-email->magento/module-cms->magento/module-media-storage->magento/module-theme->magento/module-customer->magento/module-checkout->magento/module-captcha->magento/module-sales->magento/module-bundle->magento/module-catalog-inventory->magento/module-quote->magento/module-shipping->magento/module-tax->magento/module-reports->magento/module-review->magento/module-backend->magento/module-backup->magento/module-cron->magento/module-store->magento/module-catalog->magento/module-asynchronous-operations->magento/module-ui->magento/module-eav->magento/module-config
magento/module-config->magento/module-deploy->magento/module-user->magento/module-email->magento/module-cms->magento/module-media-storage->magento/module-theme->magento/module-customer->magento/module-checkout->magento/module-captcha->magento/module-sales->magento/module-bundle->magento/module-catalog-inventory->magento/module-quote->magento/module-shipping->magento/module-tax->magento/module-reports->magento/module-wishlist->magento/module-rss->magento/module-backend->magento/module-backup->magento/module-cron->magento/module-store->magento/module-catalog->magento/module-asynchronous-operations->magento/module-ui->magento/module-eav->magento/module-config
magento/module-config->magento/module-deploy->magento/module-user->magento/module-email->magento/module-cms->magento/module-media-storage->magento/module-theme->magento/module-customer->magento/module-checkout->magento/module-captcha->magento/module-sales->magento/module-bundle->magento/module-catalog-inventory->magento/module-quote->magento/module-shipping->magento/module-tax->magento/module-reports->magento/module-sales-rule->magento/module-rule->magento/module-backend->magento/module-backup->magento/module-cron->magento/module-store->magento/module-catalog->magento/module-asynchronous-operations->magento/module-ui->magento/module-eav->magento/module-config
magento/module-config->magento/module-deploy->magento/module-user->magento/module-email->magento/module-cms->magento/module-media-storage->magento/module-theme->magento/module-customer->magento/module-checkout->magento/module-sales-rule->magento/module-backend->magento/module-backup->magento/module-cron->magento/module-store->magento/module-catalog->magento/module-asynchronous-operations->magento/module-ui->magento/module-eav->magento/module-config
magento/module-config->magento/module-backend->magento/module-security->magento/module-config
magento/module-config->magento/module-deploy->magento/module-user->magento/module-email->magento/module-cms->magento/module-media-storage->magento/module-theme->magento/module-customer->magento/module-checkout->magento/module-shipping->magento/module-backend->magento/module-backup->magento/module-cron->magento/module-store->magento/module-catalog->magento/module-asynchronous-operations->magento/module-ui->magento/module-eav->magento/module-config
magento/module-config->magento/module-deploy->magento/module-user->magento/module-email->magento/module-cms->magento/module-media-storage->magento/module-theme->magento/module-customer->magento/module-checkout->magento/module-captcha->magento/module-sales->magento/module-bundle->magento/module-catalog-inventory->magento/module-quote->magento/module-shipping->magento/module-ups->magento/module-backend->magento/module-backup->magento/module-cron->magento/module-store->magento/module-catalog->magento/module-asynchronous-operations->magento/module-ui->magento/module-eav->magento/module-config
magento/module-config->magento/module-deploy->magento/module-user->magento/module-email->magento/module-variable->magento/module-backend->magento/module-backup->magento/module-cron->magento/module-store->magento/module-catalog->magento/module-asynchronous-operations->magento/module-ui->magento/module-eav->magento/module-config
magento/module-config->magento/module-deploy->magento/module-user->magento/module-email->magento/module-cms->magento/module-media-storage->magento/module-theme->magento/module-customer->magento/module-quote->magento/module-payment->magento/module-vault->magento/module-checkout->magento/module-captcha->magento/module-backend->magento/module-backup->magento/module-cron->magento/module-store->magento/module-catalog->magento/module-asynchronous-operations->magento/module-ui->magento/module-eav->magento/module-config
magento/module-config->magento/module-deploy->magento/module-user->magento/module-email->magento/module-cms->magento/module-media-storage->magento/module-theme->magento/module-customer->magento/module-webapi->magento/module-authorization->magento/module-backend->magento/module-backup->magento/module-cron->magento/module-store->magento/module-catalog->magento/module-asynchronous-operations->magento/module-ui->magento/module-eav->magento/module-config

magento/module-cms,26
magento/module-cms->magento/module-backend->magento/module-cms
magento/module-cms->magento/module-catalog->magento/module-asynchronous-operations->magento/module-backend->magento/module-user->magento/module-email->magento/module-cms
magento/module-cms->magento/module-media-storage->magento/module-theme->magento/module-cms
magento/module-cms->magento/module-theme->magento/module-cms
magento/module-cms->magento/module-widget->magento/module-catalog->magento/module-cms
magento/module-cms->magento/module-media-storage->magento/module-theme->magento/module-customer->magento/module-checkout->magento/module-captcha->magento/module-sales->magento/module-bundle->magento/module-backend->magento/module-backup->magento/module-cron->magento/module-store->magento/module-catalog->magento/module-asynchronous-operations->magento/module-ui->magento/module-eav->magento/module-config->magento/module-deploy->magento/module-user->magento/module-email->magento/module-cms
magento/module-cms->magento/module-media-storage->magento/module-theme->magento/module-customer->magento/module-checkout->magento/module-captcha->magento/module-backend->magento/module-backup->magento/module-cron->magento/module-store->magento/module-catalog->magento/module-asynchronous-operations->magento/module-ui->magento/module-eav->magento/module-config->magento/module-deploy->magento/module-user->magento/module-email->magento/module-cms
magento/module-cms->magento/module-backend->magento/module-backup->magento/module-cron->magento/module-store->magento/module-catalog->magento/module-catalog-url-rewrite->magento/module-url-rewrite->magento/module-cms-url-rewrite->magento/module-cms
magento/module-cms->magento/module-media-storage->magento/module-theme->magento/module-customer->magento/module-checkout->magento/module-captcha->magento/module-sales->magento/module-bundle->magento/module-catalog-inventory->magento/module-quote->magento/module-shipping->magento/module-tax->magento/module-reports->magento/module-wishlist->magento/module-configurable-product->magento/module-backend->magento/module-backup->magento/module-cron->magento/module-store->magento/module-catalog->magento/module-asynchronous-operations->magento/module-ui->magento/module-eav->magento/module-config->magento/module-deploy->magento/module-user->magento/module-email->magento/module-cms
magento/module-cms->magento/module-backend->magento/module-backup->magento/module-cron->magento/module-store->magento/module-catalog->magento/module-asynchronous-operations->magento/module-ui->magento/module-eav->magento/module-config->magento/module-deploy->magento/module-user->magento/module-email->magento/module-theme->magento/module-customer->magento/module-checkout->magento/module-captcha->magento/module-sales->magento/module-bundle->magento/module-catalog-inventory->magento/module-quote->magento/module-shipping->magento/module-contact->magento/module-cms
magento/module-cms->magento/module-media-storage->magento/module-theme->magento/module-customer->magento/module-checkout->magento/module-captcha->magento/module-sales->magento/module-bundle->magento/module-catalog-inventory->magento/module-quote->magento/module-shipping->magento/module-tax->magento/module-reports->magento/module-downloadable->magento/module-backend->magento/module-backup->magento/module-cron->magento/module-store->magento/module-catalog->magento/module-asynchronous-operations->magento/module-ui->magento/module-eav->magento/module-config->magento/module-deploy->magento/module-user->magento/module-email->magento/module-cms
magento/module-cms->magento/module-media-storage->magento/module-theme->magento/module-customer->magento/module-checkout->magento/module-captcha->magento/module-sales->magento/module-bundle->magento/module-catalog-inventory->magento/module-quote->magento/module-shipping->magento/module-fedex->magento/module-catalog->magento/module-authorization->magento/module-backend->magento/module-backup->magento/module-cron->magento/module-store->magento/module-config->magento/module-deploy->magento/module-user->magento/module-email->magento/module-cms
magento/module-cms->magento/module-media-storage->magento/module-theme->magento/module-customer->magento/module-checkout->magento/module-captcha->magento/module-sales->magento/module-gift-message->magento/module-backend->magento/module-backup->magento/module-cron->magento/module-store->magento/module-catalog->magento/module-asynchronous-operations->magento/module-ui->magento/module-eav->magento/module-config->magento/module-deploy->magento/module-user->magento/module-email->magento/module-cms
magento/module-cms->magento/module-media-storage->magento/module-theme->magento/module-customer->magento/module-checkout->magento/module-captcha->magento/module-sales->magento/module-bundle->magento/module-catalog-inventory->magento/module-quote->magento/module-shipping->magento/module-tax->magento/module-reports->magento/module-wishlist->magento/module-grouped-product->magento/module-backend->magento/module-backup->magento/module-cron->magento/module-store->magento/module-catalog->magento/module-asynchronous-operations->magento/module-ui->magento/module-eav->magento/module-config->magento/module-deploy->magento/module-user->magento/module-email->magento/module-cms
magento/module-cms->magento/module-media-storage->magento/module-theme->magento/module-customer->magento/module-checkout->magento/module-captcha->magento/module-sales->magento/module-bundle->magento/module-catalog-inventory->magento/module-quote->magento/module-shipping->magento/module-tax->magento/module-reports->magento/module-sales-rule->magento/module-catalog-rule->magento/module-import-export->magento/module-backend->magento/module-backup->magento/module-cron->magento/module-store->magento/module-catalog->magento/module-asynchronous-operations->magento/module-ui->magento/module-eav->magento/module-config->magento/module-deploy->magento/module-user->magento/module-email->magento/module-cms
magento/module-cms->magento/module-media-storage->magento/module-theme->magento/module-customer->magento/module-quote->magento/module-payment->magento/module-sales->magento/module-bundle->magento/module-gift-message->magento/module-multishipping->magento/module-checkout->magento/module-captcha->magento/module-backend->magento/module-backup->magento/module-cron->magento/module-store->magento/module-catalog->magento/module-asynchronous-operations->magento/module-ui->magento/module-eav->magento/module-config->magento/module-deploy->magento/module-user->magento/module-email->magento/module-cms
magento/module-cms->magento/module-media-storage->magento/module-theme->magento/module-customer->magento/module-newsletter->magento/module-backend->magento/module-backup->magento/module-cron->magento/module-store->magento/module-catalog->magento/module-asynchronous-operations->magento/module-ui->magento/module-eav->magento/module-config->magento/module-deploy->magento/module-user->magento/module-email->magento/module-cms
magento/module-cms->magento/module-media-storage->magento/module-theme->magento/module-customer->magento/module-checkout->magento/module-captcha->magento/module-sales->magento/module-bundle->magento/module-catalog-inventory->magento/module-quote->magento/module-shipping->magento/module-tax->magento/module-reports->magento/module-wishlist->magento/module-configurable-product->magento/module-product-video->magento/module-backend->magento/module-backup->magento/module-cron->magento/module-store->magento/module-catalog->magento/module-asynchronous-operations->magento/module-ui->magento/module-eav->magento/module-config->magento/module-deploy->magento/module-user->magento/module-email->magento/module-cms
magento/module-cms->magento/module-media-storage->magento/module-theme->magento/module-customer->magento/module-checkout->magento/module-captcha->magento/module-sales->magento/module-bundle->magento/module-catalog-inventory->magento/module-quote->magento/module-shipping->magento/module-tax->magento/module-reports->magento/module-review->magento/module-backend->magento/module-backup->magento/module-cron->magento/module-store->magento/module-catalog->magento/module-asynchronous-operations->magento/module-ui->magento/module-eav->magento/module-config->magento/module-deploy->magento/module-user->magento/module-email->magento/module-cms
magento/module-cms->magento/module-media-storage->magento/module-theme->magento/module-customer->magento/module-checkout->magento/module-captcha->magento/module-sales->magento/module-bundle->magento/module-catalog-inventory->magento/module-quote->magento/module-shipping->magento/module-tax->magento/module-reports->magento/module-wishlist->magento/module-rss->magento/module-backend->magento/module-backup->magento/module-cron->magento/module-store->magento/module-catalog->magento/module-asynchronous-operations->magento/module-ui->magento/module-eav->magento/module-config->magento/module-deploy->magento/module-user->magento/module-email->magento/module-cms
magento/module-cms->magento/module-media-storage->magento/module-theme->magento/module-customer->magento/module-checkout->magento/module-captcha->magento/module-sales->magento/module-bundle->magento/module-catalog-inventory->magento/module-quote->magento/module-shipping->magento/module-tax->magento/module-reports->magento/module-sales-rule->magento/module-rule->magento/module-backend->magento/module-backup->magento/module-cron->magento/module-store->magento/module-catalog->magento/module-asynchronous-operations->magento/module-ui->magento/module-eav->magento/module-config->magento/module-deploy->magento/module-user->magento/module-email->magento/module-cms
magento/module-cms->magento/module-media-storage->magento/module-theme->magento/module-customer->magento/module-checkout->magento/module-sales-rule->magento/module-backend->magento/module-backup->magento/module-cron->magento/module-store->magento/module-catalog->magento/module-asynchronous-operations->magento/module-ui->magento/module-eav->magento/module-config->magento/module-deploy->magento/module-user->magento/module-email->magento/module-cms
magento/module-cms->magento/module-media-storage->magento/module-theme->magento/module-customer->magento/module-checkout->magento/module-shipping->magento/module-backend->magento/module-backup->magento/module-cron->magento/module-store->magento/module-catalog->magento/module-asynchronous-operations->magento/module-ui->magento/module-eav->magento/module-config->magento/module-deploy->magento/module-user->magento/module-email->magento/module-cms
magento/module-cms->magento/module-media-storage->magento/module-theme->magento/module-customer->magento/module-checkout->magento/module-captcha->magento/module-sales->magento/module-bundle->magento/module-catalog-inventory->magento/module-quote->magento/module-shipping->magento/module-ups->magento/module-backend->magento/module-backup->magento/module-cron->magento/module-store->magento/module-catalog->magento/module-asynchronous-operations->magento/module-ui->magento/module-eav->magento/module-config->magento/module-deploy->magento/module-user->magento/module-email->magento/module-cms
magento/module-cms->magento/module-media-storage->magento/module-theme->magento/module-customer->magento/module-quote->magento/module-payment->magento/module-vault->magento/module-checkout->magento/module-captcha->magento/module-backend->magento/module-backup->magento/module-cron->magento/module-store->magento/module-catalog->magento/module-asynchronous-operations->magento/module-ui->magento/module-eav->magento/module-config->magento/module-deploy->magento/module-user->magento/module-email->magento/module-cms
magento/module-cms->magento/module-media-storage->magento/module-theme->magento/module-customer->magento/module-webapi->magento/module-authorization->magento/module-backend->magento/module-backup->magento/module-cron->magento/module-store->magento/module-catalog->magento/module-asynchronous-operations->magento/module-ui->magento/module-eav->magento/module-config->magento/module-deploy->magento/module-user->magento/module-email->magento/module-cms

magento/module-customer,36
magento/module-customer->magento/module-backend->magento/module-customer
magento/module-customer->magento/module-catalog->magento/module-asynchronous-operations->magento/module-backend->magento/module-developer->magento/module-store->magento/module-customer
magento/module-customer->magento/module-checkout->magento/module-captcha->magento/module-backend->magento/module-theme->magento/module-customer
magento/module-customer->magento/module-checkout->magento/module-catalog->magento/module-asynchronous-operations->magento/module-backend->magento/module-theme->magento/module-customer
magento/module-customer->magento/module-eav->magento/module-media-storage->magento/module-asynchronous-operations->magento/module-backend->magento/module-theme->magento/module-customer
magento/module-customer->magento/module-integration->magento/module-customer
magento/module-customer->magento/module-newsletter->magento/module-backend->magento/module-theme->magento/module-customer
magento/module-customer->magento/module-page-cache->magento/module-backend->magento/module-theme->magento/module-customer
magento/module-customer->magento/module-quote->magento/module-catalog->magento/module-asynchronous-operations->magento/module-backend->magento/module-theme->magento/module-customer
magento/module-customer->magento/module-sales->magento/module-catalog->magento/module-asynchronous-operations->magento/module-backend->magento/module-theme->magento/module-customer
magento/module-customer->magento/module-tax->magento/module-backend->magento/module-theme->magento/module-customer
magento/module-customer->magento/module-theme->magento/module-customer
magento/module-customer->magento/module-wishlist->magento/module-catalog->magento/module-checkout->magento/module-catalog-inventory->magento/module-customer
magento/module-customer->magento/module-webapi->magento/module-integration->magento/module-security->magento/module-customer
magento/module-customer->magento/module-webapi->magento/module-customer
magento/module-customer->magento/module-checkout->magento/module-captcha->magento/module-sales->magento/module-bundle->magento/module-backend->magento/module-backup->magento/module-cron->magento/module-store->magento/module-catalog->magento/module-asynchronous-operations->magento/module-ui->magento/module-eav->magento/module-config->magento/module-deploy->magento/module-user->magento/module-email->magento/module-cms->magento/module-media-storage->magento/module-theme->magento/module-customer
magento/module-customer->magento/module-checkout->magento/module-captcha->magento/module-backend->magento/module-backup->magento/module-cron->magento/module-store->magento/module-catalog->magento/module-asynchronous-operations->magento/module-ui->magento/module-eav->magento/module-config->magento/module-deploy->magento/module-user->magento/module-email->magento/module-cms->magento/module-media-storage->magento/module-theme->magento/module-customer
magento/module-customer->magento/module-checkout->magento/module-captcha->magento/module-sales->magento/module-bundle->magento/module-catalog-inventory->magento/module-quote->magento/module-shipping->magento/module-tax->magento/module-reports->magento/module-wishlist->magento/module-configurable-product->magento/module-backend->magento/module-backup->magento/module-cron->magento/module-store->magento/module-catalog->magento/module-asynchronous-operations->magento/module-ui->magento/module-eav->magento/module-config->magento/module-deploy->magento/module-user->magento/module-email->magento/module-cms->magento/module-media-storage->magento/module-theme->magento/module-customer
magento/module-customer->magento/module-checkout->magento/module-captcha->magento/module-sales->magento/module-bundle->magento/module-catalog-inventory->magento/module-quote->magento/module-shipping->magento/module-contact->magento/module-cms->magento/module-backend->magento/module-backup->magento/module-cron->magento/module-store->magento/module-catalog->magento/module-asynchronous-operations->magento/module-ui->magento/module-eav->magento/module-config->magento/module-deploy->magento/module-user->magento/module-email->magento/module-theme->magento/module-customer
magento/module-customer->magento/module-authorization->magento/module-backend->magento/module-customer
magento/module-customer->magento/module-checkout->magento/module-captcha->magento/module-sales->magento/module-bundle->magento/module-catalog-inventory->magento/module-quote->magento/module-shipping->magento/module-tax->magento/module-reports->magento/module-downloadable->magento/module-backend->magento/module-backup->magento/module-cron->magento/module-store->magento/module-catalog->magento/module-asynchronous-operations->magento/module-ui->magento/module-eav->magento/module-config->magento/module-deploy->magento/module-user->magento/module-email->magento/module-cms->magento/module-media-storage->magento/module-theme->magento/module-customer
magento/module-customer->magento/module-checkout->magento/module-captcha->magento/module-sales->magento/module-bundle->magento/module-catalog-inventory->magento/module-quote->magento/module-shipping->magento/module-fedex->magento/module-catalog->magento/module-authorization->magento/module-backend->magento/module-backup->magento/module-cron->magento/module-store->magento/module-config->magento/module-deploy->magento/module-user->magento/module-email->magento/module-cms->magento/module-media-storage->magento/module-theme->magento/module-customer
magento/module-customer->magento/module-checkout->magento/module-captcha->magento/module-sales->magento/module-gift-message->magento/module-backend->magento/module-backup->magento/module-cron->magento/module-store->magento/module-catalog->magento/module-asynchronous-operations->magento/module-ui->magento/module-eav->magento/module-config->magento/module-deploy->magento/module-user->magento/module-email->magento/module-cms->magento/module-media-storage->magento/module-theme->magento/module-customer
magento/module-customer->magento/module-checkout->magento/module-captcha->magento/module-sales->magento/module-bundle->magento/module-catalog-inventory->magento/module-quote->magento/module-shipping->magento/module-tax->magento/module-reports->magento/module-wishlist->magento/module-grouped-product->magento/module-backend->magento/module-backup->magento/module-cron->magento/module-store->magento/module-catalog->magento/module-asynchronous-operations->magento/module-ui->magento/module-eav->magento/module-config->magento/module-deploy->magento/module-user->magento/module-email->magento/module-cms->magento/module-media-storage->magento/module-theme->magento/module-customer
magento/module-customer->magento/module-checkout->magento/module-captcha->magento/module-sales->magento/module-bundle->magento/module-catalog-inventory->magento/module-quote->magento/module-shipping->magento/module-tax->magento/module-reports->magento/module-sales-rule->magento/module-catalog-rule->magento/module-import-export->magento/module-backend->magento/module-backup->magento/module-cron->magento/module-store->magento/module-catalog->magento/module-asynchronous-operations->magento/module-ui->magento/module-eav->magento/module-config->magento/module-deploy->magento/module-user->magento/module-email->magento/module-cms->magento/module-media-storage->magento/module-theme->magento/module-customer
magento/module-customer->magento/module-quote->magento/module-payment->magento/module-sales->magento/module-bundle->magento/module-gift-message->magento/module-multishipping->magento/module-checkout->magento/module-captcha->magento/module-backend->magento/module-backup->magento/module-cron->magento/module-store->magento/module-catalog->magento/module-asynchronous-operations->magento/module-ui->magento/module-eav->magento/module-config->magento/module-deploy->magento/module-user->magento/module-email->magento/module-cms->magento/module-media-storage->magento/module-theme->magento/module-customer
magento/module-customer->magento/module-newsletter->magento/module-backend->magento/module-backup->magento/module-cron->magento/module-store->magento/module-catalog->magento/module-asynchronous-operations->magento/module-ui->magento/module-eav->magento/module-config->magento/module-deploy->magento/module-user->magento/module-email->magento/module-cms->magento/module-media-storage->magento/module-theme->magento/module-customer
magento/module-customer->magento/module-checkout->magento/module-captcha->magento/module-sales->magento/module-bundle->magento/module-catalog-inventory->magento/module-quote->magento/module-shipping->magento/module-tax->magento/module-reports->magento/module-wishlist->magento/module-configurable-product->magento/module-product-video->magento/module-backend->magento/module-backup->magento/module-cron->magento/module-store->magento/module-catalog->magento/module-asynchronous-operations->magento/module-ui->magento/module-eav->magento/module-config->magento/module-deploy->magento/module-user->magento/module-email->magento/module-cms->magento/module-media-storage->magento/module-theme->magento/module-customer
magento/module-customer->magento/module-checkout->magento/module-captcha->magento/module-sales->magento/module-bundle->magento/module-catalog-inventory->magento/module-quote->magento/module-shipping->magento/module-tax->magento/module-reports->magento/module-review->magento/module-backend->magento/module-backup->magento/module-cron->magento/module-store->magento/module-catalog->magento/module-asynchronous-operations->magento/module-ui->magento/module-eav->magento/module-config->magento/module-deploy->magento/module-user->magento/module-email->magento/module-cms->magento/module-media-storage->magento/module-theme->magento/module-customer
magento/module-customer->magento/module-checkout->magento/module-captcha->magento/module-sales->magento/module-bundle->magento/module-catalog-inventory->magento/module-quote->magento/module-shipping->magento/module-tax->magento/module-reports->magento/module-wishlist->magento/module-rss->magento/module-backend->magento/module-backup->magento/module-cron->magento/module-store->magento/module-catalog->magento/module-asynchronous-operations->magento/module-ui->magento/module-eav->magento/module-config->magento/module-deploy->magento/module-user->magento/module-email->magento/module-cms->magento/module-media-storage->magento/module-theme->magento/module-customer
magento/module-customer->magento/module-checkout->magento/module-captcha->magento/module-sales->magento/module-bundle->magento/module-catalog-inventory->magento/module-quote->magento/module-shipping->magento/module-tax->magento/module-reports->magento/module-sales-rule->magento/module-rule->magento/module-backend->magento/module-backup->magento/module-cron->magento/module-store->magento/module-catalog->magento/module-asynchronous-operations->magento/module-ui->magento/module-eav->magento/module-config->magento/module-deploy->magento/module-user->magento/module-email->magento/module-cms->magento/module-media-storage->magento/module-theme->magento/module-customer
magento/module-customer->magento/module-checkout->magento/module-sales-rule->magento/module-backend->magento/module-backup->magento/module-cron->magento/module-store->magento/module-catalog->magento/module-asynchronous-operations->magento/module-ui->magento/module-eav->magento/module-config->magento/module-deploy->magento/module-user->magento/module-email->magento/module-cms->magento/module-media-storage->magento/module-theme->magento/module-customer
magento/module-customer->magento/module-checkout->magento/module-shipping->magento/module-backend->magento/module-backup->magento/module-cron->magento/module-store->magento/module-catalog->magento/module-asynchronous-operations->magento/module-ui->magento/module-eav->magento/module-config->magento/module-deploy->magento/module-user->magento/module-email->magento/module-cms->magento/module-media-storage->magento/module-theme->magento/module-customer
magento/module-customer->magento/module-checkout->magento/module-captcha->magento/module-sales->magento/module-bundle->magento/module-catalog-inventory->magento/module-quote->magento/module-shipping->magento/module-ups->magento/module-backend->magento/module-backup->magento/module-cron->magento/module-store->magento/module-catalog->magento/module-asynchronous-operations->magento/module-ui->magento/module-eav->magento/module-config->magento/module-deploy->magento/module-user->magento/module-email->magento/module-cms->magento/module-media-storage->magento/module-theme->magento/module-customer
magento/module-customer->magento/module-quote->magento/module-payment->magento/module-vault->magento/module-checkout->magento/module-captcha->magento/module-backend->magento/module-backup->magento/module-cron->magento/module-store->magento/module-catalog->magento/module-asynchronous-operations->magento/module-ui->magento/module-eav->magento/module-config->magento/module-deploy->magento/module-user->magento/module-email->magento/module-cms->magento/module-media-storage->magento/module-theme->magento/module-customer
magento/module-customer->magento/module-webapi->magento/module-authorization->magento/module-backend->magento/module-backup->magento/module-cron->magento/module-store->magento/module-catalog->magento/module-asynchronous-operations->magento/module-ui->magento/module-eav->magento/module-config->magento/module-deploy->magento/module-user->magento/module-email->magento/module-cms->magento/module-media-storage->magento/module-theme->magento/module-customer

magento/module-asynchronous-operations,34
magento/module-asynchronous-operations->magento/module-backend->magento/module-developer->magento/module-config->magento/module-cron->magento/module-store->magento/module-catalog->magento/module-asynchronous-operations
magento/module-asynchronous-operations->magento/module-backend->magento/module-developer->magento/module-store->magento/module-customer->magento/module-catalog->magento/module-asynchronous-operations
magento/module-asynchronous-operations->magento/module-backend->magento/module-ui->magento/module-eav->magento/module-catalog->magento/module-asynchronous-operations
magento/module-asynchronous-operations->magento/module-backend->magento/module-user->magento/module-email->magento/module-cms->magento/module-catalog->magento/module-asynchronous-operations
magento/module-asynchronous-operations->magento/module-backend->magento/module-user->magento/module-email->magento/module-media-storage->magento/module-catalog->magento/module-asynchronous-operations
magento/module-asynchronous-operations->magento/module-backend->magento/module-theme->magento/module-customer->magento/module-checkout->magento/module-catalog->magento/module-asynchronous-operations
magento/module-asynchronous-operations->magento/module-backend->magento/module-theme->magento/module-customer->magento/module-eav->magento/module-media-storage->magento/module-asynchronous-operations
magento/module-asynchronous-operations->magento/module-backend->magento/module-theme->magento/module-customer->magento/module-quote->magento/module-catalog->magento/module-asynchronous-operations
magento/module-asynchronous-operations->magento/module-backend->magento/module-theme->magento/module-customer->magento/module-sales->magento/module-catalog->magento/module-asynchronous-operations
magento/module-asynchronous-operations->magento/module-admin-notification->magento/module-backend->magento/module-backup->magento/module-cron->magento/module-store->magento/module-catalog->magento/module-asynchronous-operations
magento/module-asynchronous-operations->magento/module-authorization->magento/module-backend->magento/module-backup->magento/module-cron->magento/module-store->magento/module-catalog->magento/module-asynchronous-operations
magento/module-asynchronous-operations->magento/module-ui->magento/module-eav->magento/module-config->magento/module-deploy->magento/module-user->magento/module-email->magento/module-cms->magento/module-media-storage->magento/module-theme->magento/module-customer->magento/module-checkout->magento/module-captcha->magento/module-sales->magento/module-bundle->magento/module-backend->magento/module-backup->magento/module-cron->magento/module-store->magento/module-catalog->magento/module-asynchronous-operations
magento/module-asynchronous-operations->magento/module-ui->magento/module-eav->magento/module-config->magento/module-deploy->magento/module-user->magento/module-email->magento/module-cms->magento/module-media-storage->magento/module-theme->magento/module-customer->magento/module-checkout->magento/module-captcha->magento/module-backend->magento/module-backup->magento/module-cron->magento/module-store->magento/module-catalog->magento/module-asynchronous-operations
magento/module-asynchronous-operations->magento/module-ui->magento/module-eav->magento/module-config->magento/module-deploy->magento/module-user->magento/module-email->magento/module-cms->magento/module-media-storage->magento/module-theme->magento/module-customer->magento/module-checkout->magento/module-captcha->magento/module-sales->magento/module-bundle->magento/module-catalog-inventory->magento/module-quote->magento/module-shipping->magento/module-tax->magento/module-reports->magento/module-wishlist->magento/module-configurable-product->magento/module-backend->magento/module-backup->magento/module-cron->magento/module-store->magento/module-catalog->magento/module-asynchronous-operations
magento/module-asynchronous-operations->magento/module-ui->magento/module-eav->magento/module-config->magento/module-deploy->magento/module-user->magento/module-email->magento/module-theme->magento/module-customer->magento/module-checkout->magento/module-captcha->magento/module-sales->magento/module-bundle->magento/module-catalog-inventory->magento/module-quote->magento/module-shipping->magento/module-contact->magento/module-cms->magento/module-backend->magento/module-backup->magento/module-cron->magento/module-store->magento/module-catalog->magento/module-asynchronous-operations
magento/module-asynchronous-operations->magento/module-ui->magento/module-eav->magento/module-config->magento/module-deploy->magento/module-user->magento/module-email->magento/module-cms->magento/module-media-storage->magento/module-theme->magento/module-customer->magento/module-checkout->magento/module-captcha->magento/module-sales->magento/module-bundle->magento/module-catalog-inventory->magento/module-quote->magento/module-shipping->magento/module-tax->magento/module-reports->magento/module-downloadable->magento/module-backend->magento/module-backup->magento/module-cron->magento/module-store->magento/module-catalog->magento/module-asynchronous-operations
magento/module-asynchronous-operations->magento/module-ui->magento/module-eav->magento/module-config->magento/module-email->magento/module-backend->magento/module-backup->magento/module-cron->magento/module-store->magento/module-catalog->magento/module-asynchronous-operations
magento/module-asynchronous-operations->magento/module-ui->magento/module-eav->magento/module-config->magento/module-deploy->magento/module-user->magento/module-email->magento/module-cms->magento/module-media-storage->magento/module-theme->magento/module-customer->magento/module-checkout->magento/module-captcha->magento/module-sales->magento/module-gift-message->magento/module-backend->magento/module-backup->magento/module-cron->magento/module-store->magento/module-catalog->magento/module-asynchronous-operations
magento/module-asynchronous-operations->magento/module-ui->magento/module-eav->magento/module-config->magento/module-deploy->magento/module-user->magento/module-email->magento/module-cms->magento/module-media-storage->magento/module-theme->magento/module-customer->magento/module-checkout->magento/module-captcha->magento/module-sales->magento/module-bundle->magento/module-catalog-inventory->magento/module-quote->magento/module-shipping->magento/module-tax->magento/module-reports->magento/module-wishlist->magento/module-grouped-product->magento/module-backend->magento/module-backup->magento/module-cron->magento/module-store->magento/module-catalog->magento/module-asynchronous-operations
magento/module-asynchronous-operations->magento/module-ui->magento/module-eav->magento/module-config->magento/module-deploy->magento/module-user->magento/module-email->magento/module-cms->magento/module-media-storage->magento/module-theme->magento/module-customer->magento/module-checkout->magento/module-captcha->magento/module-sales->magento/module-bundle->magento/module-catalog-inventory->magento/module-quote->magento/module-shipping->magento/module-tax->magento/module-reports->magento/module-sales-rule->magento/module-catalog-rule->magento/module-import-export->magento/module-backend->magento/module-backup->magento/module-cron->magento/module-store->magento/module-catalog->magento/module-asynchronous-operations
magento/module-asynchronous-operations->magento/module-ui->magento/module-eav->magento/module-config->magento/module-deploy->magento/module-user->magento/module-integration->magento/module-authorization->magento/module-backend->magento/module-backup->magento/module-cron->magento/module-store->magento/module-catalog->magento/module-asynchronous-operations
magento/module-asynchronous-operations->magento/module-ui->magento/module-eav->magento/module-config->magento/module-deploy->magento/module-user->magento/module-email->magento/module-cms->magento/module-media-storage->magento/module-theme->magento/module-customer->magento/module-quote->magento/module-payment->magento/module-sales->magento/module-bundle->magento/module-gift-message->magento/module-multishipping->magento/module-checkout->magento/module-captcha->magento/module-backend->magento/module-backup->magento/module-cron->magento/module-store->magento/module-catalog->magento/module-asynchronous-operations
magento/module-asynchronous-operations->magento/module-ui->magento/module-eav->magento/module-config->magento/module-deploy->magento/module-user->magento/module-email->magento/module-cms->magento/module-media-storage->magento/module-theme->magento/module-customer->magento/module-newsletter->magento/module-backend->magento/module-backup->magento/module-cron->magento/module-store->magento/module-catalog->magento/module-asynchronous-operations
magento/module-asynchronous-operations->magento/module-authorization->magento/module-backend->magento/module-backup->magento/module-cron->magento/module-store->magento/module-catalog->magento/module-product-alert->magento/module-asynchronous-operations
magento/module-asynchronous-operations->magento/module-ui->magento/module-eav->magento/module-config->magento/module-deploy->magento/module-user->magento/module-email->magento/module-cms->magento/module-media-storage->magento/module-theme->magento/module-customer->magento/module-checkout->magento/module-captcha->magento/module-sales->magento/module-bundle->magento/module-catalog-inventory->magento/module-quote->magento/module-shipping->magento/module-tax->magento/module-reports->magento/module-wishlist->magento/module-configurable-product->magento/module-product-video->magento/module-backend->magento/module-backup->magento/module-cron->magento/module-store->magento/module-catalog->magento/module-asynchronous-operations
magento/module-asynchronous-operations->magento/module-ui->magento/module-eav->magento/module-config->magento/module-deploy->magento/module-user->magento/module-email->magento/module-cms->magento/module-media-storage->magento/module-theme->magento/module-customer->magento/module-checkout->magento/module-captcha->magento/module-sales->magento/module-bundle->magento/module-catalog-inventory->magento/module-quote->magento/module-shipping->magento/module-tax->magento/module-reports->magento/module-review->magento/module-backend->magento/module-backup->magento/module-cron->magento/module-store->magento/module-catalog->magento/module-asynchronous-operations
magento/module-asynchronous-operations->magento/module-ui->magento/module-eav->magento/module-config->magento/module-deploy->magento/module-user->magento/module-email->magento/module-cms->magento/module-media-storage->magento/module-theme->magento/module-customer->magento/module-checkout->magento/module-captcha->magento/module-sales->magento/module-bundle->magento/module-catalog-inventory->magento/module-quote->magento/module-shipping->magento/module-tax->magento/module-reports->magento/module-wishlist->magento/module-rss->magento/module-backend->magento/module-backup->magento/module-cron->magento/module-store->magento/module-catalog->magento/module-asynchronous-operations
magento/module-asynchronous-operations->magento/module-ui->magento/module-eav->magento/module-config->magento/module-deploy->magento/module-user->magento/module-email->magento/module-cms->magento/module-media-storage->magento/module-theme->magento/module-customer->magento/module-checkout->magento/module-captcha->magento/module-sales->magento/module-bundle->magento/module-catalog-inventory->magento/module-quote->magento/module-shipping->magento/module-tax->magento/module-reports->magento/module-sales-rule->magento/module-rule->magento/module-backend->magento/module-backup->magento/module-cron->magento/module-store->magento/module-catalog->magento/module-asynchronous-operations
magento/module-asynchronous-operations->magento/module-ui->magento/module-eav->magento/module-config->magento/module-deploy->magento/module-user->magento/module-email->magento/module-cms->magento/module-media-storage->magento/module-theme->magento/module-customer->magento/module-checkout->magento/module-sales-rule->magento/module-backend->magento/module-backup->magento/module-cron->magento/module-store->magento/module-catalog->magento/module-asynchronous-operations
magento/module-asynchronous-operations->magento/module-ui->magento/module-eav->magento/module-config->magento/module-deploy->magento/module-user->magento/module-email->magento/module-cms->magento/module-media-storage->magento/module-theme->magento/module-customer->magento/module-checkout->magento/module-shipping->magento/module-backend->magento/module-backup->magento/module-cron->magento/module-store->magento/module-catalog->magento/module-asynchronous-operations
magento/module-asynchronous-operations->magento/module-ui->magento/module-eav->magento/module-config->magento/module-deploy->magento/module-user->magento/module-email->magento/module-cms->magento/module-media-storage->magento/module-theme->magento/module-customer->magento/module-checkout->magento/module-captcha->magento/module-sales->magento/module-bundle->magento/module-catalog-inventory->magento/module-quote->magento/module-shipping->magento/module-ups->magento/module-backend->magento/module-backup->magento/module-cron->magento/module-store->magento/module-catalog->magento/module-asynchronous-operations
magento/module-asynchronous-operations->magento/module-ui->magento/module-eav->magento/module-config->magento/module-deploy->magento/module-user->magento/module-email->magento/module-variable->magento/module-backend->magento/module-backup->magento/module-cron->magento/module-store->magento/module-catalog->magento/module-asynchronous-operations
magento/module-asynchronous-operations->magento/module-ui->magento/module-eav->magento/module-config->magento/module-deploy->magento/module-user->magento/module-email->magento/module-cms->magento/module-media-storage->magento/module-theme->magento/module-customer->magento/module-quote->magento/module-payment->magento/module-vault->magento/module-checkout->magento/module-captcha->magento/module-backend->magento/module-backup->magento/module-cron->magento/module-store->magento/module-catalog->magento/module-asynchronous-operations
magento/module-asynchronous-operations->magento/module-ui->magento/module-eav->magento/module-config->magento/module-deploy->magento/module-user->magento/module-email->magento/module-cms->magento/module-media-storage->magento/module-theme->magento/module-customer->magento/module-webapi->magento/module-authorization->magento/module-backend->magento/module-backup->magento/module-cron->magento/module-store->magento/module-catalog->magento/module-asynchronous-operations

magento/module-developer,8
magento/module-developer->magento/module-config->magento/module-cron->magento/module-store->magento/module-catalog->magento/module-asynchronous-operations->magento/module-backend->magento/module-developer
magento/module-developer->magento/module-config->magento/module-directory->magento/module-backend->magento/module-developer
magento/module-developer->magento/module-config->magento/module-email->magento/module-backend->magento/module-developer
magento/module-developer->magento/module-config->magento/module-media-storage->magento/module-backend->magento/module-developer
magento/module-developer->magento/module-store->magento/module-ui->magento/module-backend->magento/module-developer
magento/module-developer->magento/module-store->magento/module-customer->magento/module-catalog->magento/module-asynchronous-operations->magento/module-backend->magento/module-developer
magento/module-developer->magento/module-store->magento/module-backend->magento/module-developer
magento/module-developer->magento/module-config->magento/module-backend->magento/module-developer

magento/module-cron,40
magento/module-cron->magento/module-store->magento/module-catalog->magento/module-asynchronous-operations->magento/module-backend->magento/module-developer->magento/module-config->magento/module-cron
magento/module-cron->magento/module-config->magento/module-cron
magento/module-cron->magento/module-store->magento/module-catalog->magento/module-asynchronous-operations->magento/module-admin-notification->magento/module-backend->magento/module-backup->magento/module-cron
magento/module-cron->magento/module-store->magento/module-catalog->magento/module-asynchronous-operations->magento/module-authorization->magento/module-backend->magento/module-backup->magento/module-cron
magento/module-cron->magento/module-store->magento/module-authorization->magento/module-backend->magento/module-backup->magento/module-cron
magento/module-cron->magento/module-store->magento/module-catalog->magento/module-asynchronous-operations->magento/module-ui->magento/module-eav->magento/module-config->magento/module-deploy->magento/module-user->magento/module-email->magento/module-cms->magento/module-media-storage->magento/module-theme->magento/module-customer->magento/module-checkout->magento/module-captcha->magento/module-sales->magento/module-bundle->magento/module-backend->magento/module-backup->magento/module-cron
magento/module-cron->magento/module-store->magento/module-catalog->magento/module-asynchronous-operations->magento/module-ui->magento/module-eav->magento/module-config->magento/module-deploy->magento/module-user->magento/module-email->magento/module-cms->magento/module-media-storage->magento/module-theme->magento/module-customer->magento/module-checkout->magento/module-captcha->magento/module-backend->magento/module-backup->magento/module-cron
magento/module-cron->magento/module-store->magento/module-catalog->magento/module-catalog-rule->magento/module-backend->magento/module-backup->magento/module-cron
magento/module-cron->magento/module-store->magento/module-catalog->magento/module-catalog-url-rewrite->magento/module-backend->magento/module-backup->magento/module-cron
magento/module-cron->magento/module-store->magento/module-catalog->magento/module-catalog-url-rewrite->magento/module-url-rewrite->magento/module-cms-url-rewrite->magento/module-cms->magento/module-backend->magento/module-backup->magento/module-cron
magento/module-cron->magento/module-store->magento/module-catalog->magento/module-asynchronous-operations->magento/module-ui->magento/module-eav->magento/module-config->magento/module-deploy->magento/module-user->magento/module-email->magento/module-cms->magento/module-media-storage->magento/module-theme->magento/module-customer->magento/module-checkout->magento/module-captcha->magento/module-sales->magento/module-bundle->magento/module-catalog-inventory->magento/module-quote->magento/module-shipping->magento/module-tax->magento/module-reports->magento/module-wishlist->magento/module-configurable-product->magento/module-backend->magento/module-backup->magento/module-cron
magento/module-cron->magento/module-store->magento/module-catalog->magento/module-asynchronous-operations->magento/module-ui->magento/module-eav->magento/module-config->magento/module-deploy->magento/module-user->magento/module-email->magento/module-theme->magento/module-customer->magento/module-checkout->magento/module-captcha->magento/module-sales->magento/module-bundle->magento/module-catalog-inventory->magento/module-quote->magento/module-shipping->magento/module-contact->magento/module-cms->magento/module-backend->magento/module-backup->magento/module-cron
magento/module-cron->magento/module-store->magento/module-catalog->magento/module-authorization->magento/module-backend->magento/module-backup->magento/module-cron
magento/module-cron->magento/module-store->magento/module-catalog->magento/module-asynchronous-operations->magento/module-ui->magento/module-eav->magento/module-config->magento/module-deploy->magento/module-user->magento/module-email->magento/module-cms->magento/module-media-storage->magento/module-theme->magento/module-customer->magento/module-checkout->magento/module-captcha->magento/module-sales->magento/module-bundle->magento/module-catalog-inventory->magento/module-quote->magento/module-shipping->magento/module-tax->magento/module-reports->magento/module-downloadable->magento/module-backend->magento/module-backup->magento/module-cron
magento/module-cron->magento/module-store->magento/module-catalog->magento/module-asynchronous-operations->magento/module-ui->magento/module-eav->magento/module-config->magento/module-email->magento/module-backend->magento/module-backup->magento/module-cron
magento/module-cron->magento/module-store->magento/module-config->magento/module-deploy->magento/module-user->magento/module-email->magento/module-cms->magento/module-media-storage->magento/module-theme->magento/module-customer->magento/module-checkout->magento/module-captcha->magento/module-sales->magento/module-bundle->magento/module-catalog-inventory->magento/module-quote->magento/module-shipping->magento/module-fedex->magento/module-catalog->magento/module-authorization->magento/module-backend->magento/module-backup->magento/module-cron
magento/module-cron->magento/module-store->magento/module-catalog->magento/module-asynchronous-operations->magento/module-ui->magento/module-eav->magento/module-config->magento/module-deploy->magento/module-user->magento/module-email->magento/module-cms->magento/module-media-storage->magento/module-theme->magento/module-customer->magento/module-checkout->magento/module-captcha->magento/module-sales->magento/module-gift-message->magento/module-backend->magento/module-backup->magento/module-cron
magento/module-cron->magento/module-store->magento/module-catalog->magento/module-asynchronous-operations->magento/module-ui->magento/module-eav->magento/module-config->magento/module-deploy->magento/module-user->magento/module-email->magento/module-cms->magento/module-media-storage->magento/module-theme->magento/module-customer->magento/module-checkout->magento/module-captcha->magento/module-sales->magento/module-bundle->magento/module-catalog-inventory->magento/module-quote->magento/module-shipping->magento/module-tax->magento/module-reports->magento/module-wishlist->magento/module-grouped-product->magento/module-backend->magento/module-backup->magento/module-cron
magento/module-cron->magento/module-store->magento/module-catalog->magento/module-asynchronous-operations->magento/module-ui->magento/module-eav->magento/module-config->magento/module-deploy->magento/module-user->magento/module-email->magento/module-cms->magento/module-media-storage->magento/module-theme->magento/module-customer->magento/module-checkout->magento/module-captcha->magento/module-sales->magento/module-bundle->magento/module-catalog-inventory->magento/module-quote->magento/module-shipping->magento/module-tax->magento/module-reports->magento/module-sales-rule->magento/module-catalog-rule->magento/module-import-export->magento/module-backend->magento/module-backup->magento/module-cron
magento/module-cron->magento/module-store->magento/module-catalog->magento/module-indexer->magento/module-backend->magento/module-backup->magento/module-cron
magento/module-cron->magento/module-store->magento/module-catalog->magento/module-asynchronous-operations->magento/module-ui->magento/module-eav->magento/module-config->magento/module-deploy->magento/module-user->magento/module-integration->magento/module-authorization->magento/module-backend->magento/module-backup->magento/module-cron
magento/module-cron->magento/module-store->magento/module-media-storage->magento/module-backend->magento/module-backup->magento/module-cron
magento/module-cron->magento/module-store->magento/module-catalog->magento/module-asynchronous-operations->magento/module-ui->magento/module-eav->magento/module-config->magento/module-deploy->magento/module-user->magento/module-email->magento/module-cms->magento/module-media-storage->magento/module-theme->magento/module-customer->magento/module-quote->magento/module-payment->magento/module-sales->magento/module-bundle->magento/module-gift-message->magento/module-multishipping->magento/module-checkout->magento/module-captcha->magento/module-backend->magento/module-backup->magento/module-cron
magento/module-cron->magento/module-store->magento/module-catalog->magento/module-asynchronous-operations->magento/module-ui->magento/module-eav->magento/module-config->magento/module-deploy->magento/module-user->magento/module-email->magento/module-cms->magento/module-media-storage->magento/module-theme->magento/module-customer->magento/module-newsletter->magento/module-backend->magento/module-backup->magento/module-cron
magento/module-cron->magento/module-store->magento/module-catalog->magento/module-page-cache->magento/module-backend->magento/module-backup->magento/module-cron
magento/module-cron->magento/module-store->magento/module-catalog->magento/module-product-alert->magento/module-asynchronous-operations->magento/module-authorization->magento/module-backend->magento/module-backup->magento/module-cron
magento/module-cron->magento/module-store->magento/module-catalog->magento/module-asynchronous-operations->magento/module-ui->magento/module-eav->magento/module-config->magento/module-deploy->magento/module-user->magento/module-email->magento/module-cms->magento/module-media-storage->magento/module-theme->magento/module-customer->magento/module-checkout->magento/module-captcha->magento/module-sales->magento/module-bundle->magento/module-catalog-inventory->magento/module-quote->magento/module-shipping->magento/module-tax->magento/module-reports->magento/module-wishlist->magento/module-configurable-product->magento/module-product-video->magento/module-backend->magento/module-backup->magento/module-cron
magento/module-cron->magento/module-store->magento/module-catalog->magento/module-asynchronous-operations->magento/module-ui->magento/module-eav->magento/module-config->magento/module-deploy->magento/module-user->magento/module-email->magento/module-cms->magento/module-media-storage->magento/module-theme->magento/module-customer->magento/module-checkout->magento/module-captcha->magento/module-sales->magento/module-bundle->magento/module-catalog-inventory->magento/module-quote->magento/module-shipping->magento/module-tax->magento/module-reports->magento/module-review->magento/module-backend->magento/module-backup->magento/module-cron
magento/module-cron->magento/module-store->magento/module-catalog->magento/module-asynchronous-operations->magento/module-ui->magento/module-eav->magento/module-config->magento/module-deploy->magento/module-user->magento/module-email->magento/module-cms->magento/module-media-storage->magento/module-theme->magento/module-customer->magento/module-checkout->magento/module-captcha->magento/module-sales->magento/module-bundle->magento/module-catalog-inventory->magento/module-quote->magento/module-shipping->magento/module-tax->magento/module-reports->magento/module-wishlist->magento/module-rss->magento/module-backend->magento/module-backup->magento/module-cron
magento/module-cron->magento/module-store->magento/module-catalog->magento/module-asynchronous-operations->magento/module-ui->magento/module-eav->magento/module-config->magento/module-deploy->magento/module-user->magento/module-email->magento/module-cms->magento/module-media-storage->magento/module-theme->magento/module-customer->magento/module-checkout->magento/module-captcha->magento/module-sales->magento/module-bundle->magento/module-catalog-inventory->magento/module-quote->magento/module-shipping->magento/module-tax->magento/module-reports->magento/module-sales-rule->magento/module-rule->magento/module-backend->magento/module-backup->magento/module-cron
magento/module-cron->magento/module-store->magento/module-catalog->magento/module-asynchronous-operations->magento/module-ui->magento/module-eav->magento/module-config->magento/module-deploy->magento/module-user->magento/module-email->magento/module-cms->magento/module-media-storage->magento/module-theme->magento/module-customer->magento/module-checkout->magento/module-sales-rule->magento/module-backend->magento/module-backup->magento/module-cron
magento/module-cron->magento/module-store->magento/module-catalog->magento/module-asynchronous-operations->magento/module-ui->magento/module-eav->magento/module-config->magento/module-deploy->magento/module-user->magento/module-email->magento/module-cms->magento/module-media-storage->magento/module-theme->magento/module-customer->magento/module-checkout->magento/module-shipping->magento/module-backend->magento/module-backup->magento/module-cron
magento/module-cron->magento/module-store->magento/module-catalog->magento/module-tax->magento/module-backend->magento/module-backup->magento/module-cron
magento/module-cron->magento/module-store->magento/module-catalog->magento/module-asynchronous-operations->magento/module-ui->magento/module-eav->magento/module-config->magento/module-deploy->magento/module-user->magento/module-email->magento/module-cms->magento/module-media-storage->magento/module-theme->magento/module-customer->magento/module-checkout->magento/module-captcha->magento/module-sales->magento/module-bundle->magento/module-catalog-inventory->magento/module-quote->magento/module-shipping->magento/module-ups->magento/module-backend->magento/module-backup->magento/module-cron
magento/module-cron->magento/module-store->magento/module-catalog->magento/module-url-rewrite->magento/module-backend->magento/module-backup->magento/module-cron
magento/module-cron->magento/module-store->magento/module-catalog->magento/module-asynchronous-operations->magento/module-ui->magento/module-eav->magento/module-config->magento/module-deploy->magento/module-user->magento/module-email->magento/module-variable->magento/module-backend->magento/module-backup->magento/module-cron
magento/module-cron->magento/module-store->magento/module-catalog->magento/module-asynchronous-operations->magento/module-ui->magento/module-eav->magento/module-config->magento/module-deploy->magento/module-user->magento/module-email->magento/module-cms->magento/module-media-storage->magento/module-theme->magento/module-customer->magento/module-quote->magento/module-payment->magento/module-vault->magento/module-checkout->magento/module-captcha->magento/module-backend->magento/module-backup->magento/module-cron
magento/module-cron->magento/module-store->magento/module-catalog->magento/module-asynchronous-operations->magento/module-ui->magento/module-eav->magento/module-config->magento/module-deploy->magento/module-user->magento/module-email->magento/module-cms->magento/module-media-storage->magento/module-theme->magento/module-customer->magento/module-webapi->magento/module-authorization->magento/module-backend->magento/module-backup->magento/module-cron
magento/module-cron->magento/module-store->magento/module-catalog->magento/module-widget->magento/module-backend->magento/module-backup->magento/module-cron
magento/module-cron->magento/module-store->magento/module-catalog->magento/module-wishlist->magento/module-backend->magento/module-backup->magento/module-cron

magento/module-store,48
magento/module-store->magento/module-catalog->magento/module-asynchronous-operations->magento/module-backend->magento/module-developer->magento/module-config->magento/module-cron->magento/module-store
magento/module-store->magento/module-config->magento/module-store
magento/module-store->magento/module-directory->magento/module-store
magento/module-store->magento/module-media-storage->magento/module-store
magento/module-store->magento/module-ui->magento/module-backend->magento/module-developer->magento/module-store
magento/module-store->magento/module-customer->magento/module-catalog->magento/module-asynchronous-operations->magento/module-backend->magento/module-developer->magento/module-store
magento/module-store->magento/module-backend->magento/module-developer->magento/module-store
magento/module-store->magento/module-deploy->magento/module-store
magento/module-store->magento/module-catalog->magento/module-asynchronous-operations->magento/module-admin-notification->magento/module-backend->magento/module-backup->magento/module-cron->magento/module-store
magento/module-store->magento/module-catalog->magento/module-asynchronous-operations->magento/module-authorization->magento/module-backend->magento/module-backup->magento/module-cron->magento/module-store
magento/module-store->magento/module-authorization->magento/module-backend->magento/module-backup->magento/module-cron->magento/module-store
magento/module-store->magento/module-catalog->magento/module-asynchronous-operations->magento/module-ui->magento/module-eav->magento/module-config->magento/module-deploy->magento/module-user->magento/module-email->magento/module-cms->magento/module-media-storage->magento/module-theme->magento/module-customer->magento/module-checkout->magento/module-captcha->magento/module-sales->magento/module-bundle->magento/module-backend->magento/module-backup->magento/module-cron->magento/module-store
magento/module-store->magento/module-catalog->magento/module-asynchronous-operations->magento/module-ui->magento/module-eav->magento/module-config->magento/module-deploy->magento/module-user->magento/module-email->magento/module-cms->magento/module-media-storage->magento/module-theme->magento/module-customer->magento/module-checkout->magento/module-captcha->magento/module-backend->magento/module-backup->magento/module-cron->magento/module-store
magento/module-store->magento/module-catalog->magento/module-catalog-rule->magento/module-backend->magento/module-backup->magento/module-cron->magento/module-store
magento/module-store->magento/module-catalog->magento/module-catalog-url-rewrite->magento/module-backend->magento/module-backup->magento/module-cron->magento/module-store
magento/module-store->magento/module-catalog->magento/module-catalog-url-rewrite->magento/module-url-rewrite->magento/module-cms-url-rewrite->magento/module-cms->magento/module-backend->magento/module-backup->magento/module-cron->magento/module-store
magento/module-store->magento/module-catalog->magento/module-asynchronous-operations->magento/module-ui->magento/module-eav->magento/module-config->magento/module-deploy->magento/module-user->magento/module-email->magento/module-cms->magento/module-media-storage->magento/module-theme->magento/module-customer->magento/module-checkout->magento/module-captcha->magento/module-sales->magento/module-bundle->magento/module-catalog-inventory->magento/module-quote->magento/module-shipping->magento/module-tax->magento/module-reports->magento/module-wishlist->magento/module-configurable-product->magento/module-backend->magento/module-backup->magento/module-cron->magento/module-store
magento/module-store->magento/module-catalog->magento/module-asynchronous-operations->magento/module-ui->magento/module-eav->magento/module-config->magento/module-deploy->magento/module-user->magento/module-email->magento/module-theme->magento/module-customer->magento/module-checkout->magento/module-captcha->magento/module-sales->magento/module-bundle->magento/module-catalog-inventory->magento/module-quote->magento/module-shipping->magento/module-contact->magento/module-cms->magento/module-backend->magento/module-backup->magento/module-cron->magento/module-store
magento/module-store->magento/module-catalog->magento/module-cookie->magento/module-store
magento/module-store->magento/module-catalog->magento/module-authorization->magento/module-backend->magento/module-backup->magento/module-cron->magento/module-store
magento/module-store->magento/module-catalog->magento/module-asynchronous-operations->magento/module-ui->magento/module-eav->magento/module-config->magento/module-deploy->magento/module-user->magento/module-email->magento/module-cms->magento/module-media-storage->magento/module-theme->magento/module-customer->magento/module-checkout->magento/module-captcha->magento/module-sales->magento/module-bundle->magento/module-catalog-inventory->magento/module-quote->magento/module-shipping->magento/module-tax->magento/module-reports->magento/module-downloadable->magento/module-backend->magento/module-backup->magento/module-cron->magento/module-store
magento/module-store->magento/module-catalog->magento/module-asynchronous-operations->magento/module-ui->magento/module-eav->magento/module-config->magento/module-email->magento/module-backend->magento/module-backup->magento/module-cron->magento/module-store
magento/module-store->magento/module-config->magento/module-deploy->magento/module-user->magento/module-email->magento/module-cms->magento/module-media-storage->magento/module-theme->magento/module-customer->magento/module-checkout->magento/module-captcha->magento/module-sales->magento/module-bundle->magento/module-catalog-inventory->magento/module-quote->magento/module-shipping->magento/module-fedex->magento/module-catalog->magento/module-authorization->magento/module-backend->magento/module-backup->magento/module-cron->magento/module-store
magento/module-store->magento/module-catalog->magento/module-asynchronous-operations->magento/module-ui->magento/module-eav->magento/module-config->magento/module-deploy->magento/module-user->magento/module-email->magento/module-cms->magento/module-media-storage->magento/module-theme->magento/module-customer->magento/module-checkout->magento/module-captcha->magento/module-sales->magento/module-gift-message->magento/module-backend->magento/module-backup->magento/module-cron->magento/module-store
magento/module-store->magento/module-catalog->magento/module-asynchronous-operations->magento/module-ui->magento/module-eav->magento/module-config->magento/module-deploy->magento/module-user->magento/module-email->magento/module-cms->magento/module-media-storage->magento/module-theme->magento/module-customer->magento/module-checkout->magento/module-captcha->magento/module-sales->magento/module-bundle->magento/module-catalog-inventory->magento/module-quote->magento/module-shipping->magento/module-tax->magento/module-reports->magento/module-wishlist->magento/module-grouped-product->magento/module-backend->magento/module-backup->magento/module-cron->magento/module-store
magento/module-store->magento/module-catalog->magento/module-asynchronous-operations->magento/module-ui->magento/module-eav->magento/module-config->magento/module-deploy->magento/module-user->magento/module-email->magento/module-cms->magento/module-media-storage->magento/module-theme->magento/module-customer->magento/module-checkout->magento/module-captcha->magento/module-sales->magento/module-bundle->magento/module-catalog-inventory->magento/module-quote->magento/module-shipping->magento/module-tax->magento/module-reports->magento/module-sales-rule->magento/module-catalog-rule->magento/module-import-export->magento/module-backend->magento/module-backup->magento/module-cron->magento/module-store
magento/module-store->magento/module-catalog->magento/module-indexer->magento/module-backend->magento/module-backup->magento/module-cron->magento/module-store
magento/module-store->magento/module-catalog->magento/module-asynchronous-operations->magento/module-ui->magento/module-eav->magento/module-config->magento/module-deploy->magento/module-user->magento/module-integration->magento/module-authorization->magento/module-backend->magento/module-backup->magento/module-cron->magento/module-store
magento/module-store->magento/module-media-storage->magento/module-backend->magento/module-backup->magento/module-cron->magento/module-store
magento/module-store->magento/module-catalog->magento/module-asynchronous-operations->magento/module-ui->magento/module-eav->magento/module-config->magento/module-deploy->magento/module-user->magento/module-email->magento/module-cms->magento/module-media-storage->magento/module-theme->magento/module-customer->magento/module-quote->magento/module-payment->magento/module-sales->magento/module-bundle->magento/module-gift-message->magento/module-multishipping->magento/module-checkout->magento/module-captcha->magento/module-backend->magento/module-backup->magento/module-cron->magento/module-store
magento/module-store->magento/module-catalog->magento/module-asynchronous-operations->magento/module-ui->magento/module-eav->magento/module-config->magento/module-deploy->magento/module-user->magento/module-email->magento/module-cms->magento/module-media-storage->magento/module-theme->magento/module-customer->magento/module-newsletter->magento/module-backend->magento/module-backup->magento/module-cron->magento/module-store
magento/module-store->magento/module-catalog->magento/module-page-cache->magento/module-backend->magento/module-backup->magento/module-cron->magento/module-store
magento/module-store->magento/module-catalog->magento/module-product-alert->magento/module-asynchronous-operations->magento/module-authorization->magento/module-backend->magento/module-backup->magento/module-cron->magento/module-store
magento/module-store->magento/module-catalog->magento/module-asynchronous-operations->magento/module-ui->magento/module-eav->magento/module-config->magento/module-deploy->magento/module-user->magento/module-email->magento/module-cms->magento/module-media-storage->magento/module-theme->magento/module-customer->magento/module-checkout->magento/module-captcha->magento/module-sales->magento/module-bundle->magento/module-catalog-inventory->magento/module-quote->magento/module-shipping->magento/module-tax->magento/module-reports->magento/module-wishlist->magento/module-configurable-product->magento/module-product-video->magento/module-backend->magento/module-backup->magento/module-cron->magento/module-store
magento/module-store->magento/module-catalog->magento/module-asynchronous-operations->magento/module-ui->magento/module-eav->magento/module-config->magento/module-deploy->magento/module-user->magento/module-email->magento/module-cms->magento/module-media-storage->magento/module-theme->magento/module-customer->magento/module-checkout->magento/module-captcha->magento/module-sales->magento/module-bundle->magento/module-catalog-inventory->magento/module-quote->magento/module-shipping->magento/module-tax->magento/module-reports->magento/module-review->magento/module-backend->magento/module-backup->magento/module-cron->magento/module-store
magento/module-store->magento/module-catalog->magento/module-asynchronous-operations->magento/module-ui->magento/module-eav->magento/module-config->magento/module-deploy->magento/module-user->magento/module-email->magento/module-cms->magento/module-media-storage->magento/module-theme->magento/module-customer->magento/module-checkout->magento/module-captcha->magento/module-sales->magento/module-bundle->magento/module-catalog-inventory->magento/module-quote->magento/module-shipping->magento/module-tax->magento/module-reports->magento/module-wishlist->magento/module-rss->magento/module-backend->magento/module-backup->magento/module-cron->magento/module-store
magento/module-store->magento/module-catalog->magento/module-asynchronous-operations->magento/module-ui->magento/module-eav->magento/module-config->magento/module-deploy->magento/module-user->magento/module-email->magento/module-cms->magento/module-media-storage->magento/module-theme->magento/module-customer->magento/module-checkout->magento/module-captcha->magento/module-sales->magento/module-bundle->magento/module-catalog-inventory->magento/module-quote->magento/module-shipping->magento/module-tax->magento/module-reports->magento/module-sales-rule->magento/module-rule->magento/module-backend->magento/module-backup->magento/module-cron->magento/module-store
magento/module-store->magento/module-catalog->magento/module-asynchronous-operations->magento/module-ui->magento/module-eav->magento/module-config->magento/module-deploy->magento/module-user->magento/module-email->magento/module-cms->magento/module-media-storage->magento/module-theme->magento/module-customer->magento/module-checkout->magento/module-sales-rule->magento/module-backend->magento/module-backup->magento/module-cron->magento/module-store
magento/module-store->magento/module-catalog->magento/module-asynchronous-operations->magento/module-ui->magento/module-eav->magento/module-config->magento/module-deploy->magento/module-user->magento/module-email->magento/module-cms->magento/module-media-storage->magento/module-theme->magento/module-customer->magento/module-checkout->magento/module-shipping->magento/module-backend->magento/module-backup->magento/module-cron->magento/module-store
magento/module-store->magento/module-catalog->magento/module-store
magento/module-store->magento/module-catalog->magento/module-tax->magento/module-backend->magento/module-backup->magento/module-cron->magento/module-store
magento/module-store->magento/module-catalog->magento/module-asynchronous-operations->magento/module-ui->magento/module-eav->magento/module-config->magento/module-deploy->magento/module-user->magento/module-email->magento/module-cms->magento/module-media-storage->magento/module-theme->magento/module-customer->magento/module-checkout->magento/module-captcha->magento/module-sales->magento/module-bundle->magento/module-catalog-inventory->magento/module-quote->magento/module-shipping->magento/module-ups->magento/module-backend->magento/module-backup->magento/module-cron->magento/module-store
magento/module-store->magento/module-catalog->magento/module-url-rewrite->magento/module-backend->magento/module-backup->magento/module-cron->magento/module-store
magento/module-store->magento/module-catalog->magento/module-asynchronous-operations->magento/module-ui->magento/module-eav->magento/module-config->magento/module-deploy->magento/module-user->magento/module-email->magento/module-variable->magento/module-backend->magento/module-backup->magento/module-cron->magento/module-store
magento/module-store->magento/module-catalog->magento/module-asynchronous-operations->magento/module-ui->magento/module-eav->magento/module-config->magento/module-deploy->magento/module-user->magento/module-email->magento/module-cms->magento/module-media-storage->magento/module-theme->magento/module-customer->magento/module-quote->magento/module-payment->magento/module-vault->magento/module-checkout->magento/module-captcha->magento/module-backend->magento/module-backup->magento/module-cron->magento/module-store
magento/module-store->magento/module-catalog->magento/module-asynchronous-operations->magento/module-ui->magento/module-eav->magento/module-config->magento/module-deploy->magento/module-user->magento/module-email->magento/module-cms->magento/module-media-storage->magento/module-theme->magento/module-customer->magento/module-webapi->magento/module-authorization->magento/module-backend->magento/module-backup->magento/module-cron->magento/module-store
magento/module-store->magento/module-catalog->magento/module-widget->magento/module-backend->magento/module-backup->magento/module-cron->magento/module-store
magento/module-store->magento/module-catalog->magento/module-wishlist->magento/module-backend->magento/module-backup->magento/module-cron->magento/module-store

magento/module-deploy,24
magento/module-deploy->magento/module-config->magento/module-deploy
magento/module-deploy->magento/module-store->magento/module-deploy
magento/module-deploy->magento/module-user->magento/module-email->magento/module-cms->magento/module-media-storage->magento/module-theme->magento/module-customer->magento/module-checkout->magento/module-captcha->magento/module-sales->magento/module-bundle->magento/module-backend->magento/module-backup->magento/module-cron->magento/module-store->magento/module-catalog->magento/module-asynchronous-operations->magento/module-ui->magento/module-eav->magento/module-config->magento/module-deploy
magento/module-deploy->magento/module-user->magento/module-email->magento/module-cms->magento/module-media-storage->magento/module-theme->magento/module-customer->magento/module-checkout->magento/module-captcha->magento/module-backend->magento/module-backup->magento/module-cron->magento/module-store->magento/module-catalog->magento/module-asynchronous-operations->magento/module-ui->magento/module-eav->magento/module-config->magento/module-deploy
magento/module-deploy->magento/module-user->magento/module-email->magento/module-cms->magento/module-media-storage->magento/module-theme->magento/module-customer->magento/module-checkout->magento/module-captcha->magento/module-sales->magento/module-bundle->magento/module-catalog-inventory->magento/module-quote->magento/module-shipping->magento/module-tax->magento/module-reports->magento/module-wishlist->magento/module-configurable-product->magento/module-backend->magento/module-backup->magento/module-cron->magento/module-store->magento/module-catalog->magento/module-asynchronous-operations->magento/module-ui->magento/module-eav->magento/module-config->magento/module-deploy
magento/module-deploy->magento/module-user->magento/module-email->magento/module-theme->magento/module-customer->magento/module-checkout->magento/module-captcha->magento/module-sales->magento/module-bundle->magento/module-catalog-inventory->magento/module-quote->magento/module-shipping->magento/module-contact->magento/module-cms->magento/module-backend->magento/module-backup->magento/module-cron->magento/module-store->magento/module-catalog->magento/module-asynchronous-operations->magento/module-ui->magento/module-eav->magento/module-config->magento/module-deploy
magento/module-deploy->magento/module-user->magento/module-email->magento/module-cms->magento/module-media-storage->magento/module-theme->magento/module-customer->magento/module-checkout->magento/module-captcha->magento/module-sales->magento/module-bundle->magento/module-catalog-inventory->magento/module-quote->magento/module-shipping->magento/module-tax->magento/module-reports->magento/module-downloadable->magento/module-backend->magento/module-backup->magento/module-cron->magento/module-store->magento/module-catalog->magento/module-asynchronous-operations->magento/module-ui->magento/module-eav->magento/module-config->magento/module-deploy
magento/module-deploy->magento/module-user->magento/module-email->magento/module-cms->magento/module-media-storage->magento/module-theme->magento/module-customer->magento/module-checkout->magento/module-captcha->magento/module-sales->magento/module-bundle->magento/module-catalog-inventory->magento/module-quote->magento/module-shipping->magento/module-fedex->magento/module-catalog->magento/module-authorization->magento/module-backend->magento/module-backup->magento/module-cron->magento/module-store->magento/module-config->magento/module-deploy
magento/module-deploy->magento/module-user->magento/module-email->magento/module-cms->magento/module-media-storage->magento/module-theme->magento/module-customer->magento/module-checkout->magento/module-captcha->magento/module-sales->magento/module-gift-message->magento/module-backend->magento/module-backup->magento/module-cron->magento/module-store->magento/module-catalog->magento/module-asynchronous-operations->magento/module-ui->magento/module-eav->magento/module-config->magento/module-deploy
magento/module-deploy->magento/module-user->magento/module-email->magento/module-cms->magento/module-media-storage->magento/module-theme->magento/module-customer->magento/module-checkout->magento/module-captcha->magento/module-sales->magento/module-bundle->magento/module-catalog-inventory->magento/module-quote->magento/module-shipping->magento/module-tax->magento/module-reports->magento/module-wishlist->magento/module-grouped-product->magento/module-backend->magento/module-backup->magento/module-cron->magento/module-store->magento/module-catalog->magento/module-asynchronous-operations->magento/module-ui->magento/module-eav->magento/module-config->magento/module-deploy
magento/module-deploy->magento/module-user->magento/module-email->magento/module-cms->magento/module-media-storage->magento/module-theme->magento/module-customer->magento/module-checkout->magento/module-captcha->magento/module-sales->magento/module-bundle->magento/module-catalog-inventory->magento/module-quote->magento/module-shipping->magento/module-tax->magento/module-reports->magento/module-sales-rule->magento/module-catalog-rule->magento/module-import-export->magento/module-backend->magento/module-backup->magento/module-cron->magento/module-store->magento/module-catalog->magento/module-asynchronous-operations->magento/module-ui->magento/module-eav->magento/module-config->magento/module-deploy
magento/module-deploy->magento/module-user->magento/module-integration->magento/module-authorization->magento/module-backend->magento/module-backup->magento/module-cron->magento/module-store->magento/module-catalog->magento/module-asynchronous-operations->magento/module-ui->magento/module-eav->magento/module-config->magento/module-deploy
magento/module-deploy->magento/module-user->magento/module-email->magento/module-cms->magento/module-media-storage->magento/module-theme->magento/module-customer->magento/module-quote->magento/module-payment->magento/module-sales->magento/module-bundle->magento/module-gift-message->magento/module-multishipping->magento/module-checkout->magento/module-captcha->magento/module-backend->magento/module-backup->magento/module-cron->magento/module-store->magento/module-catalog->magento/module-asynchronous-operations->magento/module-ui->magento/module-eav->magento/module-config->magento/module-deploy
magento/module-deploy->magento/module-user->magento/module-email->magento/module-cms->magento/module-media-storage->magento/module-theme->magento/module-customer->magento/module-newsletter->magento/module-backend->magento/module-backup->magento/module-cron->magento/module-store->magento/module-catalog->magento/module-asynchronous-operations->magento/module-ui->magento/module-eav->magento/module-config->magento/module-deploy
magento/module-deploy->magento/module-user->magento/module-email->magento/module-cms->magento/module-media-storage->magento/module-theme->magento/module-customer->magento/module-checkout->magento/module-captcha->magento/module-sales->magento/module-bundle->magento/module-catalog-inventory->magento/module-quote->magento/module-shipping->magento/module-tax->magento/module-reports->magento/module-wishlist->magento/module-configurable-product->magento/module-product-video->magento/module-backend->magento/module-backup->magento/module-cron->magento/module-store->magento/module-catalog->magento/module-asynchronous-operations->magento/module-ui->magento/module-eav->magento/module-config->magento/module-deploy
magento/module-deploy->magento/module-user->magento/module-email->magento/module-cms->magento/module-media-storage->magento/module-theme->magento/module-customer->magento/module-checkout->magento/module-captcha->magento/module-sales->magento/module-bundle->magento/module-catalog-inventory->magento/module-quote->magento/module-shipping->magento/module-tax->magento/module-reports->magento/module-review->magento/module-backend->magento/module-backup->magento/module-cron->magento/module-store->magento/module-catalog->magento/module-asynchronous-operations->magento/module-ui->magento/module-eav->magento/module-config->magento/module-deploy
magento/module-deploy->magento/module-user->magento/module-email->magento/module-cms->magento/module-media-storage->magento/module-theme->magento/module-customer->magento/module-checkout->magento/module-captcha->magento/module-sales->magento/module-bundle->magento/module-catalog-inventory->magento/module-quote->magento/module-shipping->magento/module-tax->magento/module-reports->magento/module-wishlist->magento/module-rss->magento/module-backend->magento/module-backup->magento/module-cron->magento/module-store->magento/module-catalog->magento/module-asynchronous-operations->magento/module-ui->magento/module-eav->magento/module-config->magento/module-deploy
magento/module-deploy->magento/module-user->magento/module-email->magento/module-cms->magento/module-media-storage->magento/module-theme->magento/module-customer->magento/module-checkout->magento/module-captcha->magento/module-sales->magento/module-bundle->magento/module-catalog-inventory->magento/module-quote->magento/module-shipping->magento/module-tax->magento/module-reports->magento/module-sales-rule->magento/module-rule->magento/module-backend->magento/module-backup->magento/module-cron->magento/module-store->magento/module-catalog->magento/module-asynchronous-operations->magento/module-ui->magento/module-eav->magento/module-config->magento/module-deploy
magento/module-deploy->magento/module-user->magento/module-email->magento/module-cms->magento/module-media-storage->magento/module-theme->magento/module-customer->magento/module-checkout->magento/module-sales-rule->magento/module-backend->magento/module-backup->magento/module-cron->magento/module-store->magento/module-catalog->magento/module-asynchronous-operations->magento/module-ui->magento/module-eav->magento/module-config->magento/module-deploy
magento/module-deploy->magento/module-user->magento/module-email->magento/module-cms->magento/module-media-storage->magento/module-theme->magento/module-customer->magento/module-checkout->magento/module-shipping->magento/module-backend->magento/module-backup->magento/module-cron->magento/module-store->magento/module-catalog->magento/module-asynchronous-operations->magento/module-ui->magento/module-eav->magento/module-config->magento/module-deploy
magento/module-deploy->magento/module-user->magento/module-email->magento/module-cms->magento/module-media-storage->magento/module-theme->magento/module-customer->magento/module-checkout->magento/module-captcha->magento/module-sales->magento/module-bundle->magento/module-catalog-inventory->magento/module-quote->magento/module-shipping->magento/module-ups->magento/module-backend->magento/module-backup->magento/module-cron->magento/module-store->magento/module-catalog->magento/module-asynchronous-operations->magento/module-ui->magento/module-eav->magento/module-config->magento/module-deploy
magento/module-deploy->magento/module-user->magento/module-email->magento/module-variable->magento/module-backend->magento/module-backup->magento/module-cron->magento/module-store->magento/module-catalog->magento/module-asynchronous-operations->magento/module-ui->magento/module-eav->magento/module-config->magento/module-deploy
magento/module-deploy->magento/module-user->magento/module-email->magento/module-cms->magento/module-media-storage->magento/module-theme->magento/module-customer->magento/module-quote->magento/module-payment->magento/module-vault->magento/module-checkout->magento/module-captcha->magento/module-backend->magento/module-backup->magento/module-cron->magento/module-store->magento/module-catalog->magento/module-asynchronous-operations->magento/module-ui->magento/module-eav->magento/module-config->magento/module-deploy
magento/module-deploy->magento/module-user->magento/module-email->magento/module-cms->magento/module-media-storage->magento/module-theme->magento/module-customer->magento/module-webapi->magento/module-authorization->magento/module-backend->magento/module-backup->magento/module-cron->magento/module-store->magento/module-catalog->magento/module-asynchronous-operations->magento/module-ui->magento/module-eav->magento/module-config->magento/module-deploy

magento/module-directory,3
magento/module-directory->magento/module-backend->magento/module-developer->magento/module-config->magento/module-directory
magento/module-directory->magento/module-store->magento/module-directory
magento/module-directory->magento/module-backend->magento/module-directory

magento/module-email,27
magento/module-email->magento/module-backend->magento/module-developer->magento/module-config->magento/module-email
magento/module-email->magento/module-cms->magento/module-catalog->magento/module-asynchronous-operations->magento/module-backend->magento/module-user->magento/module-email
magento/module-email->magento/module-theme->magento/module-backend->magento/module-user->magento/module-email
magento/module-email->magento/module-media-storage->magento/module-catalog->magento/module-asynchronous-operations->magento/module-backend->magento/module-user->magento/module-email
magento/module-email->magento/module-variable->magento/module-backend->magento/module-user->magento/module-email
magento/module-email->magento/module-cms->magento/module-media-storage->magento/module-theme->magento/module-customer->magento/module-checkout->magento/module-captcha->magento/module-sales->magento/module-bundle->magento/module-backend->magento/module-backup->magento/module-cron->magento/module-store->magento/module-catalog->magento/module-asynchronous-operations->magento/module-ui->magento/module-eav->magento/module-config->magento/module-deploy->magento/module-user->magento/module-email
magento/module-email->magento/module-cms->magento/module-media-storage->magento/module-theme->magento/module-customer->magento/module-checkout->magento/module-captcha->magento/module-backend->magento/module-backup->magento/module-cron->magento/module-store->magento/module-catalog->magento/module-asynchronous-operations->magento/module-ui->magento/module-eav->magento/module-config->magento/module-deploy->magento/module-user->magento/module-email
magento/module-email->magento/module-cms->magento/module-media-storage->magento/module-theme->magento/module-customer->magento/module-checkout->magento/module-captcha->magento/module-sales->magento/module-bundle->magento/module-catalog-inventory->magento/module-quote->magento/module-shipping->magento/module-tax->magento/module-reports->magento/module-wishlist->magento/module-configurable-product->magento/module-backend->magento/module-backup->magento/module-cron->magento/module-store->magento/module-catalog->magento/module-asynchronous-operations->magento/module-ui->magento/module-eav->magento/module-config->magento/module-deploy->magento/module-user->magento/module-email
magento/module-email->magento/module-theme->magento/module-customer->magento/module-checkout->magento/module-captcha->magento/module-sales->magento/module-bundle->magento/module-catalog-inventory->magento/module-quote->magento/module-shipping->magento/module-contact->magento/module-cms->magento/module-backend->magento/module-backup->magento/module-cron->magento/module-store->magento/module-catalog->magento/module-asynchronous-operations->magento/module-ui->magento/module-eav->magento/module-config->magento/module-deploy->magento/module-user->magento/module-email
magento/module-email->magento/module-cms->magento/module-media-storage->magento/module-theme->magento/module-customer->magento/module-checkout->magento/module-captcha->magento/module-sales->magento/module-bundle->magento/module-catalog-inventory->magento/module-quote->magento/module-shipping->magento/module-tax->magento/module-reports->magento/module-downloadable->magento/module-backend->magento/module-backup->magento/module-cron->magento/module-store->magento/module-catalog->magento/module-asynchronous-operations->magento/module-ui->magento/module-eav->magento/module-config->magento/module-deploy->magento/module-user->magento/module-email
magento/module-email->magento/module-backend->magento/module-backup->magento/module-cron->magento/module-store->magento/module-catalog->magento/module-asynchronous-operations->magento/module-ui->magento/module-eav->magento/module-config->magento/module-email
magento/module-email->magento/module-cms->magento/module-media-storage->magento/module-theme->magento/module-customer->magento/module-checkout->magento/module-captcha->magento/module-sales->magento/module-bundle->magento/module-catalog-inventory->magento/module-quote->magento/module-shipping->magento/module-fedex->magento/module-catalog->magento/module-authorization->magento/module-backend->magento/module-backup->magento/module-cron->magento/module-store->magento/module-config->magento/module-deploy->magento/module-user->magento/module-email
magento/module-email->magento/module-cms->magento/module-media-storage->magento/module-theme->magento/module-customer->magento/module-checkout->magento/module-captcha->magento/module-sales->magento/module-gift-message->magento/module-backend->magento/module-backup->magento/module-cron->magento/module-store->magento/module-catalog->magento/module-asynchronous-operations->magento/module-ui->magento/module-eav->magento/module-config->magento/module-deploy->magento/module-user->magento/module-email
magento/module-email->magento/module-cms->magento/module-media-storage->magento/module-theme->magento/module-customer->magento/module-checkout->magento/module-captcha->magento/module-sales->magento/module-bundle->magento/module-catalog-inventory->magento/module-quote->magento/module-shipping->magento/module-tax->magento/module-reports->magento/module-wishlist->magento/module-grouped-product->magento/module-backend->magento/module-backup->magento/module-cron->magento/module-store->magento/module-catalog->magento/module-asynchronous-operations->magento/module-ui->magento/module-eav->magento/module-config->magento/module-deploy->magento/module-user->magento/module-email
magento/module-email->magento/module-cms->magento/module-media-storage->magento/module-theme->magento/module-customer->magento/module-checkout->magento/module-captcha->magento/module-sales->magento/module-bundle->magento/module-catalog-inventory->magento/module-quote->magento/module-shipping->magento/module-tax->magento/module-reports->magento/module-sales-rule->magento/module-catalog-rule->magento/module-import-export->magento/module-backend->magento/module-backup->magento/module-cron->magento/module-store->magento/module-catalog->magento/module-asynchronous-operations->magento/module-ui->magento/module-eav->magento/module-config->magento/module-deploy->magento/module-user->magento/module-email
magento/module-email->magento/module-cms->magento/module-media-storage->magento/module-theme->magento/module-customer->magento/module-quote->magento/module-payment->magento/module-sales->magento/module-bundle->magento/module-gift-message->magento/module-multishipping->magento/module-checkout->magento/module-captcha->magento/module-backend->magento/module-backup->magento/module-cron->magento/module-store->magento/module-catalog->magento/module-asynchronous-operations->magento/module-ui->magento/module-eav->magento/module-config->magento/module-deploy->magento/module-user->magento/module-email
magento/module-email->magento/module-cms->magento/module-media-storage->magento/module-theme->magento/module-customer->magento/module-newsletter->magento/module-backend->magento/module-backup->magento/module-cron->magento/module-store->magento/module-catalog->magento/module-asynchronous-operations->magento/module-ui->magento/module-eav->magento/module-config->magento/module-deploy->magento/module-user->magento/module-email
magento/module-email->magento/module-cms->magento/module-media-storage->magento/module-theme->magento/module-customer->magento/module-checkout->magento/module-captcha->magento/module-sales->magento/module-bundle->magento/module-catalog-inventory->magento/module-quote->magento/module-shipping->magento/module-tax->magento/module-reports->magento/module-wishlist->magento/module-configurable-product->magento/module-product-video->magento/module-backend->magento/module-backup->magento/module-cron->magento/module-store->magento/module-catalog->magento/module-asynchronous-operations->magento/module-ui->magento/module-eav->magento/module-config->magento/module-deploy->magento/module-user->magento/module-email
magento/module-email->magento/module-cms->magento/module-media-storage->magento/module-theme->magento/module-customer->magento/module-checkout->magento/module-captcha->magento/module-sales->magento/module-bundle->magento/module-catalog-inventory->magento/module-quote->magento/module-shipping->magento/module-tax->magento/module-reports->magento/module-review->magento/module-backend->magento/module-backup->magento/module-cron->magento/module-store->magento/module-catalog->magento/module-asynchronous-operations->magento/module-ui->magento/module-eav->magento/module-config->magento/module-deploy->magento/module-user->magento/module-email
magento/module-email->magento/module-cms->magento/module-media-storage->magento/module-theme->magento/module-customer->magento/module-checkout->magento/module-captcha->magento/module-sales->magento/module-bundle->magento/module-catalog-inventory->magento/module-quote->magento/module-shipping->magento/module-tax->magento/module-reports->magento/module-wishlist->magento/module-rss->magento/module-backend->magento/module-backup->magento/module-cron->magento/module-store->magento/module-catalog->magento/module-asynchronous-operations->magento/module-ui->magento/module-eav->magento/module-config->magento/module-deploy->magento/module-user->magento/module-email
magento/module-email->magento/module-cms->magento/module-media-storage->magento/module-theme->magento/module-customer->magento/module-checkout->magento/module-captcha->magento/module-sales->magento/module-bundle->magento/module-catalog-inventory->magento/module-quote->magento/module-shipping->magento/module-tax->magento/module-reports->magento/module-sales-rule->magento/module-rule->magento/module-backend->magento/module-backup->magento/module-cron->magento/module-store->magento/module-catalog->magento/module-asynchronous-operations->magento/module-ui->magento/module-eav->magento/module-config->magento/module-deploy->magento/module-user->magento/module-email
magento/module-email->magento/module-cms->magento/module-media-storage->magento/module-theme->magento/module-customer->magento/module-checkout->magento/module-sales-rule->magento/module-backend->magento/module-backup->magento/module-cron->magento/module-store->magento/module-catalog->magento/module-asynchronous-operations->magento/module-ui->magento/module-eav->magento/module-config->magento/module-deploy->magento/module-user->magento/module-email
magento/module-email->magento/module-cms->magento/module-media-storage->magento/module-theme->magento/module-customer->magento/module-checkout->magento/module-shipping->magento/module-backend->magento/module-backup->magento/module-cron->magento/module-store->magento/module-catalog->magento/module-asynchronous-operations->magento/module-ui->magento/module-eav->magento/module-config->magento/module-deploy->magento/module-user->magento/module-email
magento/module-email->magento/module-cms->magento/module-media-storage->magento/module-theme->magento/module-customer->magento/module-checkout->magento/module-captcha->magento/module-sales->magento/module-bundle->magento/module-catalog-inventory->magento/module-quote->magento/module-shipping->magento/module-ups->magento/module-backend->magento/module-backup->magento/module-cron->magento/module-store->magento/module-catalog->magento/module-asynchronous-operations->magento/module-ui->magento/module-eav->magento/module-config->magento/module-deploy->magento/module-user->magento/module-email
magento/module-email->magento/module-variable->magento/module-backend->magento/module-backup->magento/module-cron->magento/module-store->magento/module-catalog->magento/module-asynchronous-operations->magento/module-ui->magento/module-eav->magento/module-config->magento/module-deploy->magento/module-user->magento/module-email
magento/module-email->magento/module-cms->magento/module-media-storage->magento/module-theme->magento/module-customer->magento/module-quote->magento/module-payment->magento/module-vault->magento/module-checkout->magento/module-captcha->magento/module-backend->magento/module-backup->magento/module-cron->magento/module-store->magento/module-catalog->magento/module-asynchronous-operations->magento/module-ui->magento/module-eav->magento/module-config->magento/module-deploy->magento/module-user->magento/module-email
magento/module-email->magento/module-cms->magento/module-media-storage->magento/module-theme->magento/module-customer->magento/module-webapi->magento/module-authorization->magento/module-backend->magento/module-backup->magento/module-cron->magento/module-store->magento/module-catalog->magento/module-asynchronous-operations->magento/module-ui->magento/module-eav->magento/module-config->magento/module-deploy->magento/module-user->magento/module-email

magento/module-media-storage,25
magento/module-media-storage->magento/module-backend->magento/module-developer->magento/module-config->magento/module-media-storage
magento/module-media-storage->magento/module-store->magento/module-media-storage
magento/module-media-storage->magento/module-catalog->magento/module-asynchronous-operations->magento/module-backend->magento/module-user->magento/module-email->magento/module-media-storage
magento/module-media-storage->magento/module-theme->magento/module-cms->magento/module-media-storage
magento/module-media-storage->magento/module-asynchronous-operations->magento/module-backend->magento/module-theme->magento/module-customer->magento/module-eav->magento/module-media-storage
magento/module-media-storage->magento/module-theme->magento/module-customer->magento/module-checkout->magento/module-captcha->magento/module-sales->magento/module-bundle->magento/module-backend->magento/module-backup->magento/module-cron->magento/module-store->magento/module-catalog->magento/module-asynchronous-operations->magento/module-ui->magento/module-eav->magento/module-config->magento/module-deploy->magento/module-user->magento/module-email->magento/module-cms->magento/module-media-storage
magento/module-media-storage->magento/module-theme->magento/module-customer->magento/module-checkout->magento/module-captcha->magento/module-backend->magento/module-backup->magento/module-cron->magento/module-store->magento/module-catalog->magento/module-asynchronous-operations->magento/module-ui->magento/module-eav->magento/module-config->magento/module-deploy->magento/module-user->magento/module-email->magento/module-cms->magento/module-media-storage
magento/module-media-storage->magento/module-theme->magento/module-customer->magento/module-checkout->magento/module-captcha->magento/module-sales->magento/module-bundle->magento/module-catalog-inventory->magento/module-quote->magento/module-shipping->magento/module-tax->magento/module-reports->magento/module-wishlist->magento/module-configurable-product->magento/module-backend->magento/module-backup->magento/module-cron->magento/module-store->magento/module-catalog->magento/module-asynchronous-operations->magento/module-ui->magento/module-eav->magento/module-config->magento/module-deploy->magento/module-user->magento/module-email->magento/module-cms->magento/module-media-storage
magento/module-media-storage->magento/module-theme->magento/module-customer->magento/module-checkout->magento/module-captcha->magento/module-sales->magento/module-bundle->magento/module-catalog-inventory->magento/module-quote->magento/module-shipping->magento/module-tax->magento/module-reports->magento/module-downloadable->magento/module-backend->magento/module-backup->magento/module-cron->magento/module-store->magento/module-catalog->magento/module-asynchronous-operations->magento/module-ui->magento/module-eav->magento/module-config->magento/module-deploy->magento/module-user->magento/module-email->magento/module-cms->magento/module-media-storage
magento/module-media-storage->magento/module-theme->magento/module-customer->magento/module-checkout->magento/module-captcha->magento/module-sales->magento/module-bundle->magento/module-catalog-inventory->magento/module-quote->magento/module-shipping->magento/module-fedex->magento/module-catalog->magento/module-authorization->magento/module-backend->magento/module-backup->magento/module-cron->magento/module-store->magento/module-config->magento/module-deploy->magento/module-user->magento/module-email->magento/module-cms->magento/module-media-storage
magento/module-media-storage->magento/module-theme->magento/module-customer->magento/module-checkout->magento/module-captcha->magento/module-sales->magento/module-gift-message->magento/module-backend->magento/module-backup->magento/module-cron->magento/module-store->magento/module-catalog->magento/module-asynchronous-operations->magento/module-ui->magento/module-eav->magento/module-config->magento/module-deploy->magento/module-user->magento/module-email->magento/module-cms->magento/module-media-storage
magento/module-media-storage->magento/module-theme->magento/module-customer->magento/module-checkout->magento/module-captcha->magento/module-sales->magento/module-bundle->magento/module-catalog-inventory->magento/module-quote->magento/module-shipping->magento/module-tax->magento/module-reports->magento/module-wishlist->magento/module-grouped-product->magento/module-backend->magento/module-backup->magento/module-cron->magento/module-store->magento/module-catalog->magento/module-asynchronous-operations->magento/module-ui->magento/module-eav->magento/module-config->magento/module-deploy->magento/module-user->magento/module-email->magento/module-cms->magento/module-media-storage
magento/module-media-storage->magento/module-theme->magento/module-customer->magento/module-checkout->magento/module-captcha->magento/module-sales->magento/module-bundle->magento/module-catalog-inventory->magento/module-quote->magento/module-shipping->magento/module-tax->magento/module-reports->magento/module-sales-rule->magento/module-catalog-rule->magento/module-import-export->magento/module-backend->magento/module-backup->magento/module-cron->magento/module-store->magento/module-catalog->magento/module-asynchronous-operations->magento/module-ui->magento/module-eav->magento/module-config->magento/module-deploy->magento/module-user->magento/module-email->magento/module-cms->magento/module-media-storage
magento/module-media-storage->magento/module-backend->magento/module-backup->magento/module-cron->magento/module-store->magento/module-media-storage
magento/module-media-storage->magento/module-theme->magento/module-customer->magento/module-quote->magento/module-payment->magento/module-sales->magento/module-bundle->magento/module-gift-message->magento/module-multishipping->magento/module-checkout->magento/module-captcha->magento/module-backend->magento/module-backup->magento/module-cron->magento/module-store->magento/module-catalog->magento/module-asynchronous-operations->magento/module-ui->magento/module-eav->magento/module-config->magento/module-deploy->magento/module-user->magento/module-email->magento/module-cms->magento/module-media-storage
magento/module-media-storage->magento/module-theme->magento/module-customer->magento/module-newsletter->magento/module-backend->magento/module-backup->magento/module-cron->magento/module-store->magento/module-catalog->magento/module-asynchronous-operations->magento/module-ui->magento/module-eav->magento/module-config->magento/module-deploy->magento/module-user->magento/module-email->magento/module-cms->magento/module-media-storage
magento/module-media-storage->magento/module-theme->magento/module-customer->magento/module-checkout->magento/module-captcha->magento/module-sales->magento/module-bundle->magento/module-catalog-inventory->magento/module-quote->magento/module-shipping->magento/module-tax->magento/module-reports->magento/module-wishlist->magento/module-configurable-product->magento/module-product-video->magento/module-backend->magento/module-backup->magento/module-cron->magento/module-store->magento/module-catalog->magento/module-asynchronous-operations->magento/module-ui->magento/module-eav->magento/module-config->magento/module-deploy->magento/module-user->magento/module-email->magento/module-cms->magento/module-media-storage
magento/module-media-storage->magento/module-theme->magento/module-customer->magento/module-checkout->magento/module-captcha->magento/module-sales->magento/module-bundle->magento/module-catalog-inventory->magento/module-quote->magento/module-shipping->magento/module-tax->magento/module-reports->magento/module-review->magento/module-backend->magento/module-backup->magento/module-cron->magento/module-store->magento/module-catalog->magento/module-asynchronous-operations->magento/module-ui->magento/module-eav->magento/module-config->magento/module-deploy->magento/module-user->magento/module-email->magento/module-cms->magento/module-media-storage
magento/module-media-storage->magento/module-theme->magento/module-customer->magento/module-checkout->magento/module-captcha->magento/module-sales->magento/module-bundle->magento/module-catalog-inventory->magento/module-quote->magento/module-shipping->magento/module-tax->magento/module-reports->magento/module-wishlist->magento/module-rss->magento/module-backend->magento/module-backup->magento/module-cron->magento/module-store->magento/module-catalog->magento/module-asynchronous-operations->magento/module-ui->magento/module-eav->magento/module-config->magento/module-deploy->magento/module-user->magento/module-email->magento/module-cms->magento/module-media-storage
magento/module-media-storage->magento/module-theme->magento/module-customer->magento/module-checkout->magento/module-captcha->magento/module-sales->magento/module-bundle->magento/module-catalog-inventory->magento/module-quote->magento/module-shipping->magento/module-tax->magento/module-reports->magento/module-sales-rule->magento/module-rule->magento/module-backend->magento/module-backup->magento/module-cron->magento/module-store->magento/module-catalog->magento/module-asynchronous-operations->magento/module-ui->magento/module-eav->magento/module-config->magento/module-deploy->magento/module-user->magento/module-email->magento/module-cms->magento/module-media-storage
magento/module-media-storage->magento/module-theme->magento/module-customer->magento/module-checkout->magento/module-sales-rule->magento/module-backend->magento/module-backup->magento/module-cron->magento/module-store->magento/module-catalog->magento/module-asynchronous-operations->magento/module-ui->magento/module-eav->magento/module-config->magento/module-deploy->magento/module-user->magento/module-email->magento/module-cms->magento/module-media-storage
magento/module-media-storage->magento/module-theme->magento/module-customer->magento/module-checkout->magento/module-shipping->magento/module-backend->magento/module-backup->magento/module-cron->magento/module-store->magento/module-catalog->magento/module-asynchronous-operations->magento/module-ui->magento/module-eav->magento/module-config->magento/module-deploy->magento/module-user->magento/module-email->magento/module-cms->magento/module-media-storage
magento/module-media-storage->magento/module-theme->magento/module-customer->magento/module-checkout->magento/module-captcha->magento/module-sales->magento/module-bundle->magento/module-catalog-inventory->magento/module-quote->magento/module-shipping->magento/module-ups->magento/module-backend->magento/module-backup->magento/module-cron->magento/module-store->magento/module-catalog->magento/module-asynchronous-operations->magento/module-ui->magento/module-eav->magento/module-config->magento/module-deploy->magento/module-user->magento/module-email->magento/module-cms->magento/module-media-storage
magento/module-media-storage->magento/module-theme->magento/module-customer->magento/module-quote->magento/module-payment->magento/module-vault->magento/module-checkout->magento/module-captcha->magento/module-backend->magento/module-backup->magento/module-cron->magento/module-store->magento/module-catalog->magento/module-asynchronous-operations->magento/module-ui->magento/module-eav->magento/module-config->magento/module-deploy->magento/module-user->magento/module-email->magento/module-cms->magento/module-media-storage
magento/module-media-storage->magento/module-theme->magento/module-customer->magento/module-webapi->magento/module-authorization->magento/module-backend->magento/module-backup->magento/module-cron->magento/module-store->magento/module-catalog->magento/module-asynchronous-operations->magento/module-ui->magento/module-eav->magento/module-config->magento/module-deploy->magento/module-user->magento/module-email->magento/module-cms->magento/module-media-storage

magento/module-ui,26
magento/module-ui->magento/module-backend->magento/module-developer->magento/module-store->magento/module-ui
magento/module-ui->magento/module-eav->magento/module-catalog->magento/module-asynchronous-operations->magento/module-backend->magento/module-ui
magento/module-ui->magento/module-user->magento/module-backend->magento/module-ui
magento/module-ui->magento/module-eav->magento/module-config->magento/module-deploy->magento/module-user->magento/module-email->magento/module-cms->magento/module-media-storage->magento/module-theme->magento/module-customer->magento/module-checkout->magento/module-captcha->magento/module-sales->magento/module-bundle->magento/module-backend->magento/module-backup->magento/module-cron->magento/module-store->magento/module-catalog->magento/module-asynchronous-operations->magento/module-ui
magento/module-ui->magento/module-eav->magento/module-config->magento/module-deploy->magento/module-user->magento/module-email->magento/module-cms->magento/module-media-storage->magento/module-theme->magento/module-customer->magento/module-checkout->magento/module-captcha->magento/module-backend->magento/module-backup->magento/module-cron->magento/module-store->magento/module-catalog->magento/module-asynchronous-operations->magento/module-ui
magento/module-ui->magento/module-eav->magento/module-config->magento/module-deploy->magento/module-user->magento/module-email->magento/module-cms->magento/module-media-storage->magento/module-theme->magento/module-customer->magento/module-checkout->magento/module-captcha->magento/module-sales->magento/module-bundle->magento/module-catalog-inventory->magento/module-quote->magento/module-shipping->magento/module-tax->magento/module-reports->magento/module-wishlist->magento/module-configurable-product->magento/module-backend->magento/module-backup->magento/module-cron->magento/module-store->magento/module-catalog->magento/module-asynchronous-operations->magento/module-ui
magento/module-ui->magento/module-eav->magento/module-config->magento/module-deploy->magento/module-user->magento/module-email->magento/module-theme->magento/module-customer->magento/module-checkout->magento/module-captcha->magento/module-sales->magento/module-bundle->magento/module-catalog-inventory->magento/module-quote->magento/module-shipping->magento/module-contact->magento/module-cms->magento/module-backend->magento/module-backup->magento/module-cron->magento/module-store->magento/module-catalog->magento/module-asynchronous-operations->magento/module-ui
magento/module-ui->magento/module-eav->magento/module-config->magento/module-deploy->magento/module-user->magento/module-email->magento/module-cms->magento/module-media-storage->magento/module-theme->magento/module-customer->magento/module-checkout->magento/module-captcha->magento/module-sales->magento/module-bundle->magento/module-catalog-inventory->magento/module-quote->magento/module-shipping->magento/module-tax->magento/module-reports->magento/module-downloadable->magento/module-backend->magento/module-backup->magento/module-cron->magento/module-store->magento/module-catalog->magento/module-asynchronous-operations->magento/module-ui
magento/module-ui->magento/module-eav->magento/module-config->magento/module-email->magento/module-backend->magento/module-backup->magento/module-cron->magento/module-store->magento/module-catalog->magento/module-asynchronous-operations->magento/module-ui
magento/module-ui->magento/module-eav->magento/module-config->magento/module-deploy->magento/module-user->magento/module-email->magento/module-cms->magento/module-media-storage->magento/module-theme->magento/module-customer->magento/module-checkout->magento/module-captcha->magento/module-sales->magento/module-gift-message->magento/module-backend->magento/module-backup->magento/module-cron->magento/module-store->magento/module-catalog->magento/module-asynchronous-operations->magento/module-ui
magento/module-ui->magento/module-eav->magento/module-config->magento/module-deploy->magento/module-user->magento/module-email->magento/module-cms->magento/module-media-storage->magento/module-theme->magento/module-customer->magento/module-checkout->magento/module-captcha->magento/module-sales->magento/module-bundle->magento/module-catalog-inventory->magento/module-quote->magento/module-shipping->magento/module-tax->magento/module-reports->magento/module-wishlist->magento/module-grouped-product->magento/module-backend->magento/module-backup->magento/module-cron->magento/module-store->magento/module-catalog->magento/module-asynchronous-operations->magento/module-ui
magento/module-ui->magento/module-eav->magento/module-config->magento/module-deploy->magento/module-user->magento/module-email->magento/module-cms->magento/module-media-storage->magento/module-theme->magento/module-customer->magento/module-checkout->magento/module-captcha->magento/module-sales->magento/module-bundle->magento/module-catalog-inventory->magento/module-quote->magento/module-shipping->magento/module-tax->magento/module-reports->magento/module-sales-rule->magento/module-catalog-rule->magento/module-import-export->magento/module-backend->magento/module-backup->magento/module-cron->magento/module-store->magento/module-catalog->magento/module-asynchronous-operations->magento/module-ui
magento/module-ui->magento/module-eav->magento/module-config->magento/module-deploy->magento/module-user->magento/module-integration->magento/module-authorization->magento/module-backend->magento/module-backup->magento/module-cron->magento/module-store->magento/module-catalog->magento/module-asynchronous-operations->magento/module-ui
magento/module-ui->magento/module-eav->magento/module-config->magento/module-deploy->magento/module-user->magento/module-email->magento/module-cms->magento/module-media-storage->magento/module-theme->magento/module-customer->magento/module-quote->magento/module-payment->magento/module-sales->magento/module-bundle->magento/module-gift-message->magento/module-multishipping->magento/module-checkout->magento/module-captcha->magento/module-backend->magento/module-backup->magento/module-cron->magento/module-store->magento/module-catalog->magento/module-asynchronous-operations->magento/module-ui
magento/module-ui->magento/module-eav->magento/module-config->magento/module-deploy->magento/module-user->magento/module-email->magento/module-cms->magento/module-media-storage->magento/module-theme->magento/module-customer->magento/module-newsletter->magento/module-backend->magento/module-backup->magento/module-cron->magento/module-store->magento/module-catalog->magento/module-asynchronous-operations->magento/module-ui
magento/module-ui->magento/module-eav->magento/module-config->magento/module-deploy->magento/module-user->magento/module-email->magento/module-cms->magento/module-media-storage->magento/module-theme->magento/module-customer->magento/module-checkout->magento/module-captcha->magento/module-sales->magento/module-bundle->magento/module-catalog-inventory->magento/module-quote->magento/module-shipping->magento/module-tax->magento/module-reports->magento/module-wishlist->magento/module-configurable-product->magento/module-product-video->magento/module-backend->magento/module-backup->magento/module-cron->magento/module-store->magento/module-catalog->magento/module-asynchronous-operations->magento/module-ui
magento/module-ui->magento/module-eav->magento/module-config->magento/module-deploy->magento/module-user->magento/module-email->magento/module-cms->magento/module-media-storage->magento/module-theme->magento/module-customer->magento/module-checkout->magento/module-captcha->magento/module-sales->magento/module-bundle->magento/module-catalog-inventory->magento/module-quote->magento/module-shipping->magento/module-tax->magento/module-reports->magento/module-review->magento/module-backend->magento/module-backup->magento/module-cron->magento/module-store->magento/module-catalog->magento/module-asynchronous-operations->magento/module-ui
magento/module-ui->magento/module-eav->magento/module-config->magento/module-deploy->magento/module-user->magento/module-email->magento/module-cms->magento/module-media-storage->magento/module-theme->magento/module-customer->magento/module-checkout->magento/module-captcha->magento/module-sales->magento/module-bundle->magento/module-catalog-inventory->magento/module-quote->magento/module-shipping->magento/module-tax->magento/module-reports->magento/module-wishlist->magento/module-rss->magento/module-backend->magento/module-backup->magento/module-cron->magento/module-store->magento/module-catalog->magento/module-asynchronous-operations->magento/module-ui
magento/module-ui->magento/module-eav->magento/module-config->magento/module-deploy->magento/module-user->magento/module-email->magento/module-cms->magento/module-media-storage->magento/module-theme->magento/module-customer->magento/module-checkout->magento/module-captcha->magento/module-sales->magento/module-bundle->magento/module-catalog-inventory->magento/module-quote->magento/module-shipping->magento/module-tax->magento/module-reports->magento/module-sales-rule->magento/module-rule->magento/module-backend->magento/module-backup->magento/module-cron->magento/module-store->magento/module-catalog->magento/module-asynchronous-operations->magento/module-ui
magento/module-ui->magento/module-eav->magento/module-config->magento/module-deploy->magento/module-user->magento/module-email->magento/module-cms->magento/module-media-storage->magento/module-theme->magento/module-customer->magento/module-checkout->magento/module-sales-rule->magento/module-backend->magento/module-backup->magento/module-cron->magento/module-store->magento/module-catalog->magento/module-asynchronous-operations->magento/module-ui
magento/module-ui->magento/module-eav->magento/module-config->magento/module-deploy->magento/module-user->magento/module-email->magento/module-cms->magento/module-media-storage->magento/module-theme->magento/module-customer->magento/module-checkout->magento/module-shipping->magento/module-backend->magento/module-backup->magento/module-cron->magento/module-store->magento/module-catalog->magento/module-asynchronous-operations->magento/module-ui
magento/module-ui->magento/module-authorization->magento/module-backend->magento/module-ui
magento/module-ui->magento/module-eav->magento/module-config->magento/module-deploy->magento/module-user->magento/module-email->magento/module-cms->magento/module-media-storage->magento/module-theme->magento/module-customer->magento/module-checkout->magento/module-captcha->magento/module-sales->magento/module-bundle->magento/module-catalog-inventory->magento/module-quote->magento/module-shipping->magento/module-ups->magento/module-backend->magento/module-backup->magento/module-cron->magento/module-store->magento/module-catalog->magento/module-asynchronous-operations->magento/module-ui
magento/module-ui->magento/module-eav->magento/module-config->magento/module-deploy->magento/module-user->magento/module-email->magento/module-variable->magento/module-backend->magento/module-backup->magento/module-cron->magento/module-store->magento/module-catalog->magento/module-asynchronous-operations->magento/module-ui
magento/module-ui->magento/module-eav->magento/module-config->magento/module-deploy->magento/module-user->magento/module-email->magento/module-cms->magento/module-media-storage->magento/module-theme->magento/module-customer->magento/module-quote->magento/module-payment->magento/module-vault->magento/module-checkout->magento/module-captcha->magento/module-backend->magento/module-backup->magento/module-cron->magento/module-store->magento/module-catalog->magento/module-asynchronous-operations->magento/module-ui
magento/module-ui->magento/module-eav->magento/module-config->magento/module-deploy->magento/module-user->magento/module-email->magento/module-cms->magento/module-media-storage->magento/module-theme->magento/module-customer->magento/module-webapi->magento/module-authorization->magento/module-backend->magento/module-backup->magento/module-cron->magento/module-store->magento/module-catalog->magento/module-asynchronous-operations->magento/module-ui

magento/module-eav,25
magento/module-eav->magento/module-backend->magento/module-eav
magento/module-eav->magento/module-catalog->magento/module-asynchronous-operations->magento/module-backend->magento/module-ui->magento/module-eav
magento/module-eav->magento/module-media-storage->magento/module-asynchronous-operations->magento/module-backend->magento/module-theme->magento/module-customer->magento/module-eav
magento/module-eav->magento/module-config->magento/module-deploy->magento/module-user->magento/module-email->magento/module-cms->magento/module-media-storage->magento/module-theme->magento/module-customer->magento/module-checkout->magento/module-captcha->magento/module-sales->magento/module-bundle->magento/module-backend->magento/module-backup->magento/module-cron->magento/module-store->magento/module-catalog->magento/module-asynchronous-operations->magento/module-ui->magento/module-eav
magento/module-eav->magento/module-config->magento/module-deploy->magento/module-user->magento/module-email->magento/module-cms->magento/module-media-storage->magento/module-theme->magento/module-customer->magento/module-checkout->magento/module-captcha->magento/module-backend->magento/module-backup->magento/module-cron->magento/module-store->magento/module-catalog->magento/module-asynchronous-operations->magento/module-ui->magento/module-eav
magento/module-eav->magento/module-config->magento/module-deploy->magento/module-user->magento/module-email->magento/module-cms->magento/module-media-storage->magento/module-theme->magento/module-customer->magento/module-checkout->magento/module-captcha->magento/module-sales->magento/module-bundle->magento/module-catalog-inventory->magento/module-quote->magento/module-shipping->magento/module-tax->magento/module-reports->magento/module-wishlist->magento/module-configurable-product->magento/module-backend->magento/module-backup->magento/module-cron->magento/module-store->magento/module-catalog->magento/module-asynchronous-operations->magento/module-ui->magento/module-eav
magento/module-eav->magento/module-config->magento/module-deploy->magento/module-user->magento/module-email->magento/module-theme->magento/module-customer->magento/module-checkout->magento/module-captcha->magento/module-sales->magento/module-bundle->magento/module-catalog-inventory->magento/module-quote->magento/module-shipping->magento/module-contact->magento/module-cms->magento/module-backend->magento/module-backup->magento/module-cron->magento/module-store->magento/module-catalog->magento/module-asynchronous-operations->magento/module-ui->magento/module-eav
magento/module-eav->magento/module-config->magento/module-deploy->magento/module-user->magento/module-email->magento/module-cms->magento/module-media-storage->magento/module-theme->magento/module-customer->magento/module-checkout->magento/module-captcha->magento/module-sales->magento/module-bundle->magento/module-catalog-inventory->magento/module-quote->magento/module-shipping->magento/module-tax->magento/module-reports->magento/module-downloadable->magento/module-backend->magento/module-backup->magento/module-cron->magento/module-store->magento/module-catalog->magento/module-asynchronous-operations->magento/module-ui->magento/module-eav
magento/module-eav->magento/module-config->magento/module-email->magento/module-backend->magento/module-backup->magento/module-cron->magento/module-store->magento/module-catalog->magento/module-asynchronous-operations->magento/module-ui->magento/module-eav
magento/module-eav->magento/module-config->magento/module-deploy->magento/module-user->magento/module-email->magento/module-cms->magento/module-media-storage->magento/module-theme->magento/module-customer->magento/module-checkout->magento/module-captcha->magento/module-sales->magento/module-gift-message->magento/module-backend->magento/module-backup->magento/module-cron->magento/module-store->magento/module-catalog->magento/module-asynchronous-operations->magento/module-ui->magento/module-eav
magento/module-eav->magento/module-config->magento/module-deploy->magento/module-user->magento/module-email->magento/module-cms->magento/module-media-storage->magento/module-theme->magento/module-customer->magento/module-checkout->magento/module-captcha->magento/module-sales->magento/module-bundle->magento/module-catalog-inventory->magento/module-quote->magento/module-shipping->magento/module-tax->magento/module-reports->magento/module-wishlist->magento/module-grouped-product->magento/module-backend->magento/module-backup->magento/module-cron->magento/module-store->magento/module-catalog->magento/module-asynchronous-operations->magento/module-ui->magento/module-eav
magento/module-eav->magento/module-config->magento/module-deploy->magento/module-user->magento/module-email->magento/module-cms->magento/module-media-storage->magento/module-theme->magento/module-customer->magento/module-checkout->magento/module-captcha->magento/module-sales->magento/module-bundle->magento/module-catalog-inventory->magento/module-quote->magento/module-shipping->magento/module-tax->magento/module-reports->magento/module-sales-rule->magento/module-catalog-rule->magento/module-import-export->magento/module-backend->magento/module-backup->magento/module-cron->magento/module-store->magento/module-catalog->magento/module-asynchronous-operations->magento/module-ui->magento/module-eav
magento/module-eav->magento/module-config->magento/module-deploy->magento/module-user->magento/module-integration->magento/module-authorization->magento/module-backend->magento/module-backup->magento/module-cron->magento/module-store->magento/module-catalog->magento/module-asynchronous-operations->magento/module-ui->magento/module-eav
magento/module-eav->magento/module-config->magento/module-deploy->magento/module-user->magento/module-email->magento/module-cms->magento/module-media-storage->magento/module-theme->magento/module-customer->magento/module-quote->magento/module-payment->magento/module-sales->magento/module-bundle->magento/module-gift-message->magento/module-multishipping->magento/module-checkout->magento/module-captcha->magento/module-backend->magento/module-backup->magento/module-cron->magento/module-store->magento/module-catalog->magento/module-asynchronous-operations->magento/module-ui->magento/module-eav
magento/module-eav->magento/module-config->magento/module-deploy->magento/module-user->magento/module-email->magento/module-cms->magento/module-media-storage->magento/module-theme->magento/module-customer->magento/module-newsletter->magento/module-backend->magento/module-backup->magento/module-cron->magento/module-store->magento/module-catalog->magento/module-asynchronous-operations->magento/module-ui->magento/module-eav
magento/module-eav->magento/module-config->magento/module-deploy->magento/module-user->magento/module-email->magento/module-cms->magento/module-media-storage->magento/module-theme->magento/module-customer->magento/module-checkout->magento/module-captcha->magento/module-sales->magento/module-bundle->magento/module-catalog-inventory->magento/module-quote->magento/module-shipping->magento/module-tax->magento/module-reports->magento/module-wishlist->magento/module-configurable-product->magento/module-product-video->magento/module-backend->magento/module-backup->magento/module-cron->magento/module-store->magento/module-catalog->magento/module-asynchronous-operations->magento/module-ui->magento/module-eav
magento/module-eav->magento/module-config->magento/module-deploy->magento/module-user->magento/module-email->magento/module-cms->magento/module-media-storage->magento/module-theme->magento/module-customer->magento/module-checkout->magento/module-captcha->magento/module-sales->magento/module-bundle->magento/module-catalog-inventory->magento/module-quote->magento/module-shipping->magento/module-tax->magento/module-reports->magento/module-review->magento/module-backend->magento/module-backup->magento/module-cron->magento/module-store->magento/module-catalog->magento/module-asynchronous-operations->magento/module-ui->magento/module-eav
magento/module-eav->magento/module-config->magento/module-deploy->magento/module-user->magento/module-email->magento/module-cms->magento/module-media-storage->magento/module-theme->magento/module-customer->magento/module-checkout->magento/module-captcha->magento/module-sales->magento/module-bundle->magento/module-catalog-inventory->magento/module-quote->magento/module-shipping->magento/module-tax->magento/module-reports->magento/module-wishlist->magento/module-rss->magento/module-backend->magento/module-backup->magento/module-cron->magento/module-store->magento/module-catalog->magento/module-asynchronous-operations->magento/module-ui->magento/module-eav
magento/module-eav->magento/module-config->magento/module-deploy->magento/module-user->magento/module-email->magento/module-cms->magento/module-media-storage->magento/module-theme->magento/module-customer->magento/module-checkout->magento/module-captcha->magento/module-sales->magento/module-bundle->magento/module-catalog-inventory->magento/module-quote->magento/module-shipping->magento/module-tax->magento/module-reports->magento/module-sales-rule->magento/module-rule->magento/module-backend->magento/module-backup->magento/module-cron->magento/module-store->magento/module-catalog->magento/module-asynchronous-operations->magento/module-ui->magento/module-eav
magento/module-eav->magento/module-config->magento/module-deploy->magento/module-user->magento/module-email->magento/module-cms->magento/module-media-storage->magento/module-theme->magento/module-customer->magento/module-checkout->magento/module-sales-rule->magento/module-backend->magento/module-backup->magento/module-cron->magento/module-store->magento/module-catalog->magento/module-asynchronous-operations->magento/module-ui->magento/module-eav
magento/module-eav->magento/module-config->magento/module-deploy->magento/module-user->magento/module-email->magento/module-cms->magento/module-media-storage->magento/module-theme->magento/module-customer->magento/module-checkout->magento/module-shipping->magento/module-backend->magento/module-backup->magento/module-cron->magento/module-store->magento/module-catalog->magento/module-asynchronous-operations->magento/module-ui->magento/module-eav
magento/module-eav->magento/module-config->magento/module-deploy->magento/module-user->magento/module-email->magento/module-cms->magento/module-media-storage->magento/module-theme->magento/module-customer->magento/module-checkout->magento/module-captcha->magento/module-sales->magento/module-bundle->magento/module-catalog-inventory->magento/module-quote->magento/module-shipping->magento/module-ups->magento/module-backend->magento/module-backup->magento/module-cron->magento/module-store->magento/module-catalog->magento/module-asynchronous-operations->magento/module-ui->magento/module-eav
magento/module-eav->magento/module-config->magento/module-deploy->magento/module-user->magento/module-email->magento/module-variable->magento/module-backend->magento/module-backup->magento/module-cron->magento/module-store->magento/module-catalog->magento/module-asynchronous-operations->magento/module-ui->magento/module-eav
magento/module-eav->magento/module-config->magento/module-deploy->magento/module-user->magento/module-email->magento/module-cms->magento/module-media-storage->magento/module-theme->magento/module-customer->magento/module-quote->magento/module-payment->magento/module-vault->magento/module-checkout->magento/module-captcha->magento/module-backend->magento/module-backup->magento/module-cron->magento/module-store->magento/module-catalog->magento/module-asynchronous-operations->magento/module-ui->magento/module-eav
magento/module-eav->magento/module-config->magento/module-deploy->magento/module-user->magento/module-email->magento/module-cms->magento/module-media-storage->magento/module-theme->magento/module-customer->magento/module-webapi->magento/module-authorization->magento/module-backend->magento/module-backup->magento/module-cron->magento/module-store->magento/module-catalog->magento/module-asynchronous-operations->magento/module-ui->magento/module-eav

magento/module-quote,23
magento/module-quote->magento/module-backend->magento/module-quote
magento/module-quote->magento/module-catalog->magento/module-asynchronous-operations->magento/module-backend->magento/module-theme->magento/module-customer->magento/module-quote
magento/module-quote->magento/module-catalog-inventory->magento/module-quote
magento/module-quote->magento/module-checkout->magento/module-quote
magento/module-quote->magento/module-payment->magento/module-quote
magento/module-quote->magento/module-sales->magento/module-gift-message->magento/module-catalog->magento/module-msrp->magento/module-tax->magento/module-quote
magento/module-quote->magento/module-sales->magento/module-quote
magento/module-quote->magento/module-shipping->magento/module-quote
magento/module-quote->magento/module-tax->magento/module-quote
magento/module-quote->magento/module-shipping->magento/module-tax->magento/module-reports->magento/module-wishlist->magento/module-configurable-product->magento/module-backend->magento/module-backup->magento/module-cron->magento/module-store->magento/module-catalog->magento/module-asynchronous-operations->magento/module-ui->magento/module-eav->magento/module-config->magento/module-deploy->magento/module-user->magento/module-email->magento/module-cms->magento/module-media-storage->magento/module-theme->magento/module-customer->magento/module-checkout->magento/module-captcha->magento/module-sales->magento/module-bundle->magento/module-catalog-inventory->magento/module-quote
magento/module-quote->magento/module-shipping->magento/module-contact->magento/module-cms->magento/module-backend->magento/module-backup->magento/module-cron->magento/module-store->magento/module-catalog->magento/module-asynchronous-operations->magento/module-ui->magento/module-eav->magento/module-config->magento/module-deploy->magento/module-user->magento/module-email->magento/module-theme->magento/module-customer->magento/module-checkout->magento/module-captcha->magento/module-sales->magento/module-bundle->magento/module-catalog-inventory->magento/module-quote
magento/module-quote->magento/module-shipping->magento/module-tax->magento/module-reports->magento/module-downloadable->magento/module-backend->magento/module-backup->magento/module-cron->magento/module-store->magento/module-catalog->magento/module-asynchronous-operations->magento/module-ui->magento/module-eav->magento/module-config->magento/module-deploy->magento/module-user->magento/module-email->magento/module-cms->magento/module-media-storage->magento/module-theme->magento/module-customer->magento/module-checkout->magento/module-captcha->magento/module-sales->magento/module-bundle->magento/module-catalog-inventory->magento/module-quote
magento/module-quote->magento/module-shipping->magento/module-fedex->magento/module-catalog->magento/module-authorization->magento/module-backend->magento/module-backup->magento/module-cron->magento/module-store->magento/module-config->magento/module-deploy->magento/module-user->magento/module-email->magento/module-cms->magento/module-media-storage->magento/module-theme->magento/module-customer->magento/module-checkout->magento/module-captcha->magento/module-sales->magento/module-bundle->magento/module-catalog-inventory->magento/module-quote
magento/module-quote->magento/module-shipping->magento/module-tax->magento/module-reports->magento/module-wishlist->magento/module-grouped-product->magento/module-backend->magento/module-backup->magento/module-cron->magento/module-store->magento/module-catalog->magento/module-asynchronous-operations->magento/module-ui->magento/module-eav->magento/module-config->magento/module-deploy->magento/module-user->magento/module-email->magento/module-cms->magento/module-media-storage->magento/module-theme->magento/module-customer->magento/module-checkout->magento/module-captcha->magento/module-sales->magento/module-bundle->magento/module-catalog-inventory->magento/module-quote
magento/module-quote->magento/module-shipping->magento/module-tax->magento/module-reports->magento/module-sales-rule->magento/module-catalog-rule->magento/module-import-export->magento/module-backend->magento/module-backup->magento/module-cron->magento/module-store->magento/module-catalog->magento/module-asynchronous-operations->magento/module-ui->magento/module-eav->magento/module-config->magento/module-deploy->magento/module-user->magento/module-email->magento/module-cms->magento/module-media-storage->magento/module-theme->magento/module-customer->magento/module-checkout->magento/module-captcha->magento/module-sales->magento/module-bundle->magento/module-catalog-inventory->magento/module-quote
magento/module-quote->magento/module-payment->magento/module-sales->magento/module-bundle->magento/module-gift-message->magento/module-multishipping->magento/module-checkout->magento/module-captcha->magento/module-backend->magento/module-backup->magento/module-cron->magento/module-store->magento/module-catalog->magento/module-asynchronous-operations->magento/module-ui->magento/module-eav->magento/module-config->magento/module-deploy->magento/module-user->magento/module-email->magento/module-cms->magento/module-media-storage->magento/module-theme->magento/module-customer->magento/module-quote
magento/module-quote->magento/module-shipping->magento/module-tax->magento/module-reports->magento/module-wishlist->magento/module-configurable-product->magento/module-product-video->magento/module-backend->magento/module-backup->magento/module-cron->magento/module-store->magento/module-catalog->magento/module-asynchronous-operations->magento/module-ui->magento/module-eav->magento/module-config->magento/module-deploy->magento/module-user->magento/module-email->magento/module-cms->magento/module-media-storage->magento/module-theme->magento/module-customer->magento/module-checkout->magento/module-captcha->magento/module-sales->magento/module-bundle->magento/module-catalog-inventory->magento/module-quote
magento/module-quote->magento/module-authorization->magento/module-backend->magento/module-quote
magento/module-quote->magento/module-shipping->magento/module-tax->magento/module-reports->magento/module-review->magento/module-backend->magento/module-backup->magento/module-cron->magento/module-store->magento/module-catalog->magento/module-asynchronous-operations->magento/module-ui->magento/module-eav->magento/module-config->magento/module-deploy->magento/module-user->magento/module-email->magento/module-cms->magento/module-media-storage->magento/module-theme->magento/module-customer->magento/module-checkout->magento/module-captcha->magento/module-sales->magento/module-bundle->magento/module-catalog-inventory->magento/module-quote
magento/module-quote->magento/module-shipping->magento/module-tax->magento/module-reports->magento/module-wishlist->magento/module-rss->magento/module-backend->magento/module-backup->magento/module-cron->magento/module-store->magento/module-catalog->magento/module-asynchronous-operations->magento/module-ui->magento/module-eav->magento/module-config->magento/module-deploy->magento/module-user->magento/module-email->magento/module-cms->magento/module-media-storage->magento/module-theme->magento/module-customer->magento/module-checkout->magento/module-captcha->magento/module-sales->magento/module-bundle->magento/module-catalog-inventory->magento/module-quote
magento/module-quote->magento/module-shipping->magento/module-tax->magento/module-reports->magento/module-sales-rule->magento/module-rule->magento/module-backend->magento/module-backup->magento/module-cron->magento/module-store->magento/module-catalog->magento/module-asynchronous-operations->magento/module-ui->magento/module-eav->magento/module-config->magento/module-deploy->magento/module-user->magento/module-email->magento/module-cms->magento/module-media-storage->magento/module-theme->magento/module-customer->magento/module-checkout->magento/module-captcha->magento/module-sales->magento/module-bundle->magento/module-catalog-inventory->magento/module-quote
magento/module-quote->magento/module-shipping->magento/module-ups->magento/module-backend->magento/module-backup->magento/module-cron->magento/module-store->magento/module-catalog->magento/module-asynchronous-operations->magento/module-ui->magento/module-eav->magento/module-config->magento/module-deploy->magento/module-user->magento/module-email->magento/module-cms->magento/module-media-storage->magento/module-theme->magento/module-customer->magento/module-checkout->magento/module-captcha->magento/module-sales->magento/module-bundle->magento/module-catalog-inventory->magento/module-quote
magento/module-quote->magento/module-payment->magento/module-vault->magento/module-checkout->magento/module-captcha->magento/module-backend->magento/module-backup->magento/module-cron->magento/module-store->magento/module-catalog->magento/module-asynchronous-operations->magento/module-ui->magento/module-eav->magento/module-config->magento/module-deploy->magento/module-user->magento/module-email->magento/module-cms->magento/module-media-storage->magento/module-theme->magento/module-customer->magento/module-quote

magento/module-reports,15
magento/module-reports->magento/module-backend->magento/module-reports
magento/module-reports->magento/module-catalog->magento/module-msrp->magento/module-tax->magento/module-reports
magento/module-reports->magento/module-downloadable->magento/module-gift-message->magento/module-sales->magento/module-reports
magento/module-reports->magento/module-downloadable->magento/module-sales->magento/module-reports
magento/module-reports->magento/module-review->magento/module-catalog->magento/module-msrp->magento/module-tax->magento/module-sales->magento/module-reports
magento/module-reports->magento/module-sales->magento/module-reports
magento/module-reports->magento/module-sales-rule->magento/module-reports
magento/module-reports->magento/module-wishlist->magento/module-configurable-product->magento/module-backend->magento/module-backup->magento/module-cron->magento/module-store->magento/module-catalog->magento/module-asynchronous-operations->magento/module-ui->magento/module-eav->magento/module-config->magento/module-deploy->magento/module-user->magento/module-email->magento/module-cms->magento/module-media-storage->magento/module-theme->magento/module-customer->magento/module-checkout->magento/module-captcha->magento/module-sales->magento/module-bundle->magento/module-catalog-inventory->magento/module-quote->magento/module-shipping->magento/module-tax->magento/module-reports
magento/module-reports->magento/module-downloadable->magento/module-backend->magento/module-backup->magento/module-cron->magento/module-store->magento/module-catalog->magento/module-asynchronous-operations->magento/module-ui->magento/module-eav->magento/module-config->magento/module-deploy->magento/module-user->magento/module-email->magento/module-cms->magento/module-media-storage->magento/module-theme->magento/module-customer->magento/module-checkout->magento/module-captcha->magento/module-sales->magento/module-bundle->magento/module-catalog-inventory->magento/module-quote->magento/module-shipping->magento/module-tax->magento/module-reports
magento/module-reports->magento/module-wishlist->magento/module-grouped-product->magento/module-backend->magento/module-backup->magento/module-cron->magento/module-store->magento/module-catalog->magento/module-asynchronous-operations->magento/module-ui->magento/module-eav->magento/module-config->magento/module-deploy->magento/module-user->magento/module-email->magento/module-cms->magento/module-media-storage->magento/module-theme->magento/module-customer->magento/module-checkout->magento/module-captcha->magento/module-sales->magento/module-bundle->magento/module-catalog-inventory->magento/module-quote->magento/module-shipping->magento/module-tax->magento/module-reports
magento/module-reports->magento/module-sales-rule->magento/module-catalog-rule->magento/module-import-export->magento/module-backend->magento/module-backup->magento/module-cron->magento/module-store->magento/module-catalog->magento/module-asynchronous-operations->magento/module-ui->magento/module-eav->magento/module-config->magento/module-deploy->magento/module-user->magento/module-email->magento/module-cms->magento/module-media-storage->magento/module-theme->magento/module-customer->magento/module-checkout->magento/module-captcha->magento/module-sales->magento/module-bundle->magento/module-catalog-inventory->magento/module-quote->magento/module-shipping->magento/module-tax->magento/module-reports
magento/module-reports->magento/module-wishlist->magento/module-configurable-product->magento/module-product-video->magento/module-backend->magento/module-backup->magento/module-cron->magento/module-store->magento/module-catalog->magento/module-asynchronous-operations->magento/module-ui->magento/module-eav->magento/module-config->magento/module-deploy->magento/module-user->magento/module-email->magento/module-cms->magento/module-media-storage->magento/module-theme->magento/module-customer->magento/module-checkout->magento/module-captcha->magento/module-sales->magento/module-bundle->magento/module-catalog-inventory->magento/module-quote->magento/module-shipping->magento/module-tax->magento/module-reports
magento/module-reports->magento/module-review->magento/module-backend->magento/module-backup->magento/module-cron->magento/module-store->magento/module-catalog->magento/module-asynchronous-operations->magento/module-ui->magento/module-eav->magento/module-config->magento/module-deploy->magento/module-user->magento/module-email->magento/module-cms->magento/module-media-storage->magento/module-theme->magento/module-customer->magento/module-checkout->magento/module-captcha->magento/module-sales->magento/module-bundle->magento/module-catalog-inventory->magento/module-quote->magento/module-shipping->magento/module-tax->magento/module-reports
magento/module-reports->magento/module-wishlist->magento/module-rss->magento/module-backend->magento/module-backup->magento/module-cron->magento/module-store->magento/module-catalog->magento/module-asynchronous-operations->magento/module-ui->magento/module-eav->magento/module-config->magento/module-deploy->magento/module-user->magento/module-email->magento/module-cms->magento/module-media-storage->magento/module-theme->magento/module-customer->magento/module-checkout->magento/module-captcha->magento/module-sales->magento/module-bundle->magento/module-catalog-inventory->magento/module-quote->magento/module-shipping->magento/module-tax->magento/module-reports
magento/module-reports->magento/module-sales-rule->magento/module-rule->magento/module-backend->magento/module-backup->magento/module-cron->magento/module-store->magento/module-catalog->magento/module-asynchronous-operations->magento/module-ui->magento/module-eav->magento/module-config->magento/module-deploy->magento/module-user->magento/module-email->magento/module-cms->magento/module-media-storage->magento/module-theme->magento/module-customer->magento/module-checkout->magento/module-captcha->magento/module-sales->magento/module-bundle->magento/module-catalog-inventory->magento/module-quote->magento/module-shipping->magento/module-tax->magento/module-reports

magento/module-sales,32
magento/module-sales->magento/module-backend->magento/module-sales
magento/module-sales->magento/module-catalog->magento/module-asynchronous-operations->magento/module-backend->magento/module-theme->magento/module-customer->magento/module-sales
magento/module-sales->magento/module-bundle->magento/module-catalog->magento/module-checkout->magento/module-sales
magento/module-sales->magento/module-checkout->magento/module-sales
magento/module-sales->magento/module-gift-message->magento/module-catalog->magento/module-msrp->magento/module-tax->magento/module-quote->magento/module-sales
magento/module-sales->magento/module-payment->magento/module-sales
magento/module-sales->magento/module-quote->magento/module-sales
magento/module-sales->magento/module-reports->magento/module-downloadable->magento/module-gift-message->magento/module-sales
magento/module-sales->magento/module-reports->magento/module-downloadable->magento/module-sales
magento/module-sales->magento/module-reports->magento/module-review->magento/module-catalog->magento/module-msrp->magento/module-tax->magento/module-sales
magento/module-sales->magento/module-reports->magento/module-sales
magento/module-sales->magento/module-sales-rule->magento/module-catalog-rule->magento/module-rule->magento/module-catalog->magento/module-msrp->magento/module-tax->magento/module-sales
magento/module-sales->magento/module-sales-rule->magento/module-catalog-rule->magento/module-import-export->magento/module-catalog->magento/module-msrp->magento/module-tax->magento/module-sales
magento/module-sales->magento/module-sales-rule->magento/module-sales
magento/module-sales->magento/module-shipping->magento/module-sales
magento/module-sales->magento/module-tax->magento/module-sales
magento/module-sales->magento/module-wishlist->magento/module-sales
magento/module-sales->magento/module-bundle->magento/module-backend->magento/module-backup->magento/module-cron->magento/module-store->magento/module-catalog->magento/module-asynchronous-operations->magento/module-ui->magento/module-eav->magento/module-config->magento/module-deploy->magento/module-user->magento/module-email->magento/module-cms->magento/module-media-storage->magento/module-theme->magento/module-customer->magento/module-checkout->magento/module-captcha->magento/module-sales
magento/module-sales->magento/module-bundle->magento/module-catalog-inventory->magento/module-quote->magento/module-shipping->magento/module-tax->magento/module-reports->magento/module-wishlist->magento/module-configurable-product->magento/module-backend->magento/module-backup->magento/module-cron->magento/module-store->magento/module-catalog->magento/module-asynchronous-operations->magento/module-ui->magento/module-eav->magento/module-config->magento/module-deploy->magento/module-user->magento/module-email->magento/module-cms->magento/module-media-storage->magento/module-theme->magento/module-customer->magento/module-checkout->magento/module-captcha->magento/module-sales
magento/module-sales->magento/module-bundle->magento/module-catalog-inventory->magento/module-quote->magento/module-shipping->magento/module-contact->magento/module-cms->magento/module-backend->magento/module-backup->magento/module-cron->magento/module-store->magento/module-catalog->magento/module-asynchronous-operations->magento/module-ui->magento/module-eav->magento/module-config->magento/module-deploy->magento/module-user->magento/module-email->magento/module-theme->magento/module-customer->magento/module-checkout->magento/module-captcha->magento/module-sales
magento/module-sales->magento/module-bundle->magento/module-catalog-inventory->magento/module-quote->magento/module-shipping->magento/module-tax->magento/module-reports->magento/module-downloadable->magento/module-backend->magento/module-backup->magento/module-cron->magento/module-store->magento/module-catalog->magento/module-asynchronous-operations->magento/module-ui->magento/module-eav->magento/module-config->magento/module-deploy->magento/module-user->magento/module-email->magento/module-cms->magento/module-media-storage->magento/module-theme->magento/module-customer->magento/module-checkout->magento/module-captcha->magento/module-sales
magento/module-sales->magento/module-bundle->magento/module-catalog-inventory->magento/module-quote->magento/module-shipping->magento/module-fedex->magento/module-catalog->magento/module-authorization->magento/module-backend->magento/module-backup->magento/module-cron->magento/module-store->magento/module-config->magento/module-deploy->magento/module-user->magento/module-email->magento/module-cms->magento/module-media-storage->magento/module-theme->magento/module-customer->magento/module-checkout->magento/module-captcha->magento/module-sales
magento/module-sales->magento/module-gift-message->magento/module-backend->magento/module-backup->magento/module-cron->magento/module-store->magento/module-catalog->magento/module-asynchronous-operations->magento/module-ui->magento/module-eav->magento/module-config->magento/module-deploy->magento/module-user->magento/module-email->magento/module-cms->magento/module-media-storage->magento/module-theme->magento/module-customer->magento/module-checkout->magento/module-captcha->magento/module-sales
magento/module-sales->magento/module-bundle->magento/module-catalog-inventory->magento/module-quote->magento/module-shipping->magento/module-tax->magento/module-reports->magento/module-wishlist->magento/module-grouped-product->magento/module-backend->magento/module-backup->magento/module-cron->magento/module-store->magento/module-catalog->magento/module-asynchronous-operations->magento/module-ui->magento/module-eav->magento/module-config->magento/module-deploy->magento/module-user->magento/module-email->magento/module-cms->magento/module-media-storage->magento/module-theme->magento/module-customer->magento/module-checkout->magento/module-captcha->magento/module-sales
magento/module-sales->magento/module-bundle->magento/module-catalog-inventory->magento/module-quote->magento/module-shipping->magento/module-tax->magento/module-reports->magento/module-sales-rule->magento/module-catalog-rule->magento/module-import-export->magento/module-backend->magento/module-backup->magento/module-cron->magento/module-store->magento/module-catalog->magento/module-asynchronous-operations->magento/module-ui->magento/module-eav->magento/module-config->magento/module-deploy->magento/module-user->magento/module-email->magento/module-cms->magento/module-media-storage->magento/module-theme->magento/module-customer->magento/module-checkout->magento/module-captcha->magento/module-sales
magento/module-sales->magento/module-bundle->magento/module-gift-message->magento/module-multishipping->magento/module-checkout->magento/module-captcha->magento/module-backend->magento/module-backup->magento/module-cron->magento/module-store->magento/module-catalog->magento/module-asynchronous-operations->magento/module-ui->magento/module-eav->magento/module-config->magento/module-deploy->magento/module-user->magento/module-email->magento/module-cms->magento/module-media-storage->magento/module-theme->magento/module-customer->magento/module-quote->magento/module-payment->magento/module-sales
magento/module-sales->magento/module-bundle->magento/module-catalog-inventory->magento/module-quote->magento/module-shipping->magento/module-tax->magento/module-reports->magento/module-wishlist->magento/module-configurable-product->magento/module-product-video->magento/module-backend->magento/module-backup->magento/module-cron->magento/module-store->magento/module-catalog->magento/module-asynchronous-operations->magento/module-ui->magento/module-eav->magento/module-config->magento/module-deploy->magento/module-user->magento/module-email->magento/module-cms->magento/module-media-storage->magento/module-theme->magento/module-customer->magento/module-checkout->magento/module-captcha->magento/module-sales
magento/module-sales->magento/module-bundle->magento/module-catalog-inventory->magento/module-quote->magento/module-shipping->magento/module-tax->magento/module-reports->magento/module-review->magento/module-backend->magento/module-backup->magento/module-cron->magento/module-store->magento/module-catalog->magento/module-asynchronous-operations->magento/module-ui->magento/module-eav->magento/module-config->magento/module-deploy->magento/module-user->magento/module-email->magento/module-cms->magento/module-media-storage->magento/module-theme->magento/module-customer->magento/module-checkout->magento/module-captcha->magento/module-sales
magento/module-sales->magento/module-bundle->magento/module-catalog-inventory->magento/module-quote->magento/module-shipping->magento/module-tax->magento/module-reports->magento/module-wishlist->magento/module-rss->magento/module-backend->magento/module-backup->magento/module-cron->magento/module-store->magento/module-catalog->magento/module-asynchronous-operations->magento/module-ui->magento/module-eav->magento/module-config->magento/module-deploy->magento/module-user->magento/module-email->magento/module-cms->magento/module-media-storage->magento/module-theme->magento/module-customer->magento/module-checkout->magento/module-captcha->magento/module-sales
magento/module-sales->magento/module-bundle->magento/module-catalog-inventory->magento/module-quote->magento/module-shipping->magento/module-tax->magento/module-reports->magento/module-sales-rule->magento/module-rule->magento/module-backend->magento/module-backup->magento/module-cron->magento/module-store->magento/module-catalog->magento/module-asynchronous-operations->magento/module-ui->magento/module-eav->magento/module-config->magento/module-deploy->magento/module-user->magento/module-email->magento/module-cms->magento/module-media-storage->magento/module-theme->magento/module-customer->magento/module-checkout->magento/module-captcha->magento/module-sales
magento/module-sales->magento/module-authorization->magento/module-backend->magento/module-sales
magento/module-sales->magento/module-bundle->magento/module-catalog-inventory->magento/module-quote->magento/module-shipping->magento/module-ups->magento/module-backend->magento/module-backup->magento/module-cron->magento/module-store->magento/module-catalog->magento/module-asynchronous-operations->magento/module-ui->magento/module-eav->magento/module-config->magento/module-deploy->magento/module-user->magento/module-email->magento/module-cms->magento/module-media-storage->magento/module-theme->magento/module-customer->magento/module-checkout->magento/module-captcha->magento/module-sales

magento/module-security,4
magento/module-security->magento/module-backend->magento/module-security
magento/module-security->magento/module-user->magento/module-security
magento/module-security->magento/module-customer->magento/module-webapi->magento/module-integration->magento/module-security
magento/module-security->magento/module-config->magento/module-backend->magento/module-security

magento/module-translation,1
magento/module-translation->magento/module-backend->magento/module-translation

magento/module-user,30
magento/module-user->magento/module-backend->magento/module-ui->magento/module-user
magento/module-user->magento/module-email->magento/module-cms->magento/module-catalog->magento/module-asynchronous-operations->magento/module-backend->magento/module-user
magento/module-user->magento/module-email->magento/module-theme->magento/module-backend->magento/module-user
magento/module-user->magento/module-email->magento/module-media-storage->magento/module-catalog->magento/module-asynchronous-operations->magento/module-backend->magento/module-user
magento/module-user->magento/module-email->magento/module-variable->magento/module-backend->magento/module-user
magento/module-user->magento/module-integration->magento/module-backend->magento/module-user
magento/module-user->magento/module-security->magento/module-user
magento/module-user->magento/module-email->magento/module-cms->magento/module-media-storage->magento/module-theme->magento/module-customer->magento/module-checkout->magento/module-captcha->magento/module-sales->magento/module-bundle->magento/module-backend->magento/module-backup->magento/module-cron->magento/module-store->magento/module-catalog->magento/module-asynchronous-operations->magento/module-ui->magento/module-eav->magento/module-config->magento/module-deploy->magento/module-user
magento/module-user->magento/module-email->magento/module-cms->magento/module-media-storage->magento/module-theme->magento/module-customer->magento/module-checkout->magento/module-captcha->magento/module-backend->magento/module-backup->magento/module-cron->magento/module-store->magento/module-catalog->magento/module-asynchronous-operations->magento/module-ui->magento/module-eav->magento/module-config->magento/module-deploy->magento/module-user
magento/module-user->magento/module-email->magento/module-cms->magento/module-media-storage->magento/module-theme->magento/module-customer->magento/module-checkout->magento/module-captcha->magento/module-sales->magento/module-bundle->magento/module-catalog-inventory->magento/module-quote->magento/module-shipping->magento/module-tax->magento/module-reports->magento/module-wishlist->magento/module-configurable-product->magento/module-backend->magento/module-backup->magento/module-cron->magento/module-store->magento/module-catalog->magento/module-asynchronous-operations->magento/module-ui->magento/module-eav->magento/module-config->magento/module-deploy->magento/module-user
magento/module-user->magento/module-email->magento/module-theme->magento/module-customer->magento/module-checkout->magento/module-captcha->magento/module-sales->magento/module-bundle->magento/module-catalog-inventory->magento/module-quote->magento/module-shipping->magento/module-contact->magento/module-cms->magento/module-backend->magento/module-backup->magento/module-cron->magento/module-store->magento/module-catalog->magento/module-asynchronous-operations->magento/module-ui->magento/module-eav->magento/module-config->magento/module-deploy->magento/module-user
magento/module-user->magento/module-email->magento/module-cms->magento/module-media-storage->magento/module-theme->magento/module-customer->magento/module-checkout->magento/module-captcha->magento/module-sales->magento/module-bundle->magento/module-catalog-inventory->magento/module-quote->magento/module-shipping->magento/module-tax->magento/module-reports->magento/module-downloadable->magento/module-backend->magento/module-backup->magento/module-cron->magento/module-store->magento/module-catalog->magento/module-asynchronous-operations->magento/module-ui->magento/module-eav->magento/module-config->magento/module-deploy->magento/module-user
magento/module-user->magento/module-email->magento/module-cms->magento/module-media-storage->magento/module-theme->magento/module-customer->magento/module-checkout->magento/module-captcha->magento/module-sales->magento/module-bundle->magento/module-catalog-inventory->magento/module-quote->magento/module-shipping->magento/module-fedex->magento/module-catalog->magento/module-authorization->magento/module-backend->magento/module-backup->magento/module-cron->magento/module-store->magento/module-config->magento/module-deploy->magento/module-user
magento/module-user->magento/module-email->magento/module-cms->magento/module-media-storage->magento/module-theme->magento/module-customer->magento/module-checkout->magento/module-captcha->magento/module-sales->magento/module-gift-message->magento/module-backend->magento/module-backup->magento/module-cron->magento/module-store->magento/module-catalog->magento/module-asynchronous-operations->magento/module-ui->magento/module-eav->magento/module-config->magento/module-deploy->magento/module-user
magento/module-user->magento/module-email->magento/module-cms->magento/module-media-storage->magento/module-theme->magento/module-customer->magento/module-checkout->magento/module-captcha->magento/module-sales->magento/module-bundle->magento/module-catalog-inventory->magento/module-quote->magento/module-shipping->magento/module-tax->magento/module-reports->magento/module-wishlist->magento/module-grouped-product->magento/module-backend->magento/module-backup->magento/module-cron->magento/module-store->magento/module-catalog->magento/module-asynchronous-operations->magento/module-ui->magento/module-eav->magento/module-config->magento/module-deploy->magento/module-user
magento/module-user->magento/module-email->magento/module-cms->magento/module-media-storage->magento/module-theme->magento/module-customer->magento/module-checkout->magento/module-captcha->magento/module-sales->magento/module-bundle->magento/module-catalog-inventory->magento/module-quote->magento/module-shipping->magento/module-tax->magento/module-reports->magento/module-sales-rule->magento/module-catalog-rule->magento/module-import-export->magento/module-backend->magento/module-backup->magento/module-cron->magento/module-store->magento/module-catalog->magento/module-asynchronous-operations->magento/module-ui->magento/module-eav->magento/module-config->magento/module-deploy->magento/module-user
magento/module-user->magento/module-integration->magento/module-authorization->magento/module-backend->magento/module-backup->magento/module-cron->magento/module-store->magento/module-catalog->magento/module-asynchronous-operations->magento/module-ui->magento/module-eav->magento/module-config->magento/module-deploy->magento/module-user
magento/module-user->magento/module-email->magento/module-cms->magento/module-media-storage->magento/module-theme->magento/module-customer->magento/module-quote->magento/module-payment->magento/module-sales->magento/module-bundle->magento/module-gift-message->magento/module-multishipping->magento/module-checkout->magento/module-captcha->magento/module-backend->magento/module-backup->magento/module-cron->magento/module-store->magento/module-catalog->magento/module-asynchronous-operations->magento/module-ui->magento/module-eav->magento/module-config->magento/module-deploy->magento/module-user
magento/module-user->magento/module-email->magento/module-cms->magento/module-media-storage->magento/module-theme->magento/module-customer->magento/module-newsletter->magento/module-backend->magento/module-backup->magento/module-cron->magento/module-store->magento/module-catalog->magento/module-asynchronous-operations->magento/module-ui->magento/module-eav->magento/module-config->magento/module-deploy->magento/module-user
magento/module-user->magento/module-email->magento/module-cms->magento/module-media-storage->magento/module-theme->magento/module-customer->magento/module-checkout->magento/module-captcha->magento/module-sales->magento/module-bundle->magento/module-catalog-inventory->magento/module-quote->magento/module-shipping->magento/module-tax->magento/module-reports->magento/module-wishlist->magento/module-configurable-product->magento/module-product-video->magento/module-backend->magento/module-backup->magento/module-cron->magento/module-store->magento/module-catalog->magento/module-asynchronous-operations->magento/module-ui->magento/module-eav->magento/module-config->magento/module-deploy->magento/module-user
magento/module-user->magento/module-email->magento/module-cms->magento/module-media-storage->magento/module-theme->magento/module-customer->magento/module-checkout->magento/module-captcha->magento/module-sales->magento/module-bundle->magento/module-catalog-inventory->magento/module-quote->magento/module-shipping->magento/module-tax->magento/module-reports->magento/module-review->magento/module-backend->magento/module-backup->magento/module-cron->magento/module-store->magento/module-catalog->magento/module-asynchronous-operations->magento/module-ui->magento/module-eav->magento/module-config->magento/module-deploy->magento/module-user
magento/module-user->magento/module-email->magento/module-cms->magento/module-media-storage->magento/module-theme->magento/module-customer->magento/module-checkout->magento/module-captcha->magento/module-sales->magento/module-bundle->magento/module-catalog-inventory->magento/module-quote->magento/module-shipping->magento/module-tax->magento/module-reports->magento/module-wishlist->magento/module-rss->magento/module-backend->magento/module-backup->magento/module-cron->magento/module-store->magento/module-catalog->magento/module-asynchronous-operations->magento/module-ui->magento/module-eav->magento/module-config->magento/module-deploy->magento/module-user
magento/module-user->magento/module-email->magento/module-cms->magento/module-media-storage->magento/module-theme->magento/module-customer->magento/module-checkout->magento/module-captcha->magento/module-sales->magento/module-bundle->magento/module-catalog-inventory->magento/module-quote->magento/module-shipping->magento/module-tax->magento/module-reports->magento/module-sales-rule->magento/module-rule->magento/module-backend->magento/module-backup->magento/module-cron->magento/module-store->magento/module-catalog->magento/module-asynchronous-operations->magento/module-ui->magento/module-eav->magento/module-config->magento/module-deploy->magento/module-user
magento/module-user->magento/module-email->magento/module-cms->magento/module-media-storage->magento/module-theme->magento/module-customer->magento/module-checkout->magento/module-sales-rule->magento/module-backend->magento/module-backup->magento/module-cron->magento/module-store->magento/module-catalog->magento/module-asynchronous-operations->magento/module-ui->magento/module-eav->magento/module-config->magento/module-deploy->magento/module-user
magento/module-user->magento/module-email->magento/module-cms->magento/module-media-storage->magento/module-theme->magento/module-customer->magento/module-checkout->magento/module-shipping->magento/module-backend->magento/module-backup->magento/module-cron->magento/module-store->magento/module-catalog->magento/module-asynchronous-operations->magento/module-ui->magento/module-eav->magento/module-config->magento/module-deploy->magento/module-user
magento/module-user->magento/module-email->magento/module-cms->magento/module-media-storage->magento/module-theme->magento/module-customer->magento/module-checkout->magento/module-captcha->magento/module-sales->magento/module-bundle->magento/module-catalog-inventory->magento/module-quote->magento/module-shipping->magento/module-ups->magento/module-backend->magento/module-backup->magento/module-cron->magento/module-store->magento/module-catalog->magento/module-asynchronous-operations->magento/module-ui->magento/module-eav->magento/module-config->magento/module-deploy->magento/module-user
magento/module-user->magento/module-authorization->magento/module-backend->magento/module-user
magento/module-user->magento/module-email->magento/module-variable->magento/module-backend->magento/module-backup->magento/module-cron->magento/module-store->magento/module-catalog->magento/module-asynchronous-operations->magento/module-ui->magento/module-eav->magento/module-config->magento/module-deploy->magento/module-user
magento/module-user->magento/module-email->magento/module-cms->magento/module-media-storage->magento/module-theme->magento/module-customer->magento/module-quote->magento/module-payment->magento/module-vault->magento/module-checkout->magento/module-captcha->magento/module-backend->magento/module-backup->magento/module-cron->magento/module-store->magento/module-catalog->magento/module-asynchronous-operations->magento/module-ui->magento/module-eav->magento/module-config->magento/module-deploy->magento/module-user
magento/module-user->magento/module-email->magento/module-cms->magento/module-media-storage->magento/module-theme->magento/module-customer->magento/module-webapi->magento/module-authorization->magento/module-backend->magento/module-backup->magento/module-cron->magento/module-store->magento/module-catalog->magento/module-asynchronous-operations->magento/module-ui->magento/module-eav->magento/module-config->magento/module-deploy->magento/module-user

magento/module-theme,34
magento/module-theme->magento/module-backend->magento/module-user->magento/module-email->magento/module-theme
magento/module-theme->magento/module-cms->magento/module-media-storage->magento/module-theme
magento/module-theme->magento/module-cms->magento/module-theme
magento/module-theme->magento/module-customer->magento/module-checkout->magento/module-captcha->magento/module-backend->magento/module-theme
magento/module-theme->magento/module-customer->magento/module-checkout->magento/module-catalog->magento/module-asynchronous-operations->magento/module-backend->magento/module-theme
magento/module-theme->magento/module-customer->magento/module-eav->magento/module-media-storage->magento/module-asynchronous-operations->magento/module-backend->magento/module-theme
magento/module-theme->magento/module-customer->magento/module-newsletter->magento/module-backend->magento/module-theme
magento/module-theme->magento/module-customer->magento/module-page-cache->magento/module-backend->magento/module-theme
magento/module-theme->magento/module-customer->magento/module-quote->magento/module-catalog->magento/module-asynchronous-operations->magento/module-backend->magento/module-theme
magento/module-theme->magento/module-customer->magento/module-sales->magento/module-catalog->magento/module-asynchronous-operations->magento/module-backend->magento/module-theme
magento/module-theme->magento/module-customer->magento/module-tax->magento/module-backend->magento/module-theme
magento/module-theme->magento/module-customer->magento/module-theme
magento/module-theme->magento/module-widget->magento/module-backend->magento/module-theme
magento/module-theme->magento/module-customer->magento/module-checkout->magento/module-captcha->magento/module-sales->magento/module-bundle->magento/module-backend->magento/module-backup->magento/module-cron->magento/module-store->magento/module-catalog->magento/module-asynchronous-operations->magento/module-ui->magento/module-eav->magento/module-config->magento/module-deploy->magento/module-user->magento/module-email->magento/module-cms->magento/module-media-storage->magento/module-theme
magento/module-theme->magento/module-customer->magento/module-checkout->magento/module-captcha->magento/module-backend->magento/module-backup->magento/module-cron->magento/module-store->magento/module-catalog->magento/module-asynchronous-operations->magento/module-ui->magento/module-eav->magento/module-config->magento/module-deploy->magento/module-user->magento/module-email->magento/module-cms->magento/module-media-storage->magento/module-theme
magento/module-theme->magento/module-customer->magento/module-checkout->magento/module-captcha->magento/module-sales->magento/module-bundle->magento/module-catalog-inventory->magento/module-quote->magento/module-shipping->magento/module-tax->magento/module-reports->magento/module-wishlist->magento/module-configurable-product->magento/module-backend->magento/module-backup->magento/module-cron->magento/module-store->magento/module-catalog->magento/module-asynchronous-operations->magento/module-ui->magento/module-eav->magento/module-config->magento/module-deploy->magento/module-user->magento/module-email->magento/module-cms->magento/module-media-storage->magento/module-theme
magento/module-theme->magento/module-customer->magento/module-checkout->magento/module-captcha->magento/module-sales->magento/module-bundle->magento/module-catalog-inventory->magento/module-quote->magento/module-shipping->magento/module-contact->magento/module-cms->magento/module-backend->magento/module-backup->magento/module-cron->magento/module-store->magento/module-catalog->magento/module-asynchronous-operations->magento/module-ui->magento/module-eav->magento/module-config->magento/module-deploy->magento/module-user->magento/module-email->magento/module-theme
magento/module-theme->magento/module-customer->magento/module-checkout->magento/module-captcha->magento/module-sales->magento/module-bundle->magento/module-catalog-inventory->magento/module-quote->magento/module-shipping->magento/module-tax->magento/module-reports->magento/module-downloadable->magento/module-backend->magento/module-backup->magento/module-cron->magento/module-store->magento/module-catalog->magento/module-asynchronous-operations->magento/module-ui->magento/module-eav->magento/module-config->magento/module-deploy->magento/module-user->magento/module-email->magento/module-cms->magento/module-media-storage->magento/module-theme
magento/module-theme->magento/module-customer->magento/module-checkout->magento/module-captcha->magento/module-sales->magento/module-bundle->magento/module-catalog-inventory->magento/module-quote->magento/module-shipping->magento/module-fedex->magento/module-catalog->magento/module-authorization->magento/module-backend->magento/module-backup->magento/module-cron->magento/module-store->magento/module-config->magento/module-deploy->magento/module-user->magento/module-email->magento/module-cms->magento/module-media-storage->magento/module-theme
magento/module-theme->magento/module-customer->magento/module-checkout->magento/module-captcha->magento/module-sales->magento/module-gift-message->magento/module-backend->magento/module-backup->magento/module-cron->magento/module-store->magento/module-catalog->magento/module-asynchronous-operations->magento/module-ui->magento/module-eav->magento/module-config->magento/module-deploy->magento/module-user->magento/module-email->magento/module-cms->magento/module-media-storage->magento/module-theme
magento/module-theme->magento/module-customer->magento/module-checkout->magento/module-captcha->magento/module-sales->magento/module-bundle->magento/module-catalog-inventory->magento/module-quote->magento/module-shipping->magento/module-tax->magento/module-reports->magento/module-wishlist->magento/module-grouped-product->magento/module-backend->magento/module-backup->magento/module-cron->magento/module-store->magento/module-catalog->magento/module-asynchronous-operations->magento/module-ui->magento/module-eav->magento/module-config->magento/module-deploy->magento/module-user->magento/module-email->magento/module-cms->magento/module-media-storage->magento/module-theme
magento/module-theme->magento/module-customer->magento/module-checkout->magento/module-captcha->magento/module-sales->magento/module-bundle->magento/module-catalog-inventory->magento/module-quote->magento/module-shipping->magento/module-tax->magento/module-reports->magento/module-sales-rule->magento/module-catalog-rule->magento/module-import-export->magento/module-backend->magento/module-backup->magento/module-cron->magento/module-store->magento/module-catalog->magento/module-asynchronous-operations->magento/module-ui->magento/module-eav->magento/module-config->magento/module-deploy->magento/module-user->magento/module-email->magento/module-cms->magento/module-media-storage->magento/module-theme
magento/module-theme->magento/module-customer->magento/module-quote->magento/module-payment->magento/module-sales->magento/module-bundle->magento/module-gift-message->magento/module-multishipping->magento/module-checkout->magento/module-captcha->magento/module-backend->magento/module-backup->magento/module-cron->magento/module-store->magento/module-catalog->magento/module-asynchronous-operations->magento/module-ui->magento/module-eav->magento/module-config->magento/module-deploy->magento/module-user->magento/module-email->magento/module-cms->magento/module-media-storage->magento/module-theme
magento/module-theme->magento/module-customer->magento/module-newsletter->magento/module-backend->magento/module-backup->magento/module-cron->magento/module-store->magento/module-catalog->magento/module-asynchronous-operations->magento/module-ui->magento/module-eav->magento/module-config->magento/module-deploy->magento/module-user->magento/module-email->magento/module-cms->magento/module-media-storage->magento/module-theme
magento/module-theme->magento/module-customer->magento/module-checkout->magento/module-captcha->magento/module-sales->magento/module-bundle->magento/module-catalog-inventory->magento/module-quote->magento/module-shipping->magento/module-tax->magento/module-reports->magento/module-wishlist->magento/module-configurable-product->magento/module-product-video->magento/module-backend->magento/module-backup->magento/module-cron->magento/module-store->magento/module-catalog->magento/module-asynchronous-operations->magento/module-ui->magento/module-eav->magento/module-config->magento/module-deploy->magento/module-user->magento/module-email->magento/module-cms->magento/module-media-storage->magento/module-theme
magento/module-theme->magento/module-customer->magento/module-checkout->magento/module-captcha->magento/module-sales->magento/module-bundle->magento/module-catalog-inventory->magento/module-quote->magento/module-shipping->magento/module-tax->magento/module-reports->magento/module-review->magento/module-backend->magento/module-backup->magento/module-cron->magento/module-store->magento/module-catalog->magento/module-asynchronous-operations->magento/module-ui->magento/module-eav->magento/module-config->magento/module-deploy->magento/module-user->magento/module-email->magento/module-cms->magento/module-media-storage->magento/module-theme
magento/module-theme->magento/module-customer->magento/module-checkout->magento/module-captcha->magento/module-sales->magento/module-bundle->magento/module-catalog-inventory->magento/module-quote->magento/module-shipping->magento/module-tax->magento/module-reports->magento/module-wishlist->magento/module-rss->magento/module-backend->magento/module-backup->magento/module-cron->magento/module-store->magento/module-catalog->magento/module-asynchronous-operations->magento/module-ui->magento/module-eav->magento/module-config->magento/module-deploy->magento/module-user->magento/module-email->magento/module-cms->magento/module-media-storage->magento/module-theme
magento/module-theme->magento/module-customer->magento/module-checkout->magento/module-captcha->magento/module-sales->magento/module-bundle->magento/module-catalog-inventory->magento/module-quote->magento/module-shipping->magento/module-tax->magento/module-reports->magento/module-sales-rule->magento/module-rule->magento/module-backend->magento/module-backup->magento/module-cron->magento/module-store->magento/module-catalog->magento/module-asynchronous-operations->magento/module-ui->magento/module-eav->magento/module-config->magento/module-deploy->magento/module-user->magento/module-email->magento/module-cms->magento/module-media-storage->magento/module-theme
magento/module-theme->magento/module-customer->magento/module-checkout->magento/module-sales-rule->magento/module-backend->magento/module-backup->magento/module-cron->magento/module-store->magento/module-catalog->magento/module-asynchronous-operations->magento/module-ui->magento/module-eav->magento/module-config->magento/module-deploy->magento/module-user->magento/module-email->magento/module-cms->magento/module-media-storage->magento/module-theme
magento/module-theme->magento/module-customer->magento/module-checkout->magento/module-shipping->magento/module-backend->magento/module-backup->magento/module-cron->magento/module-store->magento/module-catalog->magento/module-asynchronous-operations->magento/module-ui->magento/module-eav->magento/module-config->magento/module-deploy->magento/module-user->magento/module-email->magento/module-cms->magento/module-media-storage->magento/module-theme
magento/module-theme->magento/module-backend->magento/module-theme
magento/module-theme->magento/module-customer->magento/module-checkout->magento/module-captcha->magento/module-sales->magento/module-bundle->magento/module-catalog-inventory->magento/module-quote->magento/module-shipping->magento/module-ups->magento/module-backend->magento/module-backup->magento/module-cron->magento/module-store->magento/module-catalog->magento/module-asynchronous-operations->magento/module-ui->magento/module-eav->magento/module-config->magento/module-deploy->magento/module-user->magento/module-email->magento/module-cms->magento/module-media-storage->magento/module-theme
magento/module-theme->magento/module-customer->magento/module-quote->magento/module-payment->magento/module-vault->magento/module-checkout->magento/module-captcha->magento/module-backend->magento/module-backup->magento/module-cron->magento/module-store->magento/module-catalog->magento/module-asynchronous-operations->magento/module-ui->magento/module-eav->magento/module-config->magento/module-deploy->magento/module-user->magento/module-email->magento/module-cms->magento/module-media-storage->magento/module-theme
magento/module-theme->magento/module-customer->magento/module-webapi->magento/module-authorization->magento/module-backend->magento/module-backup->magento/module-cron->magento/module-store->magento/module-catalog->magento/module-asynchronous-operations->magento/module-ui->magento/module-eav->magento/module-config->magento/module-deploy->magento/module-user->magento/module-email->magento/module-cms->magento/module-media-storage->magento/module-theme

magento/module-variable,2
magento/module-variable->magento/module-backend->magento/module-user->magento/module-email->magento/module-variable
magento/module-variable->magento/module-backend->magento/module-backup->magento/module-cron->magento/module-store->magento/module-catalog->magento/module-asynchronous-operations->magento/module-ui->magento/module-eav->magento/module-config->magento/module-deploy->magento/module-user->magento/module-email->magento/module-variable

magento/module-integration,4
magento/module-integration->magento/module-backend->magento/module-user->magento/module-integration
magento/module-integration->magento/module-customer->magento/module-integration
magento/module-integration->magento/module-security->magento/module-customer->magento/module-webapi->magento/module-integration
magento/module-integration->magento/module-authorization->magento/module-backend->magento/module-backup->magento/module-cron->magento/module-store->magento/module-catalog->magento/module-asynchronous-operations->magento/module-ui->magento/module-eav->magento/module-config->magento/module-deploy->magento/module-user->magento/module-integration

magento/module-checkout,31
magento/module-checkout->magento/module-captcha->magento/module-backend->magento/module-theme->magento/module-customer->magento/module-checkout
magento/module-checkout->magento/module-catalog->magento/module-asynchronous-operations->magento/module-backend->magento/module-theme->magento/module-customer->magento/module-checkout
magento/module-checkout->magento/module-catalog-inventory->magento/module-customer->magento/module-wishlist->magento/module-catalog->magento/module-checkout
magento/module-checkout->magento/module-msrp->magento/module-catalog->magento/module-checkout
magento/module-checkout->magento/module-page-cache->magento/module-catalog->magento/module-checkout
magento/module-checkout->magento/module-payment->magento/module-checkout
magento/module-checkout->magento/module-quote->magento/module-checkout
magento/module-checkout->magento/module-sales->magento/module-bundle->magento/module-catalog->magento/module-checkout
magento/module-checkout->magento/module-sales->magento/module-checkout
magento/module-checkout->magento/module-sales-rule->magento/module-catalog->magento/module-checkout
magento/module-checkout->magento/module-shipping->magento/module-catalog->magento/module-checkout
magento/module-checkout->magento/module-tax->magento/module-catalog->magento/module-checkout
magento/module-checkout->magento/module-captcha->magento/module-sales->magento/module-bundle->magento/module-backend->magento/module-backup->magento/module-cron->magento/module-store->magento/module-catalog->magento/module-asynchronous-operations->magento/module-ui->magento/module-eav->magento/module-config->magento/module-deploy->magento/module-user->magento/module-email->magento/module-cms->magento/module-media-storage->magento/module-theme->magento/module-customer->magento/module-checkout
magento/module-checkout->magento/module-captcha->magento/module-backend->magento/module-backup->magento/module-cron->magento/module-store->magento/module-catalog->magento/module-asynchronous-operations->magento/module-ui->magento/module-eav->magento/module-config->magento/module-deploy->magento/module-user->magento/module-email->magento/module-cms->magento/module-media-storage->magento/module-theme->magento/module-customer->magento/module-checkout
magento/module-checkout->magento/module-captcha->magento/module-checkout
magento/module-checkout->magento/module-captcha->magento/module-sales->magento/module-bundle->magento/module-catalog-inventory->magento/module-quote->magento/module-shipping->magento/module-tax->magento/module-reports->magento/module-wishlist->magento/module-configurable-product->magento/module-backend->magento/module-backup->magento/module-cron->magento/module-store->magento/module-catalog->magento/module-asynchronous-operations->magento/module-ui->magento/module-eav->magento/module-config->magento/module-deploy->magento/module-user->magento/module-email->magento/module-cms->magento/module-media-storage->magento/module-theme->magento/module-customer->magento/module-checkout
magento/module-checkout->magento/module-captcha->magento/module-sales->magento/module-bundle->magento/module-catalog-inventory->magento/module-quote->magento/module-shipping->magento/module-contact->magento/module-cms->magento/module-backend->magento/module-backup->magento/module-cron->magento/module-store->magento/module-catalog->magento/module-asynchronous-operations->magento/module-ui->magento/module-eav->magento/module-config->magento/module-deploy->magento/module-user->magento/module-email->magento/module-theme->magento/module-customer->magento/module-checkout
magento/module-checkout->magento/module-captcha->magento/module-sales->magento/module-bundle->magento/module-catalog-inventory->magento/module-quote->magento/module-shipping->magento/module-tax->magento/module-reports->magento/module-downloadable->magento/module-backend->magento/module-backup->magento/module-cron->magento/module-store->magento/module-catalog->magento/module-asynchronous-operations->magento/module-ui->magento/module-eav->magento/module-config->magento/module-deploy->magento/module-user->magento/module-email->magento/module-cms->magento/module-media-storage->magento/module-theme->magento/module-customer->magento/module-checkout
magento/module-checkout->magento/module-captcha->magento/module-sales->magento/module-bundle->magento/module-catalog-inventory->magento/module-quote->magento/module-shipping->magento/module-fedex->magento/module-catalog->magento/module-authorization->magento/module-backend->magento/module-backup->magento/module-cron->magento/module-store->magento/module-config->magento/module-deploy->magento/module-user->magento/module-email->magento/module-cms->magento/module-media-storage->magento/module-theme->magento/module-customer->magento/module-checkout
magento/module-checkout->magento/module-captcha->magento/module-sales->magento/module-gift-message->magento/module-backend->magento/module-backup->magento/module-cron->magento/module-store->magento/module-catalog->magento/module-asynchronous-operations->magento/module-ui->magento/module-eav->magento/module-config->magento/module-deploy->magento/module-user->magento/module-email->magento/module-cms->magento/module-media-storage->magento/module-theme->magento/module-customer->magento/module-checkout
magento/module-checkout->magento/module-captcha->magento/module-sales->magento/module-bundle->magento/module-catalog-inventory->magento/module-quote->magento/module-shipping->magento/module-tax->magento/module-reports->magento/module-wishlist->magento/module-grouped-product->magento/module-backend->magento/module-backup->magento/module-cron->magento/module-store->magento/module-catalog->magento/module-asynchronous-operations->magento/module-ui->magento/module-eav->magento/module-config->magento/module-deploy->magento/module-user->magento/module-email->magento/module-cms->magento/module-media-storage->magento/module-theme->magento/module-customer->magento/module-checkout
magento/module-checkout->magento/module-captcha->magento/module-sales->magento/module-bundle->magento/module-catalog-inventory->magento/module-quote->magento/module-shipping->magento/module-tax->magento/module-reports->magento/module-sales-rule->magento/module-catalog-rule->magento/module-import-export->magento/module-backend->magento/module-backup->magento/module-cron->magento/module-store->magento/module-catalog->magento/module-asynchronous-operations->magento/module-ui->magento/module-eav->magento/module-config->magento/module-deploy->magento/module-user->magento/module-email->magento/module-cms->magento/module-media-storage->magento/module-theme->magento/module-customer->magento/module-checkout
magento/module-checkout->magento/module-captcha->magento/module-backend->magento/module-backup->magento/module-cron->magento/module-store->magento/module-catalog->magento/module-asynchronous-operations->magento/module-ui->magento/module-eav->magento/module-config->magento/module-deploy->magento/module-user->magento/module-email->magento/module-cms->magento/module-media-storage->magento/module-theme->magento/module-customer->magento/module-quote->magento/module-payment->magento/module-sales->magento/module-bundle->magento/module-gift-message->magento/module-multishipping->magento/module-checkout
magento/module-checkout->magento/module-captcha->magento/module-sales->magento/module-bundle->magento/module-catalog-inventory->magento/module-quote->magento/module-shipping->magento/module-tax->magento/module-reports->magento/module-wishlist->magento/module-configurable-product->magento/module-product-video->magento/module-backend->magento/module-backup->magento/module-cron->magento/module-store->magento/module-catalog->magento/module-asynchronous-operations->magento/module-ui->magento/module-eav->magento/module-config->magento/module-deploy->magento/module-user->magento/module-email->magento/module-cms->magento/module-media-storage->magento/module-theme->magento/module-customer->magento/module-checkout
magento/module-checkout->magento/module-captcha->magento/module-sales->magento/module-bundle->magento/module-catalog-inventory->magento/module-quote->magento/module-shipping->magento/module-tax->magento/module-reports->magento/module-review->magento/module-backend->magento/module-backup->magento/module-cron->magento/module-store->magento/module-catalog->magento/module-asynchronous-operations->magento/module-ui->magento/module-eav->magento/module-config->magento/module-deploy->magento/module-user->magento/module-email->magento/module-cms->magento/module-media-storage->magento/module-theme->magento/module-customer->magento/module-checkout
magento/module-checkout->magento/module-captcha->magento/module-sales->magento/module-bundle->magento/module-catalog-inventory->magento/module-quote->magento/module-shipping->magento/module-tax->magento/module-reports->magento/module-wishlist->magento/module-rss->magento/module-backend->magento/module-backup->magento/module-cron->magento/module-store->magento/module-catalog->magento/module-asynchronous-operations->magento/module-ui->magento/module-eav->magento/module-config->magento/module-deploy->magento/module-user->magento/module-email->magento/module-cms->magento/module-media-storage->magento/module-theme->magento/module-customer->magento/module-checkout
magento/module-checkout->magento/module-captcha->magento/module-sales->magento/module-bundle->magento/module-catalog-inventory->magento/module-quote->magento/module-shipping->magento/module-tax->magento/module-reports->magento/module-sales-rule->magento/module-rule->magento/module-backend->magento/module-backup->magento/module-cron->magento/module-store->magento/module-catalog->magento/module-asynchronous-operations->magento/module-ui->magento/module-eav->magento/module-config->magento/module-deploy->magento/module-user->magento/module-email->magento/module-cms->magento/module-media-storage->magento/module-theme->magento/module-customer->magento/module-checkout
magento/module-checkout->magento/module-sales-rule->magento/module-backend->magento/module-backup->magento/module-cron->magento/module-store->magento/module-catalog->magento/module-asynchronous-operations->magento/module-ui->magento/module-eav->magento/module-config->magento/module-deploy->magento/module-user->magento/module-email->magento/module-cms->magento/module-media-storage->magento/module-theme->magento/module-customer->magento/module-checkout
magento/module-checkout->magento/module-shipping->magento/module-backend->magento/module-backup->magento/module-cron->magento/module-store->magento/module-catalog->magento/module-asynchronous-operations->magento/module-ui->magento/module-eav->magento/module-config->magento/module-deploy->magento/module-user->magento/module-email->magento/module-cms->magento/module-media-storage->magento/module-theme->magento/module-customer->magento/module-checkout
magento/module-checkout->magento/module-captcha->magento/module-sales->magento/module-bundle->magento/module-catalog-inventory->magento/module-quote->magento/module-shipping->magento/module-ups->magento/module-backend->magento/module-backup->magento/module-cron->magento/module-store->magento/module-catalog->magento/module-asynchronous-operations->magento/module-ui->magento/module-eav->magento/module-config->magento/module-deploy->magento/module-user->magento/module-email->magento/module-cms->magento/module-media-storage->magento/module-theme->magento/module-customer->magento/module-checkout
magento/module-checkout->magento/module-captcha->magento/module-backend->magento/module-backup->magento/module-cron->magento/module-store->magento/module-catalog->magento/module-asynchronous-operations->magento/module-ui->magento/module-eav->magento/module-config->magento/module-deploy->magento/module-user->magento/module-email->magento/module-cms->magento/module-media-storage->magento/module-theme->magento/module-customer->magento/module-quote->magento/module-payment->magento/module-vault->magento/module-checkout

magento/module-captcha,18
magento/module-captcha->magento/module-backend->magento/module-theme->magento/module-customer->magento/module-checkout->magento/module-captcha
magento/module-captcha->magento/module-sales->magento/module-bundle->magento/module-backend->magento/module-backup->magento/module-cron->magento/module-store->magento/module-catalog->magento/module-asynchronous-operations->magento/module-ui->magento/module-eav->magento/module-config->magento/module-deploy->magento/module-user->magento/module-email->magento/module-cms->magento/module-media-storage->magento/module-theme->magento/module-customer->magento/module-checkout->magento/module-captcha
magento/module-captcha->magento/module-backend->magento/module-backup->magento/module-cron->magento/module-store->magento/module-catalog->magento/module-asynchronous-operations->magento/module-ui->magento/module-eav->magento/module-config->magento/module-deploy->magento/module-user->magento/module-email->magento/module-cms->magento/module-media-storage->magento/module-theme->magento/module-customer->magento/module-checkout->magento/module-captcha
magento/module-captcha->magento/module-checkout->magento/module-captcha
magento/module-captcha->magento/module-sales->magento/module-bundle->magento/module-catalog-inventory->magento/module-quote->magento/module-shipping->magento/module-tax->magento/module-reports->magento/module-wishlist->magento/module-configurable-product->magento/module-backend->magento/module-backup->magento/module-cron->magento/module-store->magento/module-catalog->magento/module-asynchronous-operations->magento/module-ui->magento/module-eav->magento/module-config->magento/module-deploy->magento/module-user->magento/module-email->magento/module-cms->magento/module-media-storage->magento/module-theme->magento/module-customer->magento/module-checkout->magento/module-captcha
magento/module-captcha->magento/module-sales->magento/module-bundle->magento/module-catalog-inventory->magento/module-quote->magento/module-shipping->magento/module-contact->magento/module-cms->magento/module-backend->magento/module-backup->magento/module-cron->magento/module-store->magento/module-catalog->magento/module-asynchronous-operations->magento/module-ui->magento/module-eav->magento/module-config->magento/module-deploy->magento/module-user->magento/module-email->magento/module-theme->magento/module-customer->magento/module-checkout->magento/module-captcha
magento/module-captcha->magento/module-sales->magento/module-bundle->magento/module-catalog-inventory->magento/module-quote->magento/module-shipping->magento/module-tax->magento/module-reports->magento/module-downloadable->magento/module-backend->magento/module-backup->magento/module-cron->magento/module-store->magento/module-catalog->magento/module-asynchronous-operations->magento/module-ui->magento/module-eav->magento/module-config->magento/module-deploy->magento/module-user->magento/module-email->magento/module-cms->magento/module-media-storage->magento/module-theme->magento/module-customer->magento/module-checkout->magento/module-captcha
magento/module-captcha->magento/module-sales->magento/module-bundle->magento/module-catalog-inventory->magento/module-quote->magento/module-shipping->magento/module-fedex->magento/module-catalog->magento/module-authorization->magento/module-backend->magento/module-backup->magento/module-cron->magento/module-store->magento/module-config->magento/module-deploy->magento/module-user->magento/module-email->magento/module-cms->magento/module-media-storage->magento/module-theme->magento/module-customer->magento/module-checkout->magento/module-captcha
magento/module-captcha->magento/module-sales->magento/module-gift-message->magento/module-backend->magento/module-backup->magento/module-cron->magento/module-store->magento/module-catalog->magento/module-asynchronous-operations->magento/module-ui->magento/module-eav->magento/module-config->magento/module-deploy->magento/module-user->magento/module-email->magento/module-cms->magento/module-media-storage->magento/module-theme->magento/module-customer->magento/module-checkout->magento/module-captcha
magento/module-captcha->magento/module-sales->magento/module-bundle->magento/module-catalog-inventory->magento/module-quote->magento/module-shipping->magento/module-tax->magento/module-reports->magento/module-wishlist->magento/module-grouped-product->magento/module-backend->magento/module-backup->magento/module-cron->magento/module-store->magento/module-catalog->magento/module-asynchronous-operations->magento/module-ui->magento/module-eav->magento/module-config->magento/module-deploy->magento/module-user->magento/module-email->magento/module-cms->magento/module-media-storage->magento/module-theme->magento/module-customer->magento/module-checkout->magento/module-captcha
magento/module-captcha->magento/module-sales->magento/module-bundle->magento/module-catalog-inventory->magento/module-quote->magento/module-shipping->magento/module-tax->magento/module-reports->magento/module-sales-rule->magento/module-catalog-rule->magento/module-import-export->magento/module-backend->magento/module-backup->magento/module-cron->magento/module-store->magento/module-catalog->magento/module-asynchronous-operations->magento/module-ui->magento/module-eav->magento/module-config->magento/module-deploy->magento/module-user->magento/module-email->magento/module-cms->magento/module-media-storage->magento/module-theme->magento/module-customer->magento/module-checkout->magento/module-captcha
magento/module-captcha->magento/module-backend->magento/module-backup->magento/module-cron->magento/module-store->magento/module-catalog->magento/module-asynchronous-operations->magento/module-ui->magento/module-eav->magento/module-config->magento/module-deploy->magento/module-user->magento/module-email->magento/module-cms->magento/module-media-storage->magento/module-theme->magento/module-customer->magento/module-quote->magento/module-payment->magento/module-sales->magento/module-bundle->magento/module-gift-message->magento/module-multishipping->magento/module-checkout->magento/module-captcha
magento/module-captcha->magento/module-sales->magento/module-bundle->magento/module-catalog-inventory->magento/module-quote->magento/module-shipping->magento/module-tax->magento/module-reports->magento/module-wishlist->magento/module-configurable-product->magento/module-product-video->magento/module-backend->magento/module-backup->magento/module-cron->magento/module-store->magento/module-catalog->magento/module-asynchronous-operations->magento/module-ui->magento/module-eav->magento/module-config->magento/module-deploy->magento/module-user->magento/module-email->magento/module-cms->magento/module-media-storage->magento/module-theme->magento/module-customer->magento/module-checkout->magento/module-captcha
magento/module-captcha->magento/module-sales->magento/module-bundle->magento/module-catalog-inventory->magento/module-quote->magento/module-shipping->magento/module-tax->magento/module-reports->magento/module-review->magento/module-backend->magento/module-backup->magento/module-cron->magento/module-store->magento/module-catalog->magento/module-asynchronous-operations->magento/module-ui->magento/module-eav->magento/module-config->magento/module-deploy->magento/module-user->magento/module-email->magento/module-cms->magento/module-media-storage->magento/module-theme->magento/module-customer->magento/module-checkout->magento/module-captcha
magento/module-captcha->magento/module-sales->magento/module-bundle->magento/module-catalog-inventory->magento/module-quote->magento/module-shipping->magento/module-tax->magento/module-reports->magento/module-wishlist->magento/module-rss->magento/module-backend->magento/module-backup->magento/module-cron->magento/module-store->magento/module-catalog->magento/module-asynchronous-operations->magento/module-ui->magento/module-eav->magento/module-config->magento/module-deploy->magento/module-user->magento/module-email->magento/module-cms->magento/module-media-storage->magento/module-theme->magento/module-customer->magento/module-checkout->magento/module-captcha
magento/module-captcha->magento/module-sales->magento/module-bundle->magento/module-catalog-inventory->magento/module-quote->magento/module-shipping->magento/module-tax->magento/module-reports->magento/module-sales-rule->magento/module-rule->magento/module-backend->magento/module-backup->magento/module-cron->magento/module-store->magento/module-catalog->magento/module-asynchronous-operations->magento/module-ui->magento/module-eav->magento/module-config->magento/module-deploy->magento/module-user->magento/module-email->magento/module-cms->magento/module-media-storage->magento/module-theme->magento/module-customer->magento/module-checkout->magento/module-captcha
magento/module-captcha->magento/module-sales->magento/module-bundle->magento/module-catalog-inventory->magento/module-quote->magento/module-shipping->magento/module-ups->magento/module-backend->magento/module-backup->magento/module-cron->magento/module-store->magento/module-catalog->magento/module-asynchronous-operations->magento/module-ui->magento/module-eav->magento/module-config->magento/module-deploy->magento/module-user->magento/module-email->magento/module-cms->magento/module-media-storage->magento/module-theme->magento/module-customer->magento/module-checkout->magento/module-captcha
magento/module-captcha->magento/module-backend->magento/module-backup->magento/module-cron->magento/module-store->magento/module-catalog->magento/module-asynchronous-operations->magento/module-ui->magento/module-eav->magento/module-config->magento/module-deploy->magento/module-user->magento/module-email->magento/module-cms->magento/module-media-storage->magento/module-theme->magento/module-customer->magento/module-quote->magento/module-payment->magento/module-vault->magento/module-checkout->magento/module-captcha

magento/module-newsletter,2
magento/module-newsletter->magento/module-backend->magento/module-theme->magento/module-customer->magento/module-newsletter
magento/module-newsletter->magento/module-backend->magento/module-backup->magento/module-cron->magento/module-store->magento/module-catalog->magento/module-asynchronous-operations->magento/module-ui->magento/module-eav->magento/module-config->magento/module-deploy->magento/module-user->magento/module-email->magento/module-cms->magento/module-media-storage->magento/module-theme->magento/module-customer->magento/module-newsletter

magento/module-page-cache,3
magento/module-page-cache->magento/module-backend->magento/module-theme->magento/module-customer->magento/module-page-cache
magento/module-page-cache->magento/module-catalog->magento/module-checkout->magento/module-page-cache
magento/module-page-cache->magento/module-backend->magento/module-backup->magento/module-cron->magento/module-store->magento/module-catalog->magento/module-page-cache

magento/module-tax,19
magento/module-tax->magento/module-backend->magento/module-theme->magento/module-customer->magento/module-tax
magento/module-tax->magento/module-catalog->magento/module-checkout->magento/module-tax
magento/module-tax->magento/module-quote->magento/module-sales->magento/module-gift-message->magento/module-catalog->magento/module-msrp->magento/module-tax
magento/module-tax->magento/module-quote->magento/module-tax
magento/module-tax->magento/module-reports->magento/module-catalog->magento/module-msrp->magento/module-tax
magento/module-tax->magento/module-sales->magento/module-reports->magento/module-review->magento/module-catalog->magento/module-msrp->magento/module-tax
magento/module-tax->magento/module-sales->magento/module-sales-rule->magento/module-catalog-rule->magento/module-rule->magento/module-catalog->magento/module-msrp->magento/module-tax
magento/module-tax->magento/module-sales->magento/module-sales-rule->magento/module-catalog-rule->magento/module-import-export->magento/module-catalog->magento/module-msrp->magento/module-tax
magento/module-tax->magento/module-sales->magento/module-tax
magento/module-tax->magento/module-shipping->magento/module-tax
magento/module-tax->magento/module-reports->magento/module-wishlist->magento/module-configurable-product->magento/module-backend->magento/module-backup->magento/module-cron->magento/module-store->magento/module-catalog->magento/module-asynchronous-operations->magento/module-ui->magento/module-eav->magento/module-config->magento/module-deploy->magento/module-user->magento/module-email->magento/module-cms->magento/module-media-storage->magento/module-theme->magento/module-customer->magento/module-checkout->magento/module-captcha->magento/module-sales->magento/module-bundle->magento/module-catalog-inventory->magento/module-quote->magento/module-shipping->magento/module-tax
magento/module-tax->magento/module-reports->magento/module-downloadable->magento/module-backend->magento/module-backup->magento/module-cron->magento/module-store->magento/module-catalog->magento/module-asynchronous-operations->magento/module-ui->magento/module-eav->magento/module-config->magento/module-deploy->magento/module-user->magento/module-email->magento/module-cms->magento/module-media-storage->magento/module-theme->magento/module-customer->magento/module-checkout->magento/module-captcha->magento/module-sales->magento/module-bundle->magento/module-catalog-inventory->magento/module-quote->magento/module-shipping->magento/module-tax
magento/module-tax->magento/module-reports->magento/module-wishlist->magento/module-grouped-product->magento/module-backend->magento/module-backup->magento/module-cron->magento/module-store->magento/module-catalog->magento/module-asynchronous-operations->magento/module-ui->magento/module-eav->magento/module-config->magento/module-deploy->magento/module-user->magento/module-email->magento/module-cms->magento/module-media-storage->magento/module-theme->magento/module-customer->magento/module-checkout->magento/module-captcha->magento/module-sales->magento/module-bundle->magento/module-catalog-inventory->magento/module-quote->magento/module-shipping->magento/module-tax
magento/module-tax->magento/module-reports->magento/module-sales-rule->magento/module-catalog-rule->magento/module-import-export->magento/module-backend->magento/module-backup->magento/module-cron->magento/module-store->magento/module-catalog->magento/module-asynchronous-operations->magento/module-ui->magento/module-eav->magento/module-config->magento/module-deploy->magento/module-user->magento/module-email->magento/module-cms->magento/module-media-storage->magento/module-theme->magento/module-customer->magento/module-checkout->magento/module-captcha->magento/module-sales->magento/module-bundle->magento/module-catalog-inventory->magento/module-quote->magento/module-shipping->magento/module-tax
magento/module-tax->magento/module-reports->magento/module-wishlist->magento/module-configurable-product->magento/module-product-video->magento/module-backend->magento/module-backup->magento/module-cron->magento/module-store->magento/module-catalog->magento/module-asynchronous-operations->magento/module-ui->magento/module-eav->magento/module-config->magento/module-deploy->magento/module-user->magento/module-email->magento/module-cms->magento/module-media-storage->magento/module-theme->magento/module-customer->magento/module-checkout->magento/module-captcha->magento/module-sales->magento/module-bundle->magento/module-catalog-inventory->magento/module-quote->magento/module-shipping->magento/module-tax
magento/module-tax->magento/module-reports->magento/module-review->magento/module-backend->magento/module-backup->magento/module-cron->magento/module-store->magento/module-catalog->magento/module-asynchronous-operations->magento/module-ui->magento/module-eav->magento/module-config->magento/module-deploy->magento/module-user->magento/module-email->magento/module-cms->magento/module-media-storage->magento/module-theme->magento/module-customer->magento/module-checkout->magento/module-captcha->magento/module-sales->magento/module-bundle->magento/module-catalog-inventory->magento/module-quote->magento/module-shipping->magento/module-tax
magento/module-tax->magento/module-reports->magento/module-wishlist->magento/module-rss->magento/module-backend->magento/module-backup->magento/module-cron->magento/module-store->magento/module-catalog->magento/module-asynchronous-operations->magento/module-ui->magento/module-eav->magento/module-config->magento/module-deploy->magento/module-user->magento/module-email->magento/module-cms->magento/module-media-storage->magento/module-theme->magento/module-customer->magento/module-checkout->magento/module-captcha->magento/module-sales->magento/module-bundle->magento/module-catalog-inventory->magento/module-quote->magento/module-shipping->magento/module-tax
magento/module-tax->magento/module-reports->magento/module-sales-rule->magento/module-rule->magento/module-backend->magento/module-backup->magento/module-cron->magento/module-store->magento/module-catalog->magento/module-asynchronous-operations->magento/module-ui->magento/module-eav->magento/module-config->magento/module-deploy->magento/module-user->magento/module-email->magento/module-cms->magento/module-media-storage->magento/module-theme->magento/module-customer->magento/module-checkout->magento/module-captcha->magento/module-sales->magento/module-bundle->magento/module-catalog-inventory->magento/module-quote->magento/module-shipping->magento/module-tax
magento/module-tax->magento/module-backend->magento/module-backup->magento/module-cron->magento/module-store->magento/module-catalog->magento/module-tax

magento/module-widget,3
magento/module-widget->magento/module-backend->magento/module-theme->magento/module-widget
magento/module-widget->magento/module-catalog->magento/module-cms->magento/module-widget
magento/module-widget->magento/module-backend->magento/module-backup->magento/module-cron->magento/module-store->magento/module-catalog->magento/module-widget

magento/module-catalog-inventory,14
magento/module-catalog-inventory->magento/module-catalog->magento/module-catalog-inventory
magento/module-catalog-inventory->magento/module-customer->magento/module-wishlist->magento/module-catalog->magento/module-checkout->magento/module-catalog-inventory
magento/module-catalog-inventory->magento/module-quote->magento/module-catalog-inventory
magento/module-catalog-inventory->magento/module-quote->magento/module-shipping->magento/module-tax->magento/module-reports->magento/module-wishlist->magento/module-configurable-product->magento/module-backend->magento/module-backup->magento/module-cron->magento/module-store->magento/module-catalog->magento/module-asynchronous-operations->magento/module-ui->magento/module-eav->magento/module-config->magento/module-deploy->magento/module-user->magento/module-email->magento/module-cms->magento/module-media-storage->magento/module-theme->magento/module-customer->magento/module-checkout->magento/module-captcha->magento/module-sales->magento/module-bundle->magento/module-catalog-inventory
magento/module-catalog-inventory->magento/module-quote->magento/module-shipping->magento/module-contact->magento/module-cms->magento/module-backend->magento/module-backup->magento/module-cron->magento/module-store->magento/module-catalog->magento/module-asynchronous-operations->magento/module-ui->magento/module-eav->magento/module-config->magento/module-deploy->magento/module-user->magento/module-email->magento/module-theme->magento/module-customer->magento/module-checkout->magento/module-captcha->magento/module-sales->magento/module-bundle->magento/module-catalog-inventory
magento/module-catalog-inventory->magento/module-quote->magento/module-shipping->magento/module-tax->magento/module-reports->magento/module-downloadable->magento/module-backend->magento/module-backup->magento/module-cron->magento/module-store->magento/module-catalog->magento/module-asynchronous-operations->magento/module-ui->magento/module-eav->magento/module-config->magento/module-deploy->magento/module-user->magento/module-email->magento/module-cms->magento/module-media-storage->magento/module-theme->magento/module-customer->magento/module-checkout->magento/module-captcha->magento/module-sales->magento/module-bundle->magento/module-catalog-inventory
magento/module-catalog-inventory->magento/module-quote->magento/module-shipping->magento/module-fedex->magento/module-catalog->magento/module-authorization->magento/module-backend->magento/module-backup->magento/module-cron->magento/module-store->magento/module-config->magento/module-deploy->magento/module-user->magento/module-email->magento/module-cms->magento/module-media-storage->magento/module-theme->magento/module-customer->magento/module-checkout->magento/module-captcha->magento/module-sales->magento/module-bundle->magento/module-catalog-inventory
magento/module-catalog-inventory->magento/module-quote->magento/module-shipping->magento/module-tax->magento/module-reports->magento/module-wishlist->magento/module-grouped-product->magento/module-backend->magento/module-backup->magento/module-cron->magento/module-store->magento/module-catalog->magento/module-asynchronous-operations->magento/module-ui->magento/module-eav->magento/module-config->magento/module-deploy->magento/module-user->magento/module-email->magento/module-cms->magento/module-media-storage->magento/module-theme->magento/module-customer->magento/module-checkout->magento/module-captcha->magento/module-sales->magento/module-bundle->magento/module-catalog-inventory
magento/module-catalog-inventory->magento/module-quote->magento/module-shipping->magento/module-tax->magento/module-reports->magento/module-sales-rule->magento/module-catalog-rule->magento/module-import-export->magento/module-backend->magento/module-backup->magento/module-cron->magento/module-store->magento/module-catalog->magento/module-asynchronous-operations->magento/module-ui->magento/module-eav->magento/module-config->magento/module-deploy->magento/module-user->magento/module-email->magento/module-cms->magento/module-media-storage->magento/module-theme->magento/module-customer->magento/module-checkout->magento/module-captcha->magento/module-sales->magento/module-bundle->magento/module-catalog-inventory
magento/module-catalog-inventory->magento/module-quote->magento/module-shipping->magento/module-tax->magento/module-reports->magento/module-wishlist->magento/module-configurable-product->magento/module-product-video->magento/module-backend->magento/module-backup->magento/module-cron->magento/module-store->magento/module-catalog->magento/module-asynchronous-operations->magento/module-ui->magento/module-eav->magento/module-config->magento/module-deploy->magento/module-user->magento/module-email->magento/module-cms->magento/module-media-storage->magento/module-theme->magento/module-customer->magento/module-checkout->magento/module-captcha->magento/module-sales->magento/module-bundle->magento/module-catalog-inventory
magento/module-catalog-inventory->magento/module-quote->magento/module-shipping->magento/module-tax->magento/module-reports->magento/module-review->magento/module-backend->magento/module-backup->magento/module-cron->magento/module-store->magento/module-catalog->magento/module-asynchronous-operations->magento/module-ui->magento/module-eav->magento/module-config->magento/module-deploy->magento/module-user->magento/module-email->magento/module-cms->magento/module-media-storage->magento/module-theme->magento/module-customer->magento/module-checkout->magento/module-captcha->magento/module-sales->magento/module-bundle->magento/module-catalog-inventory
magento/module-catalog-inventory->magento/module-quote->magento/module-shipping->magento/module-tax->magento/module-reports->magento/module-wishlist->magento/module-rss->magento/module-backend->magento/module-backup->magento/module-cron->magento/module-store->magento/module-catalog->magento/module-asynchronous-operations->magento/module-ui->magento/module-eav->magento/module-config->magento/module-deploy->magento/module-user->magento/module-email->magento/module-cms->magento/module-media-storage->magento/module-theme->magento/module-customer->magento/module-checkout->magento/module-captcha->magento/module-sales->magento/module-bundle->magento/module-catalog-inventory
magento/module-catalog-inventory->magento/module-quote->magento/module-shipping->magento/module-tax->magento/module-reports->magento/module-sales-rule->magento/module-rule->magento/module-backend->magento/module-backup->magento/module-cron->magento/module-store->magento/module-catalog->magento/module-asynchronous-operations->magento/module-ui->magento/module-eav->magento/module-config->magento/module-deploy->magento/module-user->magento/module-email->magento/module-cms->magento/module-media-storage->magento/module-theme->magento/module-customer->magento/module-checkout->magento/module-captcha->magento/module-sales->magento/module-bundle->magento/module-catalog-inventory
magento/module-catalog-inventory->magento/module-quote->magento/module-shipping->magento/module-ups->magento/module-backend->magento/module-backup->magento/module-cron->magento/module-store->magento/module-catalog->magento/module-asynchronous-operations->magento/module-ui->magento/module-eav->magento/module-config->magento/module-deploy->magento/module-user->magento/module-email->magento/module-cms->magento/module-media-storage->magento/module-theme->magento/module-customer->magento/module-checkout->magento/module-captcha->magento/module-sales->magento/module-bundle->magento/module-catalog-inventory

magento/module-catalog-rule,5
magento/module-catalog-rule->magento/module-catalog->magento/module-catalog-rule
magento/module-catalog-rule->magento/module-rule->magento/module-catalog->magento/module-msrp->magento/module-tax->magento/module-sales->magento/module-sales-rule->magento/module-catalog-rule
magento/module-catalog-rule->magento/module-import-export->magento/module-catalog->magento/module-msrp->magento/module-tax->magento/module-sales->magento/module-sales-rule->magento/module-catalog-rule
magento/module-catalog-rule->magento/module-backend->magento/module-backup->magento/module-cron->magento/module-store->magento/module-catalog->magento/module-catalog-rule
magento/module-catalog-rule->magento/module-import-export->magento/module-backend->magento/module-backup->magento/module-cron->magento/module-store->magento/module-catalog->magento/module-asynchronous-operations->magento/module-ui->magento/module-eav->magento/module-config->magento/module-deploy->magento/module-user->magento/module-email->magento/module-cms->magento/module-media-storage->magento/module-theme->magento/module-customer->magento/module-checkout->magento/module-captcha->magento/module-sales->magento/module-bundle->magento/module-catalog-inventory->magento/module-quote->magento/module-shipping->magento/module-tax->magento/module-reports->magento/module-sales-rule->magento/module-catalog-rule

magento/module-catalog-url-rewrite,6
magento/module-catalog-url-rewrite->magento/module-catalog->magento/module-catalog-url-rewrite
magento/module-catalog-url-rewrite->magento/module-catalog-import-export->magento/module-catalog-url-rewrite
magento/module-catalog-url-rewrite->magento/module-url-rewrite->magento/module-catalog-url-rewrite
magento/module-catalog-url-rewrite->magento/module-catalog-import-export->magento/module-catalog->magento/module-catalog-url-rewrite
magento/module-catalog-url-rewrite->magento/module-backend->magento/module-backup->magento/module-cron->magento/module-store->magento/module-catalog->magento/module-catalog-url-rewrite
magento/module-catalog-url-rewrite->magento/module-url-rewrite->magento/module-cms-url-rewrite->magento/module-cms->magento/module-backend->magento/module-backup->magento/module-cron->magento/module-store->magento/module-catalog->magento/module-catalog-url-rewrite

magento/module-wishlist,9
magento/module-wishlist->magento/module-catalog->magento/module-checkout->magento/module-catalog-inventory->magento/module-customer->magento/module-wishlist
magento/module-wishlist->magento/module-sales->magento/module-wishlist
magento/module-wishlist->magento/module-configurable-product->magento/module-catalog->magento/module-wishlist
magento/module-wishlist->magento/module-grouped-product->magento/module-catalog->magento/module-wishlist
magento/module-wishlist->magento/module-configurable-product->magento/module-backend->magento/module-backup->magento/module-cron->magento/module-store->magento/module-catalog->magento/module-asynchronous-operations->magento/module-ui->magento/module-eav->magento/module-config->magento/module-deploy->magento/module-user->magento/module-email->magento/module-cms->magento/module-media-storage->magento/module-theme->magento/module-customer->magento/module-checkout->magento/module-captcha->magento/module-sales->magento/module-bundle->magento/module-catalog-inventory->magento/module-quote->magento/module-shipping->magento/module-tax->magento/module-reports->magento/module-wishlist
magento/module-wishlist->magento/module-grouped-product->magento/module-backend->magento/module-backup->magento/module-cron->magento/module-store->magento/module-catalog->magento/module-asynchronous-operations->magento/module-ui->magento/module-eav->magento/module-config->magento/module-deploy->magento/module-user->magento/module-email->magento/module-cms->magento/module-media-storage->magento/module-theme->magento/module-customer->magento/module-checkout->magento/module-captcha->magento/module-sales->magento/module-bundle->magento/module-catalog-inventory->magento/module-quote->magento/module-shipping->magento/module-tax->magento/module-reports->magento/module-wishlist
magento/module-wishlist->magento/module-configurable-product->magento/module-product-video->magento/module-backend->magento/module-backup->magento/module-cron->magento/module-store->magento/module-catalog->magento/module-asynchronous-operations->magento/module-ui->magento/module-eav->magento/module-config->magento/module-deploy->magento/module-user->magento/module-email->magento/module-cms->magento/module-media-storage->magento/module-theme->magento/module-customer->magento/module-checkout->magento/module-captcha->magento/module-sales->magento/module-bundle->magento/module-catalog-inventory->magento/module-quote->magento/module-shipping->magento/module-tax->magento/module-reports->magento/module-wishlist
magento/module-wishlist->magento/module-rss->magento/module-backend->magento/module-backup->magento/module-cron->magento/module-store->magento/module-catalog->magento/module-asynchronous-operations->magento/module-ui->magento/module-eav->magento/module-config->magento/module-deploy->magento/module-user->magento/module-email->magento/module-cms->magento/module-media-storage->magento/module-theme->magento/module-customer->magento/module-checkout->magento/module-captcha->magento/module-sales->magento/module-bundle->magento/module-catalog-inventory->magento/module-quote->magento/module-shipping->magento/module-tax->magento/module-reports->magento/module-wishlist
magento/module-wishlist->magento/module-backend->magento/module-backup->magento/module-cron->magento/module-store->magento/module-catalog->magento/module-wishlist

magento/module-webapi,3
magento/module-webapi->magento/module-integration->magento/module-security->magento/module-customer->magento/module-webapi
magento/module-webapi->magento/module-customer->magento/module-webapi
magento/module-webapi->magento/module-authorization->magento/module-backend->magento/module-backup->magento/module-cron->magento/module-store->magento/module-catalog->magento/module-asynchronous-operations->magento/module-ui->magento/module-eav->magento/module-config->magento/module-deploy->magento/module-user->magento/module-email->magento/module-cms->magento/module-media-storage->magento/module-theme->magento/module-customer->magento/module-webapi

magento/module-msrp,9
magento/module-msrp->magento/module-catalog->magento/module-checkout->magento/module-msrp
magento/module-msrp->magento/module-downloadable->magento/module-catalog->magento/module-msrp
magento/module-msrp->magento/module-tax->magento/module-quote->magento/module-sales->magento/module-gift-message->magento/module-catalog->magento/module-msrp
magento/module-msrp->magento/module-tax->magento/module-reports->magento/module-catalog->magento/module-msrp
magento/module-msrp->magento/module-tax->magento/module-sales->magento/module-reports->magento/module-review->magento/module-catalog->magento/module-msrp
magento/module-msrp->magento/module-tax->magento/module-sales->magento/module-sales-rule->magento/module-catalog-rule->magento/module-rule->magento/module-catalog->magento/module-msrp
magento/module-msrp->magento/module-tax->magento/module-sales->magento/module-sales-rule->magento/module-catalog-rule->magento/module-import-export->magento/module-catalog->magento/module-msrp
magento/module-msrp->magento/module-bundle->magento/module-sales-rule->magento/module-shipping->magento/module-fedex->magento/module-catalog->magento/module-msrp
magento/module-msrp->magento/module-catalog->magento/module-msrp

magento/module-payment,6
magento/module-payment->magento/module-checkout->magento/module-payment
magento/module-payment->magento/module-quote->magento/module-payment
magento/module-payment->magento/module-sales->magento/module-payment
magento/module-payment->magento/module-vault->magento/module-payment
magento/module-payment->magento/module-sales->magento/module-bundle->magento/module-gift-message->magento/module-multishipping->magento/module-checkout->magento/module-captcha->magento/module-backend->magento/module-backup->magento/module-cron->magento/module-store->magento/module-catalog->magento/module-asynchronous-operations->magento/module-ui->magento/module-eav->magento/module-config->magento/module-deploy->magento/module-user->magento/module-email->magento/module-cms->magento/module-media-storage->magento/module-theme->magento/module-customer->magento/module-quote->magento/module-payment
magento/module-payment->magento/module-vault->magento/module-checkout->magento/module-captcha->magento/module-backend->magento/module-backup->magento/module-cron->magento/module-store->magento/module-catalog->magento/module-asynchronous-operations->magento/module-ui->magento/module-eav->magento/module-config->magento/module-deploy->magento/module-user->magento/module-email->magento/module-cms->magento/module-media-storage->magento/module-theme->magento/module-customer->magento/module-quote->magento/module-payment

magento/module-bundle,15
magento/module-bundle->magento/module-catalog->magento/module-checkout->magento/module-sales->magento/module-bundle
magento/module-bundle->magento/module-sales-rule->magento/module-shipping->magento/module-fedex->magento/module-catalog->magento/module-msrp->magento/module-bundle
magento/module-bundle->magento/module-backend->magento/module-backup->magento/module-cron->magento/module-store->magento/module-catalog->magento/module-asynchronous-operations->magento/module-ui->magento/module-eav->magento/module-config->magento/module-deploy->magento/module-user->magento/module-email->magento/module-cms->magento/module-media-storage->magento/module-theme->magento/module-customer->magento/module-checkout->magento/module-captcha->magento/module-sales->magento/module-bundle
magento/module-bundle->magento/module-catalog-inventory->magento/module-quote->magento/module-shipping->magento/module-tax->magento/module-reports->magento/module-wishlist->magento/module-configurable-product->magento/module-backend->magento/module-backup->magento/module-cron->magento/module-store->magento/module-catalog->magento/module-asynchronous-operations->magento/module-ui->magento/module-eav->magento/module-config->magento/module-deploy->magento/module-user->magento/module-email->magento/module-cms->magento/module-media-storage->magento/module-theme->magento/module-customer->magento/module-checkout->magento/module-captcha->magento/module-sales->magento/module-bundle
magento/module-bundle->magento/module-catalog-inventory->magento/module-quote->magento/module-shipping->magento/module-contact->magento/module-cms->magento/module-backend->magento/module-backup->magento/module-cron->magento/module-store->magento/module-catalog->magento/module-asynchronous-operations->magento/module-ui->magento/module-eav->magento/module-config->magento/module-deploy->magento/module-user->magento/module-email->magento/module-theme->magento/module-customer->magento/module-checkout->magento/module-captcha->magento/module-sales->magento/module-bundle
magento/module-bundle->magento/module-catalog-inventory->magento/module-quote->magento/module-shipping->magento/module-tax->magento/module-reports->magento/module-downloadable->magento/module-backend->magento/module-backup->magento/module-cron->magento/module-store->magento/module-catalog->magento/module-asynchronous-operations->magento/module-ui->magento/module-eav->magento/module-config->magento/module-deploy->magento/module-user->magento/module-email->magento/module-cms->magento/module-media-storage->magento/module-theme->magento/module-customer->magento/module-checkout->magento/module-captcha->magento/module-sales->magento/module-bundle
magento/module-bundle->magento/module-catalog-inventory->magento/module-quote->magento/module-shipping->magento/module-fedex->magento/module-catalog->magento/module-authorization->magento/module-backend->magento/module-backup->magento/module-cron->magento/module-store->magento/module-config->magento/module-deploy->magento/module-user->magento/module-email->magento/module-cms->magento/module-media-storage->magento/module-theme->magento/module-customer->magento/module-checkout->magento/module-captcha->magento/module-sales->magento/module-bundle
magento/module-bundle->magento/module-catalog-inventory->magento/module-quote->magento/module-shipping->magento/module-tax->magento/module-reports->magento/module-wishlist->magento/module-grouped-product->magento/module-backend->magento/module-backup->magento/module-cron->magento/module-store->magento/module-catalog->magento/module-asynchronous-operations->magento/module-ui->magento/module-eav->magento/module-config->magento/module-deploy->magento/module-user->magento/module-email->magento/module-cms->magento/module-media-storage->magento/module-theme->magento/module-customer->magento/module-checkout->magento/module-captcha->magento/module-sales->magento/module-bundle
magento/module-bundle->magento/module-catalog-inventory->magento/module-quote->magento/module-shipping->magento/module-tax->magento/module-reports->magento/module-sales-rule->magento/module-catalog-rule->magento/module-import-export->magento/module-backend->magento/module-backup->magento/module-cron->magento/module-store->magento/module-catalog->magento/module-asynchronous-operations->magento/module-ui->magento/module-eav->magento/module-config->magento/module-deploy->magento/module-user->magento/module-email->magento/module-cms->magento/module-media-storage->magento/module-theme->magento/module-customer->magento/module-checkout->magento/module-captcha->magento/module-sales->magento/module-bundle
magento/module-bundle->magento/module-gift-message->magento/module-multishipping->magento/module-checkout->magento/module-captcha->magento/module-backend->magento/module-backup->magento/module-cron->magento/module-store->magento/module-catalog->magento/module-asynchronous-operations->magento/module-ui->magento/module-eav->magento/module-config->magento/module-deploy->magento/module-user->magento/module-email->magento/module-cms->magento/module-media-storage->magento/module-theme->magento/module-customer->magento/module-quote->magento/module-payment->magento/module-sales->magento/module-bundle
magento/module-bundle->magento/module-catalog-inventory->magento/module-quote->magento/module-shipping->magento/module-tax->magento/module-reports->magento/module-wishlist->magento/module-configurable-product->magento/module-product-video->magento/module-backend->magento/module-backup->magento/module-cron->magento/module-store->magento/module-catalog->magento/module-asynchronous-operations->magento/module-ui->magento/module-eav->magento/module-config->magento/module-deploy->magento/module-user->magento/module-email->magento/module-cms->magento/module-media-storage->magento/module-theme->magento/module-customer->magento/module-checkout->magento/module-captcha->magento/module-sales->magento/module-bundle
magento/module-bundle->magento/module-catalog-inventory->magento/module-quote->magento/module-shipping->magento/module-tax->magento/module-reports->magento/module-review->magento/module-backend->magento/module-backup->magento/module-cron->magento/module-store->magento/module-catalog->magento/module-asynchronous-operations->magento/module-ui->magento/module-eav->magento/module-config->magento/module-deploy->magento/module-user->magento/module-email->magento/module-cms->magento/module-media-storage->magento/module-theme->magento/module-customer->magento/module-checkout->magento/module-captcha->magento/module-sales->magento/module-bundle
magento/module-bundle->magento/module-catalog-inventory->magento/module-quote->magento/module-shipping->magento/module-tax->magento/module-reports->magento/module-wishlist->magento/module-rss->magento/module-backend->magento/module-backup->magento/module-cron->magento/module-store->magento/module-catalog->magento/module-asynchronous-operations->magento/module-ui->magento/module-eav->magento/module-config->magento/module-deploy->magento/module-user->magento/module-email->magento/module-cms->magento/module-media-storage->magento/module-theme->magento/module-customer->magento/module-checkout->magento/module-captcha->magento/module-sales->magento/module-bundle
magento/module-bundle->magento/module-catalog-inventory->magento/module-quote->magento/module-shipping->magento/module-tax->magento/module-reports->magento/module-sales-rule->magento/module-rule->magento/module-backend->magento/module-backup->magento/module-cron->magento/module-store->magento/module-catalog->magento/module-asynchronous-operations->magento/module-ui->magento/module-eav->magento/module-config->magento/module-deploy->magento/module-user->magento/module-email->magento/module-cms->magento/module-media-storage->magento/module-theme->magento/module-customer->magento/module-checkout->magento/module-captcha->magento/module-sales->magento/module-bundle
magento/module-bundle->magento/module-catalog-inventory->magento/module-quote->magento/module-shipping->magento/module-ups->magento/module-backend->magento/module-backup->magento/module-cron->magento/module-store->magento/module-catalog->magento/module-asynchronous-operations->magento/module-ui->magento/module-eav->magento/module-config->magento/module-deploy->magento/module-user->magento/module-email->magento/module-cms->magento/module-media-storage->magento/module-theme->magento/module-customer->magento/module-checkout->magento/module-captcha->magento/module-sales->magento/module-bundle

magento/module-sales-rule,9
magento/module-sales-rule->magento/module-catalog->magento/module-checkout->magento/module-sales-rule
magento/module-sales-rule->magento/module-catalog-rule->magento/module-rule->magento/module-catalog->magento/module-msrp->magento/module-tax->magento/module-sales->magento/module-sales-rule
magento/module-sales-rule->magento/module-catalog-rule->magento/module-import-export->magento/module-catalog->magento/module-msrp->magento/module-tax->magento/module-sales->magento/module-sales-rule
magento/module-sales-rule->magento/module-reports->magento/module-sales-rule
magento/module-sales-rule->magento/module-sales->magento/module-sales-rule
magento/module-sales-rule->magento/module-shipping->magento/module-fedex->magento/module-catalog->magento/module-msrp->magento/module-bundle->magento/module-sales-rule
magento/module-sales-rule->magento/module-catalog-rule->magento/module-import-export->magento/module-backend->magento/module-backup->magento/module-cron->magento/module-store->magento/module-catalog->magento/module-asynchronous-operations->magento/module-ui->magento/module-eav->magento/module-config->magento/module-deploy->magento/module-user->magento/module-email->magento/module-cms->magento/module-media-storage->magento/module-theme->magento/module-customer->magento/module-checkout->magento/module-captcha->magento/module-sales->magento/module-bundle->magento/module-catalog-inventory->magento/module-quote->magento/module-shipping->magento/module-tax->magento/module-reports->magento/module-sales-rule
magento/module-sales-rule->magento/module-rule->magento/module-backend->magento/module-backup->magento/module-cron->magento/module-store->magento/module-catalog->magento/module-asynchronous-operations->magento/module-ui->magento/module-eav->magento/module-config->magento/module-deploy->magento/module-user->magento/module-email->magento/module-cms->magento/module-media-storage->magento/module-theme->magento/module-customer->magento/module-checkout->magento/module-captcha->magento/module-sales->magento/module-bundle->magento/module-catalog-inventory->magento/module-quote->magento/module-shipping->magento/module-tax->magento/module-reports->magento/module-sales-rule
magento/module-sales-rule->magento/module-backend->magento/module-backup->magento/module-cron->magento/module-store->magento/module-catalog->magento/module-asynchronous-operations->magento/module-ui->magento/module-eav->magento/module-config->magento/module-deploy->magento/module-user->magento/module-email->magento/module-cms->magento/module-media-storage->magento/module-theme->magento/module-customer->magento/module-checkout->magento/module-sales-rule

magento/module-shipping,18
magento/module-shipping->magento/module-catalog->magento/module-checkout->magento/module-shipping
magento/module-shipping->magento/module-quote->magento/module-shipping
magento/module-shipping->magento/module-sales->magento/module-shipping
magento/module-shipping->magento/module-tax->magento/module-shipping
magento/module-shipping->magento/module-fedex->magento/module-catalog->magento/module-msrp->magento/module-bundle->magento/module-sales-rule->magento/module-shipping
magento/module-shipping->magento/module-ups->magento/module-shipping
magento/module-shipping->magento/module-tax->magento/module-reports->magento/module-wishlist->magento/module-configurable-product->magento/module-backend->magento/module-backup->magento/module-cron->magento/module-store->magento/module-catalog->magento/module-asynchronous-operations->magento/module-ui->magento/module-eav->magento/module-config->magento/module-deploy->magento/module-user->magento/module-email->magento/module-cms->magento/module-media-storage->magento/module-theme->magento/module-customer->magento/module-checkout->magento/module-captcha->magento/module-sales->magento/module-bundle->magento/module-catalog-inventory->magento/module-quote->magento/module-shipping
magento/module-shipping->magento/module-contact->magento/module-cms->magento/module-backend->magento/module-backup->magento/module-cron->magento/module-store->magento/module-catalog->magento/module-asynchronous-operations->magento/module-ui->magento/module-eav->magento/module-config->magento/module-deploy->magento/module-user->magento/module-email->magento/module-theme->magento/module-customer->magento/module-checkout->magento/module-captcha->magento/module-sales->magento/module-bundle->magento/module-catalog-inventory->magento/module-quote->magento/module-shipping
magento/module-shipping->magento/module-tax->magento/module-reports->magento/module-downloadable->magento/module-backend->magento/module-backup->magento/module-cron->magento/module-store->magento/module-catalog->magento/module-asynchronous-operations->magento/module-ui->magento/module-eav->magento/module-config->magento/module-deploy->magento/module-user->magento/module-email->magento/module-cms->magento/module-media-storage->magento/module-theme->magento/module-customer->magento/module-checkout->magento/module-captcha->magento/module-sales->magento/module-bundle->magento/module-catalog-inventory->magento/module-quote->magento/module-shipping
magento/module-shipping->magento/module-fedex->magento/module-catalog->magento/module-authorization->magento/module-backend->magento/module-backup->magento/module-cron->magento/module-store->magento/module-config->magento/module-deploy->magento/module-user->magento/module-email->magento/module-cms->magento/module-media-storage->magento/module-theme->magento/module-customer->magento/module-checkout->magento/module-captcha->magento/module-sales->magento/module-bundle->magento/module-catalog-inventory->magento/module-quote->magento/module-shipping
magento/module-shipping->magento/module-tax->magento/module-reports->magento/module-wishlist->magento/module-grouped-product->magento/module-backend->magento/module-backup->magento/module-cron->magento/module-store->magento/module-catalog->magento/module-asynchronous-operations->magento/module-ui->magento/module-eav->magento/module-config->magento/module-deploy->magento/module-user->magento/module-email->magento/module-cms->magento/module-media-storage->magento/module-theme->magento/module-customer->magento/module-checkout->magento/module-captcha->magento/module-sales->magento/module-bundle->magento/module-catalog-inventory->magento/module-quote->magento/module-shipping
magento/module-shipping->magento/module-tax->magento/module-reports->magento/module-sales-rule->magento/module-catalog-rule->magento/module-import-export->magento/module-backend->magento/module-backup->magento/module-cron->magento/module-store->magento/module-catalog->magento/module-asynchronous-operations->magento/module-ui->magento/module-eav->magento/module-config->magento/module-deploy->magento/module-user->magento/module-email->magento/module-cms->magento/module-media-storage->magento/module-theme->magento/module-customer->magento/module-checkout->magento/module-captcha->magento/module-sales->magento/module-bundle->magento/module-catalog-inventory->magento/module-quote->magento/module-shipping
magento/module-shipping->magento/module-tax->magento/module-reports->magento/module-wishlist->magento/module-configurable-product->magento/module-product-video->magento/module-backend->magento/module-backup->magento/module-cron->magento/module-store->magento/module-catalog->magento/module-asynchronous-operations->magento/module-ui->magento/module-eav->magento/module-config->magento/module-deploy->magento/module-user->magento/module-email->magento/module-cms->magento/module-media-storage->magento/module-theme->magento/module-customer->magento/module-checkout->magento/module-captcha->magento/module-sales->magento/module-bundle->magento/module-catalog-inventory->magento/module-quote->magento/module-shipping
magento/module-shipping->magento/module-tax->magento/module-reports->magento/module-review->magento/module-backend->magento/module-backup->magento/module-cron->magento/module-store->magento/module-catalog->magento/module-asynchronous-operations->magento/module-ui->magento/module-eav->magento/module-config->magento/module-deploy->magento/module-user->magento/module-email->magento/module-cms->magento/module-media-storage->magento/module-theme->magento/module-customer->magento/module-checkout->magento/module-captcha->magento/module-sales->magento/module-bundle->magento/module-catalog-inventory->magento/module-quote->magento/module-shipping
magento/module-shipping->magento/module-tax->magento/module-reports->magento/module-wishlist->magento/module-rss->magento/module-backend->magento/module-backup->magento/module-cron->magento/module-store->magento/module-catalog->magento/module-asynchronous-operations->magento/module-ui->magento/module-eav->magento/module-config->magento/module-deploy->magento/module-user->magento/module-email->magento/module-cms->magento/module-media-storage->magento/module-theme->magento/module-customer->magento/module-checkout->magento/module-captcha->magento/module-sales->magento/module-bundle->magento/module-catalog-inventory->magento/module-quote->magento/module-shipping
magento/module-shipping->magento/module-tax->magento/module-reports->magento/module-sales-rule->magento/module-rule->magento/module-backend->magento/module-backup->magento/module-cron->magento/module-store->magento/module-catalog->magento/module-asynchronous-operations->magento/module-ui->magento/module-eav->magento/module-config->magento/module-deploy->magento/module-user->magento/module-email->magento/module-cms->magento/module-media-storage->magento/module-theme->magento/module-customer->magento/module-checkout->magento/module-captcha->magento/module-sales->magento/module-bundle->magento/module-catalog-inventory->magento/module-quote->magento/module-shipping
magento/module-shipping->magento/module-backend->magento/module-backup->magento/module-cron->magento/module-store->magento/module-catalog->magento/module-asynchronous-operations->magento/module-ui->magento/module-eav->magento/module-config->magento/module-deploy->magento/module-user->magento/module-email->magento/module-cms->magento/module-media-storage->magento/module-theme->magento/module-customer->magento/module-checkout->magento/module-shipping
magento/module-shipping->magento/module-ups->magento/module-backend->magento/module-backup->magento/module-cron->magento/module-store->magento/module-catalog->magento/module-asynchronous-operations->magento/module-ui->magento/module-eav->magento/module-config->magento/module-deploy->magento/module-user->magento/module-email->magento/module-cms->magento/module-media-storage->magento/module-theme->magento/module-customer->magento/module-checkout->magento/module-captcha->magento/module-sales->magento/module-bundle->magento/module-catalog-inventory->magento/module-quote->magento/module-shipping

magento/module-downloadable,4
magento/module-downloadable->magento/module-catalog->magento/module-msrp->magento/module-downloadable
magento/module-downloadable->magento/module-gift-message->magento/module-sales->magento/module-reports->magento/module-downloadable
magento/module-downloadable->magento/module-sales->magento/module-reports->magento/module-downloadable
magento/module-downloadable->magento/module-backend->magento/module-backup->magento/module-cron->magento/module-store->magento/module-catalog->magento/module-asynchronous-operations->magento/module-ui->magento/module-eav->magento/module-config->magento/module-deploy->magento/module-user->magento/module-email->magento/module-cms->magento/module-media-storage->magento/module-theme->magento/module-customer->magento/module-checkout->magento/module-captcha->magento/module-sales->magento/module-bundle->magento/module-catalog-inventory->magento/module-quote->magento/module-shipping->magento/module-tax->magento/module-reports->magento/module-downloadable

magento/module-gift-message,4
magento/module-gift-message->magento/module-catalog->magento/module-msrp->magento/module-tax->magento/module-quote->magento/module-sales->magento/module-gift-message
magento/module-gift-message->magento/module-sales->magento/module-reports->magento/module-downloadable->magento/module-gift-message
magento/module-gift-message->magento/module-backend->magento/module-backup->magento/module-cron->magento/module-store->magento/module-catalog->magento/module-asynchronous-operations->magento/module-ui->magento/module-eav->magento/module-config->magento/module-deploy->magento/module-user->magento/module-email->magento/module-cms->magento/module-media-storage->magento/module-theme->magento/module-customer->magento/module-checkout->magento/module-captcha->magento/module-sales->magento/module-gift-message
magento/module-gift-message->magento/module-multishipping->magento/module-checkout->magento/module-captcha->magento/module-backend->magento/module-backup->magento/module-cron->magento/module-store->magento/module-catalog->magento/module-asynchronous-operations->magento/module-ui->magento/module-eav->magento/module-config->magento/module-deploy->magento/module-user->magento/module-email->magento/module-cms->magento/module-media-storage->magento/module-theme->magento/module-customer->magento/module-quote->magento/module-payment->magento/module-sales->magento/module-bundle->magento/module-gift-message

magento/module-vault,2
magento/module-vault->magento/module-payment->magento/module-vault
magento/module-vault->magento/module-checkout->magento/module-captcha->magento/module-backend->magento/module-backup->magento/module-cron->magento/module-store->magento/module-catalog->magento/module-asynchronous-operations->magento/module-ui->magento/module-eav->magento/module-config->magento/module-deploy->magento/module-user->magento/module-email->magento/module-cms->magento/module-media-storage->magento/module-theme->magento/module-customer->magento/module-quote->magento/module-payment->magento/module-vault

magento/module-review,2
magento/module-review->magento/module-catalog->magento/module-msrp->magento/module-tax->magento/module-sales->magento/module-reports->magento/module-review
magento/module-review->magento/module-backend->magento/module-backup->magento/module-cron->magento/module-store->magento/module-catalog->magento/module-asynchronous-operations->magento/module-ui->magento/module-eav->magento/module-config->magento/module-deploy->magento/module-user->magento/module-email->magento/module-cms->magento/module-media-storage->magento/module-theme->magento/module-customer->magento/module-checkout->magento/module-captcha->magento/module-sales->magento/module-bundle->magento/module-catalog-inventory->magento/module-quote->magento/module-shipping->magento/module-tax->magento/module-reports->magento/module-review

magento/module-rule,2
magento/module-rule->magento/module-catalog->magento/module-msrp->magento/module-tax->magento/module-sales->magento/module-sales-rule->magento/module-catalog-rule->magento/module-rule
magento/module-rule->magento/module-backend->magento/module-backup->magento/module-cron->magento/module-store->magento/module-catalog->magento/module-asynchronous-operations->magento/module-ui->magento/module-eav->magento/module-config->magento/module-deploy->magento/module-user->magento/module-email->magento/module-cms->magento/module-media-storage->magento/module-theme->magento/module-customer->magento/module-checkout->magento/module-captcha->magento/module-sales->magento/module-bundle->magento/module-catalog-inventory->magento/module-quote->magento/module-shipping->magento/module-tax->magento/module-reports->magento/module-sales-rule->magento/module-rule

magento/module-import-export,2
magento/module-import-export->magento/module-catalog->magento/module-msrp->magento/module-tax->magento/module-sales->magento/module-sales-rule->magento/module-catalog-rule->magento/module-import-export
magento/module-import-export->magento/module-backend->magento/module-backup->magento/module-cron->magento/module-store->magento/module-catalog->magento/module-asynchronous-operations->magento/module-ui->magento/module-eav->magento/module-config->magento/module-deploy->magento/module-user->magento/module-email->magento/module-cms->magento/module-media-storage->magento/module-theme->magento/module-customer->magento/module-checkout->magento/module-captcha->magento/module-sales->magento/module-bundle->magento/module-catalog-inventory->magento/module-quote->magento/module-shipping->magento/module-tax->magento/module-reports->magento/module-sales-rule->magento/module-catalog-rule->magento/module-import-export

magento/module-fedex,2
magento/module-fedex->magento/module-catalog->magento/module-msrp->magento/module-bundle->magento/module-sales-rule->magento/module-shipping->magento/module-fedex
magento/module-fedex->magento/module-catalog->magento/module-authorization->magento/module-backend->magento/module-backup->magento/module-cron->magento/module-store->magento/module-config->magento/module-deploy->magento/module-user->magento/module-email->magento/module-cms->magento/module-media-storage->magento/module-theme->magento/module-customer->magento/module-checkout->magento/module-captcha->magento/module-sales->magento/module-bundle->magento/module-catalog-inventory->magento/module-quote->magento/module-shipping->magento/module-fedex

magento/module-ups,2
magento/module-ups->magento/module-shipping->magento/module-ups
magento/module-ups->magento/module-backend->magento/module-backup->magento/module-cron->magento/module-store->magento/module-catalog->magento/module-asynchronous-operations->magento/module-ui->magento/module-eav->magento/module-config->magento/module-deploy->magento/module-user->magento/module-email->magento/module-cms->magento/module-media-storage->magento/module-theme->magento/module-customer->magento/module-checkout->magento/module-captcha->magento/module-sales->magento/module-bundle->magento/module-catalog-inventory->magento/module-quote->magento/module-shipping->magento/module-ups

magento/module-product-alert,2
magento/module-product-alert->magento/module-catalog->magento/module-product-alert
magento/module-product-alert->magento/module-asynchronous-operations->magento/module-authorization->magento/module-backend->magento/module-backup->magento/module-cron->magento/module-store->magento/module-catalog->magento/module-product-alert

magento/module-url-rewrite,5
magento/module-url-rewrite->magento/module-catalog->magento/module-url-rewrite
magento/module-url-rewrite->magento/module-catalog-url-rewrite->magento/module-url-rewrite
magento/module-url-rewrite->magento/module-cms-url-rewrite->magento/module-url-rewrite
magento/module-url-rewrite->magento/module-cms-url-rewrite->magento/module-cms->magento/module-backend->magento/module-backup->magento/module-cron->magento/module-store->magento/module-catalog->magento/module-catalog-url-rewrite->magento/module-url-rewrite
magento/module-url-rewrite->magento/module-backend->magento/module-backup->magento/module-cron->magento/module-store->magento/module-catalog->magento/module-url-rewrite

magento/module-configurable-product,3
magento/module-configurable-product->magento/module-catalog->magento/module-wishlist->magento/module-configurable-product
magento/module-configurable-product->magento/module-backend->magento/module-backup->magento/module-cron->magento/module-store->magento/module-catalog->magento/module-asynchronous-operations->magento/module-ui->magento/module-eav->magento/module-config->magento/module-deploy->magento/module-user->magento/module-email->magento/module-cms->magento/module-media-storage->magento/module-theme->magento/module-customer->magento/module-checkout->magento/module-captcha->magento/module-sales->magento/module-bundle->magento/module-catalog-inventory->magento/module-quote->magento/module-shipping->magento/module-tax->magento/module-reports->magento/module-wishlist->magento/module-configurable-product
magento/module-configurable-product->magento/module-product-video->magento/module-backend->magento/module-backup->magento/module-cron->magento/module-store->magento/module-catalog->magento/module-asynchronous-operations->magento/module-ui->magento/module-eav->magento/module-config->magento/module-deploy->magento/module-user->magento/module-email->magento/module-cms->magento/module-media-storage->magento/module-theme->magento/module-customer->magento/module-checkout->magento/module-captcha->magento/module-sales->magento/module-bundle->magento/module-catalog-inventory->magento/module-quote->magento/module-shipping->magento/module-tax->magento/module-reports->magento/module-wishlist->magento/module-configurable-product

magento/module-grouped-product,2
magento/module-grouped-product->magento/module-catalog->magento/module-wishlist->magento/module-grouped-product
magento/module-grouped-product->magento/module-backend->magento/module-backup->magento/module-cron->magento/module-store->magento/module-catalog->magento/module-asynchronous-operations->magento/module-ui->magento/module-eav->magento/module-config->magento/module-deploy->magento/module-user->magento/module-email->magento/module-cms->magento/module-media-storage->magento/module-theme->magento/module-customer->magento/module-checkout->magento/module-captcha->magento/module-sales->magento/module-bundle->magento/module-catalog-inventory->magento/module-quote->magento/module-shipping->magento/module-tax->magento/module-reports->magento/module-wishlist->magento/module-grouped-product

magento/module-search,1
magento/module-search->magento/module-catalog-search->magento/module-search

magento/module-catalog-search,1
magento/module-catalog-search->magento/module-search->magento/module-catalog-search

magento/module-catalog-import-export,2
magento/module-catalog-import-export->magento/module-catalog-url-rewrite->magento/module-catalog-import-export
magento/module-catalog-import-export->magento/module-catalog->magento/module-catalog-url-rewrite->magento/module-catalog-import-export

magento/module-cms-url-rewrite,2
magento/module-cms-url-rewrite->magento/module-url-rewrite->magento/module-cms-url-rewrite
magento/module-cms-url-rewrite->magento/module-cms->magento/module-backend->magento/module-backup->magento/module-cron->magento/module-store->magento/module-catalog->magento/module-catalog-url-rewrite->magento/module-url-rewrite->magento/module-cms-url-rewrite

amasty/module-gift-card,1
amasty/module-gift-card->amasty/module-gift-card-account->amasty/module-gift-card

amasty/module-gift-card-account,1
amasty/module-gift-card-account->amasty/module-gift-card->amasty/module-gift-card-account

magento/module-graph-ql,1
magento/module-graph-ql->magento/module-graph-ql-cache->magento/module-graph-ql

magento/module-graph-ql-cache,1
magento/module-graph-ql-cache->magento/module-graph-ql->magento/module-graph-ql-cache

magento/module-inventory-indexer,1
magento/module-inventory-indexer->magento/module-inventory-sales->magento/module-inventory-catalog->magento/module-inventory-indexer

magento/module-inventory-sales,1
magento/module-inventory-sales->magento/module-inventory-catalog->magento/module-inventory-indexer->magento/module-inventory-sales

magento/module-inventory-catalog,1
magento/module-inventory-catalog->magento/module-inventory-indexer->magento/module-inventory-sales->magento/module-inventory-catalog

magento/module-admin-notification,1
magento/module-admin-notification->magento/module-backend->magento/module-backup->magento/module-cron->magento/module-store->magento/module-catalog->magento/module-asynchronous-operations->magento/module-admin-notification

magento/module-contact,1
magento/module-contact->magento/module-cms->magento/module-backend->magento/module-backup->magento/module-cron->magento/module-store->magento/module-catalog->magento/module-asynchronous-operations->magento/module-ui->magento/module-eav->magento/module-config->magento/module-deploy->magento/module-user->magento/module-email->magento/module-theme->magento/module-customer->magento/module-checkout->magento/module-captcha->magento/module-sales->magento/module-bundle->magento/module-catalog-inventory->magento/module-quote->magento/module-shipping->magento/module-contact

magento/module-cookie,1
magento/module-cookie->magento/module-store->magento/module-catalog->magento/module-cookie

magento/module-indexer,1
magento/module-indexer->magento/module-backend->magento/module-backup->magento/module-cron->magento/module-store->magento/module-catalog->magento/module-indexer

magento/module-multishipping,1
magento/module-multishipping->magento/module-checkout->magento/module-captcha->magento/module-backend->magento/module-backup->magento/module-cron->magento/module-store->magento/module-catalog->magento/module-asynchronous-operations->magento/module-ui->magento/module-eav->magento/module-config->magento/module-deploy->magento/module-user->magento/module-email->magento/module-cms->magento/module-media-storage->magento/module-theme->magento/module-customer->magento/module-quote->magento/module-payment->magento/module-sales->magento/module-bundle->magento/module-gift-message->magento/module-multishipping

magento/module-product-video,1
magento/module-product-video->magento/module-backend->magento/module-backup->magento/module-cron->magento/module-store->magento/module-catalog->magento/module-asynchronous-operations->magento/module-ui->magento/module-eav->magento/module-config->magento/module-deploy->magento/module-user->magento/module-email->magento/module-cms->magento/module-media-storage->magento/module-theme->magento/module-customer->magento/module-checkout->magento/module-captcha->magento/module-sales->magento/module-bundle->magento/module-catalog-inventory->magento/module-quote->magento/module-shipping->magento/module-tax->magento/module-reports->magento/module-wishlist->magento/module-configurable-product->magento/module-product-video

magento/module-rss,1
magento/module-rss->magento/module-backend->magento/module-backup->magento/module-cron->magento/module-store->magento/module-catalog->magento/module-asynchronous-operations->magento/module-ui->magento/module-eav->magento/module-config->magento/module-deploy->magento/module-user->magento/module-email->magento/module-cms->magento/module-media-storage->magento/module-theme->magento/module-customer->magento/module-checkout->magento/module-captcha->magento/module-sales->magento/module-bundle->magento/module-catalog-inventory->magento/module-quote->magento/module-shipping->magento/module-tax->magento/module-reports->magento/module-wishlist->magento/module-rss
