sku	image_path
001	/c/a/cadeau_maped_scolaire_techno.jpg
01	/g/o/gomme-smiling-planet-fsc-recyclee-maped-ref-112521fm_0.jpg
01	/g/o/gomme-smiling-planet-fsc-recyclee-maped-ref-112521fm_1.jpg
01	/g/o/gomme-smiling-planet-fsc-recyclee-maped-ref-112521fm_2.jpg
01	/g/o/gomme-smiling-planet-fsc-recyclee-maped-ref-112521fm_3.jpg
02	/c/r/crayon-graphite-plastique-glitter-deco-hb-gomme-potx72-maped-ref-851805_0.jpg
02	/c/r/crayon-graphite-plastique-glitter-deco-hb-gomme-potx72-maped-ref-851805_1.jpg
02	/c/r/crayon-graphite-plastique-glitter-deco-hb-gomme-potx72-maped-ref-851805_2.jpg
02	/c/r/crayon-graphite-plastique-glitter-deco-hb-gomme-potx72-maped-ref-851805_3.jpg
02	/c/r/crayon-graphite-plastique-glitter-deco-hb-gomme-potx72-maped-ref-851805_4.jpg
02	/c/r/crayon-graphite-plastique-glitter-deco-hb-gomme-potx72-maped-ref-851805_6.jpg
02	/c/r/crayon-graphite-plastique-glitter-deco-hb-gomme-potx72-maped-ref-851805_7.jpg
03	/s/u/surligneur-flex-pastel-couleurs-assorties-en-display-maped-ref-740310_0.jpg
03	/s/u/surligneur-flex-pastel-couleurs-assorties-en-display-maped-ref-740310_1.jpg
03	/s/u/surligneur-flex-pastel-couleurs-assorties-en-display-maped-ref-740310_2.jpg
03	/s/u/surligneur-flex-pastel-couleurs-assorties-en-display-maped-ref-740310_3.jpg
03	/s/u/surligneur-flex-pastel-couleurs-assorties-en-display-maped-ref-740310_4.jpg
03	/s/u/surligneur-flex-pastel-couleurs-assorties-en-display-maped-ref-740310_5.jpg
03	/s/u/surligneur-flex-pastel-couleurs-assorties-en-display-maped-ref-740310_6.jpg
04	/c/o/compas-open-version-inter-boite-de-5-pcs-maped-ref-536955.png
1000	/p/e/peinture-a-eau-de-12-couleurs-motif-turtules-ninja-bleu-techno-ref-4389-0.jpg
1001	/p/e/peinture-a-eau-de-12-couleurs-motif-vert-techno-ref-4389-0.jpg
1002	/p/a/papier-gomme-brillant-autocollant-de-10-feuilles-a4-bleu-techno-ref-9347-0.jpg
1003	/p/a/papier-gomme-brillant-autocollant-de-10-feuilles-a4-vert-techno-ref-9347-0.jpg
1004	/p/a/papier-gomme-brillant-autocollant-de-10-feuilles-a4-orange-techno-ref-9347-0.jpg
1005	/p/a/papier-gomme-brillant-autocollant-de-10-feuilles-a4-rose-techno-ref-9347-0.jpg
1005909	/s/t/stylo-roller-retractable-a-encre-gel-g2-pixie-0_7mm-noir-pilot-ref-bl-g2-7-xs-b-0_1.jpg
1006	/p/a/papier-gomme-brillant-autocollant-de-10-feuilles-a4-violet-techno-ref-9347-0.jpg
1007	/p/a/papier-gomme-brillant-autocollant-de-10-feuilles-a4-rouge-techno-ref-9347-0.jpg
1008	/p/a/papier-gomme-brillant-autocollant-de-10-feuilles-a5-bleu-techno-ref-9135-0.jpg
1009	/p/a/papier-gomme-brillant-autocollant-de-10-feuilles-a5-vert-techno-ref-9135-0.jpg
1010	/p/a/papier-gomme-brillant-autocollant-de-10-feuilles-a5-orange-techno-ref-9135-0.jpg
1011	/p/a/papier-gomme-brillant-autocollant-de-10-feuilles-a5-rose-techno-ref-9135-0.jpg
1012	/p/a/papier-gomme-brillant-autocollant-de-10-feuilles-a5-violet-techno-ref-9135-0.jpg
1013	/p/a/papier-gomme-brillant-autocollant-de-10-feuilles-a5-rouge-techno-ref-9135-0.jpg
1014	/c/o/colle-transparente-30ml-dora-rose-techno-ref-4275-0.jpg
1015	/c/o/colle-transparente-30ml-dora-violet-techno-ref-4275-0.jpg
1016	/c/o/colle-transparente-30ml-turtules-ninja-bleu-techno-ref-4275-0.jpg
1017	/c/o/colle-transparente-30ml-turtules-ninjavert-techno-ref-4275-0.jpg
1018	/g/o/gomme-jolly-bleu-techno-ref-4948-0.jpg
1019	/g/o/gomme-jolly-rose-techno-ref-4948-0.jpg
1020	/g/o/gomme-jolly-vert-techno-ref-4948-0.jpg
1021	/g/o/gomme-jolly-orange-techno-ref-4948-0.jpg
1022	/g/o/gomme-tiwster-bleu-techno-ref-4940-0.jpg
1023	/g/o/gomme-tiwster-techno-ref-4940-0.jpg
1024	/g/o/gomme-tiwster-vert-techno-ref-4940-0.jpg
1025	/g/o/gomme-tiwster-violet-techno-ref-4940-0.jpg
1029	/a/g/agrafeuse-mini-24-6-26-6-12-feuilles-bleu-techno-ref-5222-0.jpg
102909	/e/t/etiquettes-glam-rocks-i-pink-butterfly-herma-ref-6003-0.jpg
1030	/a/g/agrafeuse-mini-24-6-26-6-12-feuilles-vert-techno-ref-5222-0.jpg
1031	/a/g/agrafeuse-mini-24-6-26-6-12-feuilles-rose-techno-ref-5222-0.jpg
1032	/a/g/agrafeuse-mini-24-6-26-6-12-feuilles-violet-techno-ref-5222-0.jpg
1033	/a/g/agrafeuse-de-bureau-24-6-26-6-20-feuilles-bleu-techno-ref-5221-0.jpg
1034	/a/g/agrafeuse-de-bureau-24-6-26-6-20-feuilles-gris-techno-ref-5221-0.jpg
1035	/a/g/agrafeuse-de-bureau-24-6-26-6-20-feuilles-noir-techno-ref-5221-0.jpg
1036	/a/g/agrafeuse-de-bureau-24-6-26-6-20-feuilles-rouge-techno-ref-5221-0.jpg
1038313	/p/a/panier-de-promotion-t0026-a-roulettes-750x90x90-cm-ucge-ref-u052002600.jpg
1040	/p/o/pochette-enveloppe-fc-150-microne-bleu-techno-ref-3113-0.jpg
1041	/p/o/pochette-enveloppe-fc-150-microne-jaune-techno-ref-3113-0.jpg
1042	/p/o/pochette-enveloppe-fc-150-microne-rouge-techno-ref-3113-0.jpg
1043	/p/o/pochette-enveloppe-fc-150-microne-transparent-techno-ref-3113-0.jpg
1044	/p/o/pochette-enveloppe-fc-150-microne-vert-techno-ref-3113-0.jpg
1046	/p/o/pochette-enveloppe-a5-150-microne-bleue-techno-ref-3111-0.jpg
1047	/p/o/pochette-enveloppe-a5-150-microne-jaune-techno-ref-3111-0.jpg
1048	/p/o/pochette-enveloppe-a5-150-microne-rouge-techno-ref-3111-0.jpg
1049	/p/o/pochette-enveloppe-a5-150-microne-transparente-techno-ref-3111-0.jpg
1050	/p/o/pochette-enveloppe-a5-150-microne-verte-techno-ref-3111-0.jpg
1051	/p/o/pochette-enveloppe-a6-150-microne-bleu-techno-ref-3110-0.jpg
1052	/p/o/pochette-enveloppe-a6-150-microne-jaune-techno-ref-3110-0.jpg
1053	/p/o/pochette-enveloppe-a6-150-microne-rouge-techno-ref-3110-0.jpg
1054	/p/o/pochette-enveloppe-a6-150-microne-transparente-techno-ref-3110-0.jpg
1055	/p/o/pochette-enveloppe-a5-150-microne-vert-techno-ref-3110-0.jpg
1065	/p/o/pochette-zippee-motif-maille-fc-bleu-techno-ref-4687-0.jpg
1066	/p/o/pochette-zippee-motif-maille-fc-vert-techno-ref-4687-0.jpg
1067	/p/o/pochette-zippee-motif-maille-fc-transparent-techno-ref-4687-0.jpg
1068	/p/o/pochette-zippee-motif-maille-fc-rouge-techno-ref-4687-0.jpg
1069	/p/o/pochette-zippee-motif-maille-fc-jaune-techno-ref-4687-0.jpg
1069203	/m/o/module-de-classement-de-05-tiroirs-noir-techno-ref-1709.jpg
107	/a/d/adhesifs-cristal-rond-multi-couleurs-techno-ref-5022-0.jpg
1070	/p/o/pochette-zippee-motif-maille-a4-bleu-techno-ref-4686-0.jpg
1071	/p/o/pochette-zippee-motif-maille-a4-vert-techno-ref-4686-0.jpg
1072	/p/o/pochette-zippee-motif-maille-a4-transparent-techno-ref-4686-0.jpg
1073	/p/o/pochette-zippee-motif-maille-a4-rouge-techno-ref-4686-0.jpg
107301501	/c/r/craie-couleur-boite-de-100-pcs-techno-ref-2607.jpg
107309301	/g/o/gomme-technique-mini-maped-ref-011300-0.jpg
107309301	/g/o/gomme-technique-mini-maped-ref-011300-1.jpg
107309401	/g/o/gomme-technic-600-maped-ref-011600-0.jpg
107326601	/g/o/gomme-technique-softy-maped-ref-511790-0.jpg
107337301	/p/a/palette-de-peinture-ellipse-blanche-en-ply-bag-ark-ref-315-0_1.jpg
107349601	/a/g/agrafes-24-6-techno-ref-1899-0.jpg
107360501	/p/a/palette-de-peinture-ellipse-blanche-en-ply-bag-ark-ref-315-0.jpg
107375101	/p/a/palette-de-peinture-en-bois-rectangulaire-techno-ref-676-0.jpg
1074	/p/o/pochette-zippee-motif-maille-a4-jaune-techno-ref-4686-0.jpg
107400301	/s/p/spatule-professionnelle-n_-9-techno-ref-0400.jpg
107400401	/s/p/spatule-professionnelle-n_-13-techno-ref-0401.jpg
107400501	/p/a/patule-professionnelle-n_-16-techno-ref-0402-ctne5420.jpg
107400601	/s/p/spatule-professionnelle-n_-8-techno-ref-0403.jpg
107405301	/j/e/jeu-de-spatules-professionnelle-de-05-pcs-techno-ref-598-0.jpg
107405301	/j/e/jeu-de-spatules-professionnelle-de-05-pcs-techno-ref-0598.jpg
107408301	/p/o/pot-a-crayons-metallique-grillee-carre-techno-ref-0806-0.jpg
107410801	/p/i/piquet-dhotel-guide-files-dore-techno-ref-0460.jpg
107410801	/p/i/piquet-dhotel-guide-files-dore-techno-ref-0460_2.jpg
107410801	/p/i/piquet-dhotel-guide-files-dore-techno-ref-0460_1.jpg
107410801	/p/i/piquet-dhotel-guide-files-dore-techno-ref-0460_0.jpg
107411201	/p/l/plaque-indication-de-direction-techno-ref-1458_1.jpg
107411201	/p/l/plaque-indication-de-direction-techno-ref-1458_2.jpg
107414301	/s/p/spatule-professionnelle-n_-17-techno-ref-0386_1.jpg
107414301	/s/p/spatule-professionnelle-n_-17-techno-ref-0386_2.jpg
107414301	/s/p/spatule-professionnelle-n_-17-techno-ref-0386_3.jpg
107414401	/s/p/spatule-professionnelle-n_-2-techno-ref-0703.jpg
107414501	/s/p/spatule-professionnelle-n_-15-techno-ref-0388.jpg
107414601	/s/p/spatule-professionnelle-n_-12-techno-ref-0702.jpg
107414701	/s/p/spatule-professionnelle-n_-18-techno-ref-0390.jpg
107414801	/s/p/spatule-professionnelle-n_-11-techno-ref-0698.jpg
107414901	/s/p/spatule-professionnelle-n_-7-techno-ref-0410.jpg
107415001	/s/p/spatule-professionnelle-n_-6-techno-ref-0393-ctne5420.jpg
107415101	/s/p/spatule-professionnelle-n_-10-techno-ref-0394.jpg
107415201	/s/p/spatule-professionnelle-n_-14-techno-ref-0395-ctne5420.jpg
107415301	/s/p/spatule-professionnelle-n_-1-techno-ref-0396.jpg
107415401	/s/p/spatule-professionnelle-n_-5-techno-ref-0397.jpg
107415501	/s/p/spatule-professionnelle-n_-3-techno-ref-0398-ctne5420.jpg
107415601	/s/p/spatule-professionnelle-n_-4-techno-ref-0399-ctne5420.jpg
107417301	/p/e/peinture-a-lhuile-12-couleurs-techno-ref-0128-0.jpg
107449401	/0/1/0130.jpg
107449501	/0/1/0131.jpg
107449601	/0/1/0132.jpg
107449701	/0/1/0133.jpg
107449801	/t/o/toile-sur-chassis-280g-en-coton-techno--0_5.jpg
107449901	/0/1/0135.jpg
107461301	/r/e/regle_double_decimetre_20_cm_essentials_maped_ref_146108.jpg
107461301	/r/e/regle_double_decimetre_20_cm_essentials_maped_ref_146108..jpg
107476001	/0/1/011700_pa_cb_imresizer.jpg
107476501	/g/o/gomme-fantaisie-domino-40-maped-ref-511240.jpg
107476501	/g/o/gomme-fantaisie-domino-40-maped-ref-511240-2.jpg
107480501	/t/a/taille-crayons-de-02-trous-metallique-maped-ref-506700-0.jpg
107480601	/t/a/taille-crayons-vivo-01-trou-sous-blister-de-03-pcs-maped-ref-006303.jpg
107480901	/e/f/effaceur-reecriveur-encre-02-pcs-pointe-biseautee-sous-blister-maped-ref-012802-0.jpg
107480901	/e/f/effaceur-reecriveur-encre-02-pcs-pointe-biseautee-sous-blister-maped-ref-012802-1.jpg
107480901	/e/f/effaceur-reecriveur-encre-02-pcs-pointe-biseautee-sous-blister-maped-ref-012802-2.jpg
107482401	/e/q/equerre-transparent-21cm-60-essentials-maped-ref-146122-0.jpg
107482601	/a/r/ardoise-a-craie-en-pierre-naturelle-maped-ref-258550-0.jpg
107483601	/g/o/gomme-mini-softy-maped-ref-511780-0.jpg
107484301	/0/3/037400-01_imresizer.jpg
107487501	/p/i/piquet-dhotel-guide-files-argente-techno-ref-1457-2.jpg
107487501	/p/i/piquet-dhotel-guide-files-argente-techno-ref-1457_1.jpg
107487501	/p/i/piquet-dhotel-guide-files-argente-techno-ref-1457-3.jpg
107487501	/p/i/piquet-dhotel-guide-files-argente-techno-ref-1457.jpg
107487501	/p/i/piquet-dhotel-guide-files-argente-techno-ref-1457_0.jpg
107490301	/c/o/corde-rouge-pour-piquet-embout-argente-techno-ref-0582.jpg
107490301	/c/o/corde-rouge-pour-piquet-embout-argente-techno-ref-0582-.jpg
107494901	/p/a/palette-de-peinture-en-bois-ellipse-techno-ref-675-0.jpg
1075	/p/o/pochette-zippee-motif-maille-a5-bleu-techno-ref-4685-0.jpg
107500201	/c/i/ciseaux-optimum-21-cm-garantie-a-vie-maped-ref-068600-1.jpg
107531001	/c/o/corde-bleue-pour-piquet-embout-dore-techno-ref-1454_2.jpg
107531001	/c/o/corde-bleue-pour-piquet-embout-dore-techno-ref-1454_1.jpg
107531101	/c/o/corde-bleue-pour-piquet-embout-argente-techno-ref-1453_2.jpg
107531101	/c/o/corde-bleue-pour-piquet-embout-argente-techno-ref-1453.jpg
107532601	/c/e/cendrier-corbeille-luxe-en-bois-marron-techno-ref-1441.jpg
107533401	/p/o/poubelle-exterieur-double-faces-luxe-verte-techno-ref-1465_1.jpg
107533401	/p/o/poubelle-exterieur-double-faces-luxe-verte-techno-ref-1465_2.jpg
107533401	/p/o/poubelle-exterieur-double-faces-luxe-verte-techno-ref-1465_3.jpg
107543301	/e/n/ensemble-de-tracage-4-pcs-20cm-essentials-242-maped-ref-242820.jpg
107544001	/c/r/crayons-couleurs-colorpeps-classic-maped--0_1.jpg
107544101	/c/r/crayons-couleurs-colorpeps-classic-de-18-couleurs-maped-ref-183218-0_1.jpg
107544201	/c/r/crayons-couleurs-de-12-colorpeps-triangle-avec-taille-crayon-maped-ref-183213-0_1.jpg
107544301	/c/r/crayons-couleurs-colorpeps-classic-de-24-couleurs-maped-ref-183224-0.jpg
107545501	/b/r/brosse-pour-ardoise-blanche-et-a-craie-s-b-maped-ref-058700_1.jpg
107545501	/b/r/brosse-pour-ardoise-blanche-et-a-craie-s-b-maped-ref-058700_2_1.jpg
107545501	/b/r/brosse-pour-ardoise-blanche-et-a-craie-s-b-maped-ref-058700_3_1.jpg
107546501	/a/g/agrafeuse-grande-capacite-23-10-expert-maped-ref-544500.jpg
107546501	/a/g/agrafeuse-grande-capacite-23-10-expert-maped-ref-544500-2.jpg
107559301	/f/u/fusains-de-dessin-7-8mm-boites-de-05-pcs-techno-ref-1286-0.jpg
107562601	/6/6/6666-01.jpg
107576601	/t/u/tube-telescopique-diam-8_5-cm-long-63_5-cm-techno-ref-1575_1.jpg
107583201	/p/e/peinture_vitrail_de_45ml_bleu_profon_pebeo_ref_50010.jpg
107583401	/p/e/peinture_vitrail_de_45ml_cramoisi_pebeo_ref_50012.jpg
107583501	/p/e/peinture_vitrail_de_45ml_emeraude_pebeo_ref_50013.jpg
107583601	/p/e/peinture_vitrail_de_45ml_jaune_pebeo_ref_50014.jpg
107583801	/p/e/peinture_vitrail_de_45ml_orange_pebeo_ref_50016.jpg
107583901	/p/e/peinture_vitrail_de_45ml_bleu_turquoise_pebeo_ref_50017.jpg
107584001	/p/e/peinture_vitrail_de_45ml_chartreuse_pebeo_ref_50018.jpg
107584101	/p/e/peinture_vitrail_de_45_ml_violet_rouge_pebeo_ref_50019.jpg
107584201	/p/e/peinture_vitrail_de_45ml_blanc_pebeo_ref_50020.jpg
107584401	/p/e/peinture_vitrail_de_45ml_greengold_pebeo_ref_50022.jpg
107584501	/p/e/peinture_vitrail_de_45ml_citron_pebeo_ref_50023.jpg
107584601	/p/e/peinture_vitrail_de_45ml_violet_pebeo_ref_50025.jpg
107584701	/p/e/peinture_vitrail_de_45ml_pourpre_pebeo_ref_50026.jpg
107585001	/v/i/vitrail_auxiliaire_medium_eclaircissant_45ml_pebeo_ref_51000.jpg
107585401	/p/e/pebeo-deco-brillant-jaune-vif-45-ml-pebeo-ref-092003.jpg
107586301	/p/e/pebeo-deco-brillant-bleu-moyen-45ml-pebeo-ref-092012.jpg
107586501	/p/e/pebeo-deco-brillant-turquoise-45-ml-pebeo-ref-092014.jpg
107586601	/p/e/pebeo-deco-brillant-vert-fonce-45-ml-pebeo-ref-092015.jpg
107586801	/p/e/pebeo-deco-brillant-vert-lumiere-45-ml-pebeo-ref-092017_1_1.jpg
107586801	/p/e/pebeo-deco-brillant-vert-lumiere-45-ml-pebeo-ref-092017_2.jpg
107587101	/p/e/pebeo-deco-brillant-noir-profond-45-ml-pebeo-ref-092020.jpg
107587501	/p/e/peinture_vitrea_160_brillant_flacon_de_45ml_jaune_soleil_pebeo_ref_111001.jpg
107587601	/p/e/peinture_vitrea_160_brillant_flacon_de_45ml_jaune_safran_pebeo_ref_111002.jpg
107587701	/p/e/peinture_vitrea_160_brillant_flacon_de_45ml_paprika_pebeo_ref_111003.jpg
107587801	/p/e/peinture-vitrea-160-brillant-flacon-de-45ml-rouge-piment-pebeo-ref-111004.jpg
107587901	/p/e/peinture_vitrea_160_brillant_flacon_de_45ml_rouge_indien_pebeo_ref_111005_1.jpg
107588001	/p/e/peinture_vitrea_160_brillant_flacon_de_45ml_rose_bengale_pebeo_ref_111006.jpg
107588101	/p/e/peinture_vitrea_160_brillant_flacon_de_45ml_amarante_pebeo_ref_111007.jpg
107588501	/p/e/peinture_vitrea_160_brillant_flacon_de_45ml_turquoise_pebeo_ref_111011.jpg
107589101	/p/e/peinture_vitrea_160_brillant_flacon_de_45ml_ambre_pebeo_ref_111017.jpg
107589301	/p/e/peinture_vitrea_160_brillant_flacon_de_45ml_noir_d_encre_pebeo_ref_111019.jpg
107589401	/p/e/peinture_vitrea_160_brillant_flacon_de_45ml_voile_blanc_pebeo_ref_111020.jpg
1076	/p/o/pochette-zippee-motif-maille-a5-vert-techno-ref-4685-0.jpg
107627201	/p/o/porcelaine-150-flacon-de-45-ml-turquoise-pebeo-ref-024020.jpg
107627201	/p/o/porcelaine-150-flacon-de-45-ml-turquoise-pebeo-ref-024020_01.jpg
107629901	/c/e/ceramic-flacon-45ml-blanc-pebeo-ref-25010-0.jpg
107630001	/c/e/ceramic-flacon-45ml-lavande-pebeo-ref-25011-0.jpg
107630101	/c/e/ceramic-flacon-45ml-mauve-pebeo-ref-25012-0.jpg
107630201	/c/e/ceramic-flacon-45ml-metallise-pebeo-ref-25013-0.jpg
107630301	/c/e/ceramic-flacon-45ml-noir-pebeo-ref-25014-0.jpg
107630401	/c/e/ceramic-flacon-45ml-or-riche-pebeo-ref-25015-0.jpg
107630501	/c/e/ceramic-flacon-45ml-turquoise-pebeo-ref-25016-0.jpg
107630601	/c/e/ceramic-flacon-45ml-brun-ecaille-pebeo-ref-25017-0.jpg
107630701	/c/e/ceramic-flacon-45ml-brun-rouge-pebeo-ref-25018-0.jpg
107630801	/c/e/ceramic-flacon-45ml-chamois-pebeo-ref-25019-0.jpg
107630901	/c/e/ceramic-flacon-45ml-grenat-pebeo-ref-25020-0_1.jpg
107631001	/c/e/ceramic-flacon-45ml-jaune-riche-pebeo-ref-25021-0.jpg
107631001	/c/e/ceramic-flacon-45ml-jaune-riche-pebeo-ref-25021-0_1.jpg
107631101	/c/e/ceramic-flacon-45ml-jaune-orange-pebeo-ref-25022-0.jpg
107631201	/c/e/ceramic-flacon-45ml-orange-pebeo-ref-25023-0.jpg
107631301	/c/e/ceramic-flacon-45ml-rouge-cerise-pebeo-ref-25024-0.jpg
107631401	/c/e/ceramic-flacon-45ml-sevres-pebeo-ref-25025-0.jpg
107631501	/c/e/ceramic-flacon-45ml-emeraude-pebeo-ref-25026-0.jpg
107631601	/c/e/ceramic-flacon-45ml-vert-feuille-pebeo-ref-25027-0.jpg
107631801	/c/e/ceramic-flacon-45ml-rubis-pebeo-ref-25029-0.jpg
107631901	/c/e/ceramic-flacon-45ml-nacre-pebeo-ref-25030-0_1.jpg
107632001	/c/e/ceramic-flacon-45ml-cyclamen-pebeo-ref-25031-0.jpg
107632101	/c/e/ceramic-flacon-45ml-blanc-antique-pebeo-ref-25032-0.jpg
107632201	/c/e/ceramic-flacon-45ml-jaune-clair-pebeo-ref-25033-0.jpg
107632301	/c/e/ceramic-flacon-45ml-rose-pebeo-ref-25034-0.jpg
107632401	/c/e/ceramic-flacon-45ml-bleu-pebeo-ref-25035-0.jpg
107632501	/c/e/ceramic-flacon-45ml-violet-clair-pebeo-ref-25036-0.jpg
107633801	/p/e/peinture-vitrea-160-depoli-flacon-de-45ml-grenadine-pebeo-ref-112032.jpg
107633901	/p/e/peinture-vitrea-160-depoli-flacon-de-45ml-rose-pebeo-ref-112033.jpg
107634501	/p/e/peinture-vitrea-160-depoli-flacon-de-45ml-nuage-pebeo-ref-112039.jpg
107634601	/v/i/vitrea_160_auxiliaire_flacon_de_45ml_diluant_pebeo_ref_113050_1.jpg
107634901	/v/i/vitrea_160_auxiliaire_flacon_de_45ml_medium_depoli_pebeo_ref_113053_1.jpg
107635201	/v/i/vitrea_160_brillant_relief_jaune_soleil_tube_20ml_pebeo_ref_114060.jpg
107635401	/v/i/vitrea_160_brillant_relief_rouge_piment_tube_20ml_pebeo_ref_114062.jpg
107635601	/v/i/vitrea_160_brillant_relief_lazuli_tube_20ml_pebeo_ref_114064.jpg
107636101	/v/i/vitrea_160_brillant_relief_trans-_etain_tube_20ml_pebeo_ref_114069.jpg
107639201	/g/u/gutta-a-leau-incolore-tube-de-20-ml-pebeo-ref-147001.jpg
107639301	/g/u/gutta-a-leau-blanc-nacre-tube-de-20-ml-pebeo-ref-147002.jpg
107639501	/g/u/gutta-a-leau-cuivre-nacre-tube-de-20-ml-pebeo-ref-147010.jpg
107639601	/g/u/gutta-a-leau-argent-nacre-tube-de-20-ml-pebeo-ref-147011.jpg
107639701	/g/u/gutta-a-leau-noir-tube-de-20-ml-pebeo-ref-147012_1.jpg
107639801	/a/c/acrylic-studio-tube-de-250ml-pebeo--0.jpg
107642501	/a/c/acrylic-studio-tube-de-250ml-noir-de-mars-pebeo-ref-169026-0.jpg
107643601	/a/c/acrylic-studio-tube-de-250ml-jaune-primaire-pebeo-ref-169048-0.jpg
107643701	/a/c/acrylic-studio-tube-de-250ml-cyan-primaire-pebeo-ref-169049-0.jpg
107643801	/a/c/acrylic-studio-tube-de-250ml-magenta-primaire-pebeo-ref-169050-0.jpg
107643901	/s/e/setasilk-flacon-45-ml-jaune-primaire-pebeo-ref-181001.jpg
107644301	/s/e/setasilk-flacon-45-ml-rouge-coquelicot-pebeo-ref-181005.jpg
107644401	/s/e/setasilk-flacon-45-ml-rouge-hermes-pebeo-ref-181006.jpg
107644601	/s/e/setasilk-flacon-45-ml-framboise-pebeo-ref-181008.jpg
107645101	/s/e/setasilk-flacon-45-ml-cyan-pebeo-ref-181013.jpg
107645301	/s/e/setasilk-flacon-45-ml-turquoise-pebeo-ref-181015.jpg
107645601	/s/e/setasilk-flacon-45-ml-emeraude-pebeo-ref-181018.jpg
107646701	/s/e/setasilk-flacon-45-ml-ebene-pebeo-ref-181029.jpg
107647001	/h/u/huile-fine-xl-tube-de-200ml-jaune-cadmium-citron-pebeo-ref-200001-0.jpg
107647101	/h/u/huile-fine-xl-tube-de-200ml-jaune-cadmium-primaire-imitation-pebeo-ref-200002-0.jpg
107647201	/h/u/huile-fine-xl-tube-de-200ml-jaune-cadmium-fonce-imitation-pebeo-ref-200003-0.jpg
107647301	/h/u/huile-fine-xl-tube-de-200ml-orange-cadmium-imitation-pebeo-ref-200004-0.jpg
107647401	/h/u/huile-fine-xl-tube-de-200ml-rouge-cadmium-clair-imitation-pebeo-ref-200005-0.jpg
107647501	/h/u/huile-fine-xl-tube-de-200ml-rouge-cadiminium-fonce-pebeo-ref-200006-0.jpg
107647601	/h/u/huile-fine-xl-tube-de-200ml-magenta-pebeo-ref-200007-0.jpg
107647701	/h/u/huile-fine-xl-tube-de-200ml-carmin-de-garance-pebeo-ref-200008-0.jpg
107647801	/h/u/huile-fine-xl-tube-de-200ml-violet-de-dioxazine-pebeo-ref-200009-0.jpg
107647901	/h/u/huile-fine-xl-tube-de-200ml-bleu-de-prusse-pebeo-ref-200010-0.jpg
107648001	/h/u/huile-fine-xl-tube-de-200ml-bleu-phtalo-primaire-pebeo-ref-200011-0.jpg
107648101	/h/u/huile-fine-xl-tube-de-200ml-bleu-cobal-imitation-pebeo-ref-200012-0.jpg
107648201	/h/u/huile-fine-xl-tube-de-200ml-bleu-ceruleum-imitation-pebeo-ref-200013-0.jpg
107648301	/h/u/huile-fine-xl-tube-de-200ml-bleu-outremer-pebeo-ref-200014-0.jpg
107648401	/h/u/huile-fine-xl-tube-de-200ml-vert-anglais-clair-pebeo-ref-200015-0.jpg
107648501	/h/u/huile-fine-xl-tube-de-200ml-vert-cadmium-imitation-pebeo-ref-200016-0.jpg
107648601	/h/u/huile-fine-xl-tube-de-200ml-vert-de-vessie-pebeo-ref-200017-0_1.jpg
107648701	/h/u/huile-fine-xl-tube-de-200ml-emeraude-phtalocyanine-pebeo-ref-200018-0.jpg
107648801	/h/u/huile-fine-xl-tube-de-200ml-jaune-de-naples-pebeo-ref-200019-0.jpg
107648901	/h/u/huile-fine-xl-tube-de-200ml-ocre-jaune-pebeo-ref-200020-0.jpg
107649001	/h/u/huile-fine-xl-tube-de-200ml-sienne-naturelle-pebeo-ref-200021-0.jpg
107649101	/h/u/huile-fine-xl-tube-de-200ml-sienne-brulee-pebeo-ref-200022-0.jpg
107649201	/h/u/huile-fine-xl-tube-de-200ml-ombre-brulee-pebeo-ref-200023-0.jpg
107649301	/h/u/huile-fine-xl-tube-de-200ml-noir-divoir-imitation-pebeo-ref-200024-0.jpg
107649401	/h/u/huile-fine-xl-tube-de-200ml-blanc-de-titane-pebeo-ref-200025.jpg
107649601	/h/u/huile-fine-xl-tube-de-200ml-rose-portrait-pebeo-ref-200027-0.jpg
107649701	/h/u/huile-fine-xl-tube-de-200ml-violet-cobalt-clair-pebeo-ref-200028-0.jpg
107649801	/h/u/huile-fine-xl-tube-de-200ml-ombre-naturelle-pebeo-ref-200029-0.jpg
107649901	/h/u/huile-fine-xl-tube-de-200ml-brun-van-dyck-pebeo-ref-200030-0.jpg
107650201	/p/e/pebeo-deco-mat-rouge-45-ml-pebeo-ref-204024.jpg
107650401	/p/e/pebeo-deco-mat-bleu-antique-45-ml-pebeo-ref-204027.jpg
107650501	/p/e/pebeo-deco-mat-vert-antique-45-ml-pebeo-ref-204028.jpg
107650901	/p/e/pebeo-deco-mat-vermillon-45-ml-pebeo-ref-204043_2.jpg
107650901	/p/e/pebeo-deco-mat-vermillon-45-ml-pebeo-ref-204043.jpg
107651101	/p/e/pebeo-deco-mat-bleu-clair-45-ml-pebeo-ref-204045.jpg
107651401	/p/e/pebeo-deco-mat-vert-clair-45-ml-pebeo-ref-204048.jpg
107652001	/p/e/pebeo-deco-mat-noir-flacon-de-45-ml-pebeo-ref-204055.jpg
107652101	/p/e/pebeo-deco-mat-jaune-citron-45-ml-pebeo-ref-204056.jpg
107652301	/p/e/pebeo-deco-mat-rose-vif-45-ml-pebeo-ref-204058.jpg
107652501	/p/e/pebeo-deco-mat-cendre-violette-45-ml-pebeo-ref-204060.jpg
107652801	/p/e/pebeo-deco-mat-vert-amande-45-ml-pebeo-ref-204063.jpg
107652901	/p/e/pebeo-deco-mat-vert-printemps-45-ml-pebeo-ref-204064.jpg
107653101	/p/e/pebeo-deco-mat-greengold-45-ml-pebeo-ref-204066_1.jpg
107653101	/p/e/pebeo-deco-mat-greengold-45-ml-pebeo-ref-204066_2.jpg
107653301	/p/e/pebeo-deco-mat-cendre-verte-45-ml-pebeo-ref-204068.jpg
107654201	/p/e/pebeo-deco-mat-parme-45-ml-pebeo-ref-204077.jpg
107654501	/p/e/pebeo-deco-mat-bleu-caraibe-45-ml-pebeo-ref-204080.jpg
107658701	/s/e/setacolor_opaque_45ml_blanc_titane_pebeo_ref_295010.jpg
107658801	/s/e/setacolor_opaque_45ml_bleu_cobalt_pebeo_ref_295011.jpg
107659001	/s/e/setacolor_opaque_45ml_bouton_d_or_pebeo_ref_295013.jpg
107659301	/s/e/setacolor_opaque_45ml_jaune_citron_pebeo_ref_295017.jpg
107659501	/s/e/setacolor_opaque_45ml_laque_noire_pebeo_ref_295019.jpg
107660501	/s/e/setacolor_opaque_45ml_perle_moi_pebeo_ref_295044.jpg
107660601	/s/e/setacolor_opaque_45ml_or_moire_pebeo_ref_295045.jpg
107661301	/s/e/setacolor_opaque_45ml_bleu_d_orient_pebeo_ref_295056.jpg
107661801	/s/e/setacolor_opaque_45ml_rouge_d_orient_moire_pebeo_ref_295064.jpg
107664901	/a/q/aquarelle-fine-boite-metal-de-12-demi-godets-pebeo-ref-300035-2.jpg
107664901	/a/q/aquarelle-fine-boite-metal-de-12-demi-godets-pebeo-ref-300035-1.jpg
107673801	/c/e/cerne-relief-tube-20ml-noir-pebeo-ref-390000-1.jpg
107673801	/c/e/cerne-relief-tube-20ml-noir-pebeo-ref-390000-2.jpg
107674601	/c/e/cerne-relief-tube-20ml-vermeil-pebeo-ref-460000-1.jpg
107674601	/c/e/cerne-relief-tube-20ml-vermeil-pebeo-ref-460000-2.jpg
107674701	/c/e/cerne-relief-tube-20ml-cuivre-pebeo-ref-480000-1.jpg
107674701	/c/e/cerne-relief-tube-20ml-cuivre-pebeo-ref-480000-2.jpg
107676601	/a/c/acrylic-studio-gesso-tube-de-250ml-pebeo-ref-524110-0.jpg
107676701	/a/c/acrylic-studio-modeling-paste-a-relief-250-ml-pebeo-ref-524130.jpg
107677001	/a/c/acrylic-studio-gel-mat-tube-de-100-ml-pebeo-ref-524210_copie.jpg
107677201	/b/i/bindex-brillant-acrylique-studio-tube-250ml-pebeo-ref-524250.jpg
107677501	/h/u/huile-de-lin-flacon-de-75ml-raffinee-pebeo-ref-650101.jpg
107677601	/h/u/huile-de-lin-flacon-de-245ml-raffinee-pebeo-ref-650102-0.jpg
107677701	/h/u/huile-doeillette-clarifiee-flacon-de-75ml-pebeo-ref-650201-0.jpg
107677801	/e/s/essence-de-terebenthine-rectifiee-flacon-de-75ml-pebeo-ref-650301-0.jpg
107677901	/e/s/essence-de-terebenthine-rectifiee-pebeo--0.jpg
107678101	/e/s/essence-minerale-inodore-fragonard-flacon-de-75ml-pebeo-ref-650306-0.jpg
107678201	/e/s/essence-minerale-inodore-fragonard-pebeo--0.jpg
107678801	/m/e/medium-a-peindre-pebeo--0.jpg
107679001	/m/e/medium-gel-fragonard-245-ml-pebeo-ref-650605.jpg
107681801	/g/e/gedeo-argile-naturelle-rouge-pain-de-1_5-kg-pebeo-ref-766301.jpg
107681901	/g/e/gedeo-argile-naturelle-blanche-pain-de-1_5-kg-pebeo-ref-766302.jpg
107682201	/j/e/jeux-outils-de-modelage-de-04-pieces-pebeo-ref-766305.jpg
107682501	/c/a/cartouche-stylo-a-plume-techno--0.jpg
107682801	/p/e/peinture_vitrail_45ml_bleu_ciel_pebeo_ref_50036.jpg
107682901	/p/e/peinture_vitrail_45ml_bleu_cobalt_pebeo_ref_50037.jpg
107683001	/p/e/peinture_vitrail_45ml_or_pebeo_ref_50038.jpg
107683101	/p/e/peinture_vitrail_45ml_nacre_pebeo_ref_50039.jpg
107683201	/v/i/vitrail_auxiliaire_medium_paillette_flacon_45ml_pebeo_ref_51001.jpg
107683301	/v/i/vitrail_auxiliaire_medium_mat_flacon_de_45ml_pebeo_ref_51002.jpg
107683601	/c/r/crayons-couleurs-fluo-de-06-colorpeps-maped-ref-832003-0_1.jpg
107687201	/c/e/cerne-relief-tube-20ml-imitation-plomb-pebeo-ref-772000.jpg
107687301	/c/e/cerne-relief-tube-20ml-or-pebeo-ref-773000-1.jpg
107687301	/c/e/cerne-relief-tube-20ml-or-pebeo-ref-773000-2.jpg
107687401	/c/e/cerne-relief-tube-20ml-or-roi-pebeo-ref-773100-1.jpg
107687401	/c/e/cerne-relief-tube-20ml-or-roi-pebeo-ref-773100-2.jpg
107687501	/c/e/cerne-relief-tube-20ml-argent-pebeo-ref-774000-1.jpg
107687501	/c/e/cerne-relief-tube-20ml-argent-pebeo-ref-774000-2.jpg
107687801	/a/c/acrylic-studio-tube-de-100ml-blanc-titane-pebeo-ref-831011-0.jpg
107688001	/a/c/acrylic-studio-tube-de-100ml-jaune-azo-claire-pebeo-ref-831013-0.jpg
107688101	/a/c/acrylic-studio-tube-de-100ml-bleu-cobalt-imitation-pebeo-ref-831014-0.jpg
107688201	/a/c/acrylic-studio-tube-de-100ml-bleu-outremer-fonce-pebeo-ref-831015-0.jpg
107688301	/a/c/acrylic-studio-tube-de-100ml-bleu-phtalocyanine-pebeo-ref-831017.jpg
107688401	/a/c/acrylic-studio-tube-de-100ml-carmin-naphtol-pebeo-ref-831018-0.jpg
107688501	/a/c/acrylic-studio-tube-de-100ml-vermillon-transparent-pebeo-ref-831019-0.jpg
107688701	/a/c/acrylic-studio-tube-de-100ml-jaune-de-venise-pebeo-ref-831021-0.jpg
107688801	/a/c/acrylic-studio-tube100-jaune-cadmium-clair-pebeo-ref-831022.jpg
107688901	/a/c/acrylic-studio-tube-de-100ml-jaune-cadmium-moyen-pebeo-ref-831023-0.jpg
107689001	/a/c/acrylic-studio-tube-de-100ml-jaune-de-naples-pebeo-ref-831024-0.jpg
107689101	/a/c/acrylic-studio-tube-de-100ml-bleu-outremer-claire-pebeo-ref-831025.jpg
107689201	/a/c/acrylic-studio-tube-de-100ml-noir-mars-pebeo-ref-831026-0.jpg
107689301	/a/c/acrylic-studio-tube-de-100ml-ocre-jaune-pebeo-ref-831027-0.jpg
107689401	/a/c/acrylic-studio-tube-de-100ml-bleu-ceruleum-pebeo-ref-831028-0.jpg
107689501	/a/c/acrylic-studio-tube-de-100ml-ombre-brulee-pebeo-ref-831029-0.jpg
107689601	/a/c/acrylic-studio-tube-de-100ml-bleu-turquoise-pebeo-ref-831030-0.jpg
107689801	/a/c/acrylic-studio-tube-de-100ml-orange-cadmium-imitation-pebeo-ref-831032-0.jpg
107689901	/a/c/acrylic-studio-tube100-ml-rouge-cadmium-imit-pebeo-ref-831033.jpg
107690101	/a/c/acrylic-studio-tube-de-100ml-jaune-de-venise-pebeo-ref-831035-0.jpg
107690201	/a/c/acrylic-studio-tube100-ml-sienne-naturelle-pebeo-ref-831036.jpg
107690301	/a/c/acrylic-studio-tube-de-100ml-sienne-brulee-pebeo-ref-831038-0.jpg
107690601	/a/c/acrylic-studio-tube-de-100ml-emeraude-phtalocyanine-pebeo-ref-831042-0.jpg
107690701	/a/c/acrylic-studio-tube-de-100ml-vert-cadmium-imitation-pebeo-ref-831043-0.jpg
107690801	/a/c/acrylic-studio-tube-de-100ml-vert-hooke-pebeo-ref-831044-0.jpg
107690901	/a/c/acrylic-studio-tube-de-100ml-cobalt-fonce-pebeo-ref-831047-0.jpg
107691001	/a/c/acrylic-studio-tube-de-100ml-jaune-primaire-pebeo-ref-831048-0.jpg
107691101	/a/c/acrylic-studio-tube-de-100ml-cyan-primaire-pebeo-ref-831049-0.jpg
107691201	/a/c/acrylic-studio-tube100-ml-magenta-primaire-pebeo-ref-831050.jpg
107691601	/a/c/acrylic-studio-tube-de-100ml-cuivre-iridescent-pebeo-ref-832355-0.jpg
107699701	/h/u/huile-fine-xl-tube-de-37ml-jaune-cadmium-citron-imitation-pebeo-ref-937001-0.jpg
107699801	/h/u/huile-fine-xl-tube-de-37ml-jaune-cadmium-primaire-imitation-pebeo-ref-937002-0.jpg
107699901	/h/u/huile-fine-xl-tube-de-37ml-jaune-cadmium-fonce-pebeo-ref-937003-0.jpg
1077	/p/o/pochette-zippee-motif-maille-a5-transparent-techno-ref-4685-0.jpg
107700001	/h/u/huile-fine-xl-tube-de-37ml-orange-cadmium-imitation-pebeo-ref-937004-0.jpg
107700101	/h/u/huile-fine-xl-tube-de-37ml-rouge-cadmium-clair-imitation-pebeo-ref-937005-0.jpg
107700201	/h/u/huile-fine-xl-tube-de-37ml-rouge-cadmium-fonce-pebeo-ref-937006-0.jpg
107700301	/h/u/huile-fine-xl-tube-de-37ml-magenta-pebeo-ref-937007-0.jpg
107700401	/h/u/huile-fine-xl-tube-de-37ml-carmin-de-garance-pebeo-ref-937008-0.jpg
107700501	/h/u/huile-fine-xl-tube-de-37ml-violet-de-dioxazine-pebeo-ref-937009-0.jpg
107700601	/h/u/huile-fine-xl-tube-de-37ml-bleu-de-prusse-pebeo-ref-937010-0.jpg
107700701	/h/u/huile-fine-xl-tube-de-37ml-bleu-phtalo-primaire-pebeo-ref-937011-0.jpg
107700801	/h/u/huile-fine-xl-tube-de-37ml-bleu-cobalt-imitation-pebeo-ref-937012-0.jpg
107701001	/h/u/huile-fine-xl-tube-de-37ml-bleu-outremer-pebeo-ref-937014-0.jpg
107701101	/h/u/huile-fine-xl-tube-de-37ml-vert-anglais-pebeo-ref-937015-0.jpg
107701201	/h/u/huile-fine-xl-tube-de-37ml-vert-cadmium-imitation-pebeo-ref-937016-0_1.jpg
107701301	/h/u/huile-fine-xl-tube-de-37ml-vert-de-vessie-pebeo-ref-937017-0.jpg
107701401	/h/u/huile-fine-xl-tube-de-37ml-emeraude-de-phtalocyanine-pebeo-ref-937018-0.jpg
107701501	/h/u/huile-fine-xl-tube-de-37ml-jaune-de-naples-pebeo-ref-937019-0.jpg
107701601	/h/u/huile-fine-xl-tube-de-37ml-ocre-jaune-pebeo-ref-937020-0.jpg
107701701	/h/u/huile-fine-xl-tube-de-37ml-sienne-naturelle-pebeo-ref-937021-0.jpg
107701801	/h/u/huile-fine-xl-tube-de-37ml-sienne-brulee-pebeo-ref-937022-0.jpg
107702001	/h/u/huile-fine-xl-tube-de-37ml-noir-divoire-imitation-pebeo-ref-937024-0.jpg
107702101	/h/u/huile-fine-xl-tube-de-37ml-blanc-de-titane-pebeo-ref-937025-0.jpg
107702301	/h/u/huile-fine-xl-tube-37ml-rose-portrait-pebeo-ref-937027-0_1.jpg
107702401	/h/u/huile-fine-xl-tube-de-37ml-violet-cobalt-clair-pebeo-ref-937028-0.jpg
107702501	/h/u/huile-fine-xl-tube-de-37ml-ombre-naturelle-pebeo-ref-937029-0.jpg
107702601	/h/u/huile-fine-xl-tube-de-37ml-brun-van-dyck-pebeo-ref-937030-0.jpg
107706301	/f/e/feuille-a-dorer-or-14-x-14-cm-paquet-de-25-feuilles-pebeo-ref-766542.jpg
107706401	/f/e/feuille-a-dorer-argent-14-x-14-cm-paquet-de-25-feuilles-pebeo-ref-766543-.jpg
107706501	/g/e/gedeo-mixtion-a-coller-flacon-de-75-ml-pebeo-ref-766544.jpg
107716001	/s/e/setacolor_opaque_45ml_or_riche_moire_pebeo_ref_295062.jpg
107716701	/c/o/compas-technique-concept-avec-mine-02mm-sous-blister-maped-ref-038700-0.jpg
107716701	/c/o/compas-technique-concept-avec-mine-02mm-sous-blister-maped-ref-038700-1.jpg
107722301	/c/o/colle-blanche-a-bouchon-applicateur-40ml-techno-ref-0474-0.jpg
107734601	/t/a/taille-crayons-globe-maped-ref-051111.jpg
107736601	/a/c/acrylic-studio-pot-de-500ml-pebeo--0.jpg
107736701	/a/c/acrylic-studio-pot-de-500ml-jaune-primaire-pebeo-ref-171048-0.jpg
107736801	/a/c/acrylic-studio-pot-de-500ml-cyan-primaire-pebeo-ref-171049-0.jpg
107736901	/a/c/acrylic-studio-pot-de-500ml-magenta-primaire-pebeo-ref-171050-0.jpg
107737101	/a/c/acrylic-studio-gesso-pebeo--0.jpg
107737201	/a/c/acrylic-studio-gel-texture-sable-jaune-250ml-pebeo-ref-525002.jpg
107737301	/a/c/acrylic-studio-gel-texture-sable-rouge-250ml-pebeo-ref-525012.jpg
107737501	/a/c/acrylic-studio-gel-texture-sable-blanc-250ml-pebeo-ref-525032.jpg
107737901	/h/u/huile-fine-xl-pot-de-700ml-jaune-cadmium-primaire-imitation-pebeo-ref-700002-0.jpg
107738001	/h/u/huile-fine-xl-pot-de-700ml-magenta-pebeo-ref-700007-0.jpg
107738101	/h/u/huile-fine-xl-pot-de-700ml-pebeo--0.jpg
107738301	/h/u/huile-fine-xl-pot-de-700ml-blanc-de-titane-pebeo-ref-700025-0.jpg
107739101	/c/i/ciseaux-optimum-21cm-special-gaucher-maped-ref-068650-2.jpg
107739101	/c/i/ciseaux-optimum-21cm-special-gaucher-maped-ref-068650-1.jpg
107740401	/c/r/crayons-couleurs-mini-maped--0.jpg
107740501	/b/o/boite-eponge-triangulaire-s-b-maped-ref-258600_1.jpg
107740501	/b/o/boite-eponge-triangulaire-s-b-maped-ref-258600_3.jpg
107740501	/b/o/boite-eponge-triangulaire-s-b-maped-ref-258600_2.jpg
107741701	/p/e/peinture_vitrail_45ml_sable_pebeo_ref_50030.jpg
107741801	/p/e/peinture_vitrail_45ml_vieux_rose_pebeo_ref_50031.jpg
107742001	/p/e/peinture_vitrail_45ml_parme_pebeo_ref_50033.jpg
107742101	/p/e/peinture_vitrail_45ml_vert_pomme_pebeo_ref_50034.jpg
107742201	/p/e/peinture_vitrail_45ml_vert_fonce_pebeo_ref_50035_1.jpg
107754501	/a/i/aimants-tableau-blanc-40-mm-s-b-de-04-pcs-techno-ref-0571.jpg
107754601	/a/i/aimants-tableau-blanc-30-mm-s-b-de-06-pcs-techno-ref-0572.jpg
107754701	/a/i/aimants-tableau-blanc-20-mm-s-b-08-pcs-techno-ref-0578.jpg
107778501	/c/o/coffret-stylo-a-plume-calligraphie-de-08-pcs-techno-ref-548-0.jpg
107779001	/c/a/cartouche-stylo-a-plume-noir-boite-de-06-pcs-techno-ref-0565-0.jpg
107781101	/a/c/acrylic-studio-pot-de-500ml-noir-mars-pebeo-ref-171026-0.jpg
107790501	/a/l/album-a-dessin-1557-a-grain-adouci-30f-a4-cm-180g-canson-ref-4127-423-5239-31412a004.jpg
107791101	/a/l/album-croquis-xl-a3-tres-bouffant-album-120f-90g-canson-ref-200787115.jpg
107791201	/b/l/bloc-a-dessin-1557-grain-adouci-30f-a3-180g-canson-ref-204127415.jpg
107791301	/b/l/bloc-a-dessin-croquis-1557-a-grain-adouci-50f-a3-120g-canson-ref-204127409.jpg
107793201	/a/l/album-croquis-xl-a4-tres-bouffant-album-120f-90g-canson-ref-200787103.jpg
107793301	/a/l/album-croquis-xl-a5-tres-bouffant-album-60f-90g-canson-ref-200787221.jpg
107793501	/a/l/album-croquis-xl-a5-tres-bouffant-60f-90g-canson-ref-200787220.jpg
107794701	/b/l/bloc-a-dessin-croquis-1557-a-grain-adouci-50f-a4-120g-canson-ref-204127408-5226.jpg
107794801	/b/l/bloc-a-dessin-croquis-a-grain-fin-1557-adouci-50f-a5-120g-canson-ref-4127-407.jpg
1078	/p/o/pochette-zippee-motif-maille-a5-rouge-techno-ref-4685-0.jpg
107821701	/b/a/badge-administratif-horizontal-a3-106-x-76-mm-techno-ref-2392.jpg
107821801	/b/a/badge-administratif-horizontal-a2-97-x-65-mm-techno-ref-2390.jpg
107822001	/b/a/badge-administratif-horizontal-a1-89-x-51-mm-techno-ref-2388.jpg
107822101	/b/a/badge-administratif-vertical-b1-55-x-85-mm-techno-ref-2389.jpg
107822201	/b/a/badge-administratif-vertical-b4-97-x-135-mm-techno-ref-2394.jpg
107828101	/p/o/porte-mine-technique-avec-gomme-0_7mm-techno-ref-2185-0.jpg
107829301	/s/u/surligneur-tete-biseautee-pochette-de-04-couleurs-techno-ref-2204-0.jpg
107840701	/t/a/tableau-blanc-60x90cm-techno--0_1.jpg
107841101	/t/a/tableau-blanc-mural-100x200cm-techno--0.jpg
107844901	/b/a/badge-administratif-vertical-b2-69-x-108-mm-techno-ref-2391.jpg
107845601	/j/e/jeux-de-pinceaux-plat-et-ronds-et-usee-bombee-6-pieces-techno-ref-2447-0.jpg
107866801	/a/c/acrylique-studio-gesso-noir-tube-500ml-pebeo-ref-524135.jpg
107877801	/p/r/protege-cahier-36x23cm-cristal-bleu-techno-ref-1180-0.jpg
107880201	/p/r/protege-cahier-36x23cm-cristal-jaune-techno-ref-1183-0.jpg
107880301	/p/r/protege-cahier-36x23cm-cristal-rouge-techno-ref-1182-0.jpg
107880401	/p/r/protege-cahier-36x23cm-cristal-vert-techno-ref-1181-0.jpg
107880601	/p/r/protege-livre-52x47cm-cristal-bleu-techno-ref-2491-0.jpg
107880801	/p/r/protege-livre-52x47cm-cristal-vert-techno-ref-2495-0.jpg
107887401	/c/o/coin-lettre-aluminium-25mm-en-boite-de-100-pcs-maped-ref-034801-2.jpg
107887401	/c/o/coin-lettre-aluminium-25mm-en-boite-de-100-pcs-maped-ref-034801.jpg
107887801	/f/e/feutre-pour-tableau-blanc-noir-sous-blister-de-02-pcs-maped-ref-741311-1.jpg
107895601	/p/r/primacolor-flacon-500ml-jaune-primaire-pebeo-ref-055148.jpg
107895701	/p/r/primacolor-flacon-de-500-ml-cyan-pebeo-ref-055149.jpg
107895801	/p/r/primacolor-flacon-500ml-magenta-primaire-pebeo-ref-055150.jpg
107898401	/h/u/huile-fine-xl-tube-de-200ml-jaune-lumiere-pebeo-ref-200031-0.jpg
107898501	/h/u/huile-fine-xl-tube-de-200ml-rouge-lumiere-pebeo-ref-200032-0.jpg
107898601	/h/u/huile-fine-xl-tube-de-200ml-bleu-lumiere-pebeo-ref-200033-0.jpg
107898701	/h/u/huile-fine-xl-tube-de-200ml-vert-lumiere-pebeo-ref-200034-0.jpg
107898801	/h/u/huile-fine-xl-tube-de-200ml-orange-vif-pebeo-ref-200035-0.jpg
107898901	/h/u/huile-fine-xl-tube-de-200ml-rouge-vif-pebeo-ref-200036-0.jpg
107899001	/h/u/huile-fine-xl-tube-de-200ml-rose-vif-pebeo-ref-200037-0.jpg
107899101	/h/u/huile-fine-xl-tube-de-200ml-turquoise-vif-pebeo-ref-200038-0.jpg
107899301	/h/u/huile-fine-xl-tube-de-200ml-blanc-vif-pebeo-ref-200040-0.jpg
107899501	/h/u/huile-fine-xl-tube-de-200ml-ocre-rouge-pebeo-ref-200042-0.jpg
107899601	/h/u/huile-fine-xl-tube-de-200ml-cramoisi-pebeo-ref-200043-0.jpg
107899701	/h/u/huile-fine-xl-tube-de-200ml-terre-verte-pebeo-ref-200044-0.jpg
107899801	/h/u/huile-fine-xl-tube-de-200ml-gris-de-payne-pebeo-ref-200045-0.jpg
1079	/p/o/pochette-zippee-motif-maille-a5-jaune-techno-ref-4685-0.jpg
107900001	/h/u/huile-fine-xl-tube-de-200ml-bleu-acier-pebeo-ref-200047-0.jpg
107900101	/h/u/huile-fine-xl-tube-de-200ml-gris-neutre-pebeo-ref-200048-0.jpg
107903301	/h/u/huile-fine-xl-tube-de-37ml-jaune-lumiere-pebeo-ref-937031-0.jpg
107903401	/h/u/huile-fine-xl-tube-de-37ml-rouge-lumiere-pebeo-ref-937032-0.jpg
107903501	/h/u/huile-fine-xl-tube-de-37ml-bleu-lumiere-pebeo-ref-937033-0.jpg
107903601	/h/u/huile-fine-xl-tube-de-37ml-vert-lumiere-pebeo-ref-937034-0.jpg
107903701	/h/u/huile-fine-xl-tube-de-37ml-orange-vif-pebeo-ref-937035-0.jpg
107903801	/h/u/huile-fine-xl-tube-de-37ml-rouge-vif-pebeo-ref-937036-0.jpg
107903901	/h/u/huile-fine-xl-tube-de-37ml-rose-vif-pebeo-ref-937037-0.jpg
107904001	/h/u/huile-fine-xl-tube-de-37ml-turquoise-vif-pebeo-ref-937038-0.jpg
107904201	/h/u/huile-fine-xl-tube-de-37ml-blanc-vif-pebeo-ref-937040-0.jpg
107904301	/h/u/huile-fine-xl-tube-de-37ml-jaune-orange-de-venise-pebeo-ref-937041-0.jpg
107904401	/h/u/huile-fine-xl-tube-de-37ml-ocre-rouge-pebeo-ref-937042-0.jpg
107904501	/h/u/huile-fine-xl-tube-de-37ml-cramoisi-pebeo-ref-937043-0.jpg
107904601	/h/u/huile-fine-xl-tube-de-37ml-terre-verte-pebeo-ref-937044-0.jpg
107904701	/h/u/huile-fine-xl-tube-de-37ml-gris-de-payne-pebeo-ref-937045-0.jpg
107904801	/h/u/huile-fine-xl-tube-de-37ml-blanc-de-zinc-imitation-pebeo-ref-937046-0.jpg
107904901	/h/u/huile-fine-xl-tube-de-37ml-bleu-acier-pebeo-ref-937047-0.jpg
107905001	/h/u/huile-fine-xl-tube-de-37ml-gris-neutre-pebeo-ref-937048-0.jpg
107905701	/a/g/agrafeuse-metal-26-6-start-master-half-strip-maped-ref-392710_1.jpg
107905701	/a/g/agrafeuse-metal-26-6-start-master-half-strip-maped-ref-392710_2.jpg
107907201	/m/a/marqueur-permanent-tete-biseautee-bleu-techno-ref-1701-0.jpg
107907201	/m/a/marqueur-permanent-tete-biseautee-bleu-techno-ref-1701-1.jpg
107907301	/m/a/marqueur-permanent-tete-biseautee-noir-techno-ref-1702-0.jpg
107907301	/m/a/marqueur-permanent-tete-biseautee-noir-techno-ref-1702-1.jpg
107907401	/m/a/marqueur-permanent-tete-biseautee-rouge-techno-ref-1703-0.jpg
107907401	/m/a/marqueur-permanent-tete-biseautee-rouge-techno-ref-1703-1.jpg
107907501	/m/a/marqueur-permanent-tete-biseautee-vert-techno-ref-1704-0.jpg
107907501	/m/a/marqueur-permanent-tete-biseautee-vert-techno-ref-1704-1.jpg
107917701	/c/i/cisaille-universal-manuelle-a4-08f-maped-ref-888610-1.jpg
107917701	/c/i/cisaille-universal-manuelle-a4-08f-maped-ref-888610-2.jpg
107917801	/c/i/cisaille-expert-manuelle-a4-32f-80g-maped-ref-888810-1.jpg
107919401	/a/t/attaches-parisiennes-laiton-17-mm-boite-de-40-pcs-maped-ref-330011_1_1.jpg
107919401	/a/t/attaches-parisiennes-laiton-17-mm-boite-de-40-pcs-maped-ref-330011_2_1.jpg
107931801	/c/i/cisaille-expert-automatique-a4-32f-80g-maped-889010.jpg
107978801	/j/e/jeux-de-pinceaux-ecolier-sous-blister-de-03-pieces-n-2-6-10-techno-ref-1283-0.jpg
108	/a/d/adhesifs-cristal-rond-argente-techno-ref-5022-0.jpg
1080	/p/o/pochette-zippee-motif-maille-a6-bleu-techno-ref-4684-0.jpg
108004201	/a/g/agrafeuse-sans-effort-70_-half-strip-gris-easy-maped-ref-455211.jpg
108004201	/a/g/agrafeuse-sans-effort-70_-half-strip-gris-easy-maped-ref-455211-2.jpg
108004201	/a/g/agrafeuse-sans-effort-70_-half-strip-gris-easy-maped-ref-455211-3.jpg
108011101	/c/r/crayon-noir-blackpeps-embout-peint-2b-maped-ref-850022-1.jpg
108011201	/c/r/crayon-noir-blackpeps-embout-peint-b-maped-ref-850024-1.jpg
108011201	/c/r/crayon-noir-blackpeps-embout-peint-b-maped-ref-850024-0.jpg
108011301	/c/r/crayon-noir-blackpeps-embout-gomme-hb-maped-ref-851721-1.jpg
108019101	/s/t/stylo-a-bille-retractable-rouge-soft-ball-freewriter-maped-ref-225132.jpg
108020001	/c/o/corde-rouge-pour-piquet-embout-dore-techno-ref-1455_0.jpg
108020001	/c/o/corde-rouge-pour-piquet-embout-dore-techno-ref-1455_1.jpg
108020001	/c/o/corde-rouge-pour-piquet-embout-dore-techno-ref-1455-4.jpg
108020001	/c/o/corde-rouge-pour-piquet-embout-dore-techno-ref-1455-.jpg
108024801	/c/r/crayons-couleurs-colorpeps-boite-metallique-maped--0.jpg
108025001	/8/3/832016_pa_box.jpg
1080909	/c/a/cahier-travaux-pratiques-17cmx22cm-64-pages-conquerant--ref-000243-0.jpg
1081	/p/o/pochette-zippee-motif-maille-a6-vert-techno-ref-4684-0.jpg
108129101	/p/i/pinceau-mousse-en-rouleau-grand-modele-simple-techno-ref-0664-0.jpg
108129201	/p/i/pinceau-mousse-en-rouleau-petit-modelle-simple-techno-ref-0665-0.jpg
1082	/p/o/pochette-zippee-motif-maille-a6-transparent-techno-ref-4684-0.jpg
1083	/p/o/pochette-zippee-motif-maille-a6-rouge-techno-ref-4684-0.jpg
1084	/p/o/pochette-zippee-motif-maille-a6-jaune-techno-ref-4684-0.jpg
1085	/p/o/pochette-zip-multicouleurs-format-33x26x3cm-bleu-techno-ref-4137-0.jpg
1085	/p/o/pochette-zip-multicouleurs-format-33x26x3cm-bleu-techno-ref-4137-1.jpg
1086	/p/o/pochette-zip-multicouleurs-format-33x26x3cm-vert-techno-ref-4137-0.jpg
1086	/p/o/pochette-zip-multicouleurs-format-33x26x3cm-vert-techno-ref-4137-1.jpg
1087	/p/o/pochette-zip-multicouleurs-format-33x26x3cm-rouge-techno-ref-4137-0.jpg
1087	/p/o/pochette-zip-multicouleurs-format-33x26x3cm-rouge-techno-ref-4137-1.jpg
1088	/p/o/pochette-zip-multicouleurs-format-33x26x3cm-orange-techno-ref-4137-0.jpg
108822901	/c/o/colle-blanche-a-bouchon-applicateur-80ml-techno-ref-0475-0.jpg
108826801	/c/h/chainette-de-col-large-1_5-cm-bleu-techno-ref-2904.jpg
108826901	/c/h/chainette-de-col-large-1_5-cm-noir-techno-ref-2905.jpg
108827001	/c/h/chainette-de-col-large-1_5-cm-vert-techno-ref-2906.jpg
108827101	/c/h/chainette-de-col-large-1_5-cm-rouge-techno-ref-2907.jpg
108827301	/c/h/chainette-de-col-large-1_5-cm-orange-techno-ref-2909.jpg
108828701	/p/r/protege-livre-a-02-rabats-45_7x30_5cm-cristal-jaune-techno-ref-2868-0.jpg
108828801	/p/r/protege-livre-a-02-rabats-45_7x30_5cm-cristal-rouge-techno-ref-2869-0.jpg
108828901	/p/r/protege-livre-a-02-rabats-45_7x30_5cm-cristal-vert-techno-ref-2870-0.jpg
108829001	/p/r/protege-livre-52x47cm-cristal-transparent-techno-ref-0672-0.jpg
108829101	/p/r/protege-livre-36x50cm-adhesif-transparent-paquet-de-10-techno-ref-0673-0.jpg
108829801	/p/r/protege-cahier-36x23cm-cristal-transparent-techno-ref-0671-0.jpg
108845101	/c/o/compas-bague-stop-system-avec-mini-crayon--coffret--maped-ref-196510-1.jpg
108845101	/c/o/compas-bague-stop-system-avec-mini-crayon--coffret--maped-ref-196510-3.jpg
108845101	/c/o/compas-bague-stop-system-avec-mini-crayon--coffret--maped-ref-196510-4.jpg
108845101	/c/o/compas-bague-stop-system-avec-mini-crayon--coffret--maped-ref-196510-2.jpg
108847601	/c/o/colle-stick-08g-techno-ref-2871-0_3.jpg
108847701	/c/o/colle-stick-15g-techno-ref-2872-0.jpg
108847801	/c/o/colle-stick-21g-techno-ref-2873-0.jpg
108851501	/c/r/crayons-cire-colorpeps-wax-maped--0_1.jpg
108854601	/2/2/229120_pr_standard_imresizer.jpg
108855301	/8/5/850011_pa_bag_imresizer.jpg
108864301	/c/o/compas-technique-avec-mine-coffret-de-07-pieces-sous-blister-maped-ref-538717-0.jpg
108864301	/c/o/compas-technique-avec-mine-coffret-de-07-pieces-sous-blister-maped-ref-538717-4.jpg
108864301	/c/o/compas-technique-avec-mine-coffret-de-07-pieces-sous-blister-maped-ref-538717-3.jpg
108864301	/c/o/compas-technique-avec-mine-coffret-de-07-pieces-sous-blister-maped-ref-538717-2.jpg
108864301	/c/o/compas-technique-avec-mine-coffret-de-07-pieces-sous-blister-maped-ref-538717-6.jpg
108864301	/c/o/compas-technique-avec-mine-coffret-de-07-pieces-sous-blister-maped-ref-538717-5.jpg
108864301	/c/o/compas-technique-avec-mine-coffret-de-07-pieces-sous-blister-maped-ref-538717-1.jpg
108867101	/a/g/agrafes-n_10-couleurs-de-5000-pcs-s-b-maped-ref-324106.jpg
108869301	/c/u/cutter-9mm-sous-blister-metallo-plastic-zenoa-maped-ref-086110-1.jpg
108869301	/c/u/cutter-9mm-sous-blister-metallo-plastic-zenoa-maped-ref-086110-2.jpg
108869801	/f/e/feutre-colorpeps-long-life-12-couleurs-maped-ref-845020_1.jpg
108869801	/f/e/feutre-colorpeps-long-life-12-couleurs-maped-ref-845020_2.jpg
108872501	/s/t/stylo-a-bille-medium-de-04-couleurs-twin-tip-freewriter-maped-ref-229130-2.jpg
108872501	/s/t/stylo-a-bille-medium-de-04-couleurs-twin-tip-freewriter-maped-ref-229130-1.jpg
108874801	/l/a/lame-massicot-precise-cut-02-pcs-sous-blister-maped-ref-894910_1.jpg
108874801	/l/a/lame-massicot-precise-cut-02-pcs-sous-blister-maped-ref-894910_2.jpg
108875001	/f/e/feutre-colorpeps-long-life-long-life-18-couleurs-maped-ref-845021-0_1.jpg
108878501	/c/r/crayon-noir-graphite-embout-gomme-sous-blister-3pcs-maped-ref-851711-1.jpg
108878501	/c/r/crayon-noir-graphite-embout-gomme-sous-blister-3pcs-maped-ref-851711-2.jpg
108880401	/a/q/aquarelle-fine-voyage-10-demi-godets-pebeo-ref-300062.jpg
1089	/p/o/pochette-zip-multicouleurs-format-33x26x3cm-violet-techno-ref-4137-0.jpg
108931401	/p/o/pot-a-crayons-metallique-techno--0.jpg
108931901	/s/t/stylo-gel-brillant-pochette-de-06-pcs-techno-ref-2728-0.jpg
108941701	/r/a/rapporteur-180_-12-cm-sous-blister-geometric-maped-ref-242180-1.jpg
108942401	/l/o/loupe-reglette-avec-poignee-25-cm-sous-blister-maped-ref-395110-1.jpg
108942401	/l/o/loupe-reglette-avec-poignee-25-cm-sous-blister-maped-ref-395110-2.jpg
108943201	/c/i/ciseaux-ultimate-symetrique-17cm-sous-blister-maped-ref-692110-1.jpg
108943201	/c/i/ciseaux-ultimate-symetrique-17cm-sous-blister-maped-ref-692110-0.jpg
108944101	/a/g/agrafeuse-easy-full-strip-gris-maped-ref-455311.jpg
108944101	/a/g/agrafeuse-easy-full-strip-gris-maped-ref-455311-2.jpg
108944401	/c/r/craies-blanches-whitepeps-whitepeps-10-couleurs-maped-ref-593500-0.jpg
108945101	/c/r/crayons-couleurs-colorpeps-duo-maped--0.jpg
108945301	/c/r/crayons-cire-colorpeps-wax-maxi-crayons-12-couleurs-maped-ref-861311-0.jpg
108945401	/c/r/crayons-plastique-de-12-pieces-colorpeps-maped-ref-862011-0.jpg
108945501	/e/f/effaceur-reecriveur-encre-02-pcs-pointe-biseautee-sous-blister-maped-ref-012802-1_1.jpg
108945501	/e/f/effaceur-reecriveur-encre-02-pcs-pointe-biseautee-sous-blister-maped-ref-012802-2_1.jpg
108980101	/m/i/mini-marqueur-ardoise-blanche-bleu-techno-ref-3096.jpg
108980201	/m/i/mini-marqueur-ardoise-blanche-noir-techno-ref-3097.jpg
108983801	/b/o/boite-darchives-personnalisab-en-carton-avec-tresse-techno-techno-ref-3147.jpg
108983801	/b/o/boite-darchives-personnalisab-en-carton-avec-tresse-techno-techno-ref-3147-1.jpg
108983801	/b/o/boite-darchives-personnalisab-en-carton-avec-tresse-techno-techno-ref-3147-2.jpg
108983801	/b/o/boite-darchives-personnalisab-en-carton-avec-tresse-techno-techno-ref-3147-3.jpg
108983801	/b/o/boite-darchives-personnalisab-en-carton-avec-tresse-techno-techno-ref-3147-4.jpg
108983801	/b/o/boite-darchives-personnalisab-en-carton-avec-tresse-techno-techno-ref-3147-new.jpg
108985001	/c/r/crayons-cire-colorpeps-wax-24-couleurs-maped-ref-861013-0.jpg
108987501	/r/e/recharge-mines-hb-etui-de-12-mines-techno-0.jpg
108987601	/r/e/recharge-mines-hb-etui-de-12-mines-0_7mm-techno-ref-2969-0.jpg
108992201	/m/i/mini-marqueur-ardoise-blanche-vert-techno-ref-3098.jpg
108992401	/m/a/marqueur-tableau-blanc-pochette-4-pcs-techno-ref-3100.jpg
109	/a/d/adhesifs-cristal-rond-jaune-techno-ref-5022-0.jpg
1090	/p/o/pochette-zip-multicouleurs-format-25x19_5x3cm-bleu-techno-ref-4135-0.jpg
1091	/p/o/pochette-zip-multicouleurs-format-25x19_5x3cm-vert-techno-ref-4135-0.jpg
1092	/p/o/pochette-zip-multicouleurs-format-25x19_5x3cm-rouge-techno-ref-4135-0.jpg
1093	/p/o/pochette-zip-multicouleurs-format-25x19_5x3cm-orange-techno-ref-4135-0.jpg
1094	/p/o/pochette-zip-multicouleurs-format-25x19_5x3cm-violet-techno-ref-4135-0.jpg
1095	/p/o/pochette-zip-multicouleurs-format-19x15x3cm-bleu-techno-ref-4136-0.jpg
1096	/p/o/pochette-zip-multicouleurs-format-19x15x3cm-vert-techno-ref-4136-0.jpg
1097	/p/o/pochette-zip-multicouleurs-format-19x15x3cm-orange-techno-ref-4136-0.jpg
1098	/p/o/pochette-zip-multicouleurs-format-19x15x3cm-orange-techno-ref-4136-0_2_.jpg
1099	/p/o/pochette-zip-multicouleurs-format-19x15x3cm-violet-techno-ref-4136-0.jpg
11	/a/r/ardoise-blanche-double-face-en-sachet-maped-ref-258500-0.jpg
11	/a/r/ardoise-blanche-double-face-en-sachet-vert-maped-ref-258500-1.jpg
110	/a/d/adhesifs-cristal-rond-bleu-techno-ref-5022-0.jpg
1100	/p/o/pochette-zip-multicouleurs-format-15x10x3cm-orange-techno-ref-4138-0.jpg
1101	/p/o/pochette-zip-multicouleurs-format-15x10x3cm-vert-techno-ref-4138-0.jpg
1102	/p/o/pochette-zip-multicouleurs-format-15x10x3cm-rouge-techno-ref-4138-0.jpg
110231401	/p/o/porte-mine-technique-avec-gomme-techno--0.jpg
110282601	/c/r/crayons-couleurs-colorpeps-classic-de-36-couleurs-maped-ref-832017-0.jpg
110283401	/g/o/gomme-x-pert-gm-maped-ref-118311-116311.jpg
110283401	/g/o/gomme-x-pert-gm-maped-ref-118311.jpg
110283801	/3/3/339410_pr_open_3x4_imresizer.jpg
110284401	/c/i/ciseaux-ultimate-13-cm-symetrique-maped-ref-690210-1.jpg
110284401	/c/i/ciseaux-ultimate-13-cm-symetrique-maped-ref-690210-2.jpg
110285901	/s/t/stylo-a-plume-girly-iridium-freewriter-maped-ref-222512.jpg
1103	/p/o/pochette-zip-multicouleurs-format-15x10x3cm-orange-techno-ref-4138-0_2_.jpg
110327301	/j/e/jeux-de-pinceaux-plat-06-pieces-polyamide-dore-sous-blister-pebeo-ref-951140-0.jpg
110327501	/j/e/jeu-de-pinceau-rond-6-pcs-polyamide-dore-s-b-pebeo-ref-951150.jpg
110327801	/j/e/jeux-de-pinceaux-de-08-pieces-polyamide-dore-sous-blister-pebeo-ref-951170-0.jpg
110328801	/p/e/peinture_vitrail_de_45ml_opaque_rouge_pebeo_ref_50045.jpg
110329401	/p/e/peinture_vitrail_de_45ml_or_chaud_pebeo_ref_50048.jpg
110329601	/p/e/peinture_vitrail_de_45ml_sup_blanc_pebeo_ref_50049.jpg
110330001	/c/e/cerne-relief-tube-20ml-or-riche-pebeo-ref-773120-1.jpg
110330001	/c/e/cerne-relief-tube-20ml-or-riche-pebeo-ref-773120-2.jpg
110350201	/p/a/papier-a-dessin-couleurs-pochette-10-feuilles-24cmx32cm-120g-techno-ref-9035.jpg
110365301	/p/a/panier-a-roulettes-34l-rouge-araven-ref-02125.jpg
110365501	/p/a/panier-a-roulettes-34l-vert-araven-ref-34244-.jpg
110399601	/c/o/colle-blanche-a-bouchon-applicateur-120ml-techno-ref-3318-0.jpg
110399701	/c/o/colle-blanche-a-bouchon-applicateur-techno--0.jpg
1104	/p/o/pochette-zip-multicouleurs-format-15x10x3cm-violet-techno-ref-4138-0.jpg
110400501	/h/u/huile-fine-xl-_tui-10-tubes-de-20ml-assortis-et-pinceau-pebeo-ref-920111.jpg
110436201	/p/a/papier-a-dessin-blanc-pochette-12-feuilles-120g-24cmx32cm-techno-ref-9034-0.jpg
110448401	/c/r/crayons-couleurs-leau-aquarelle-colorpeps-avec-pinceau-maped--0.jpg
110448501	/c/r/crayons-couleurs-leau-aquarelle-colorpeps-avec-pinceau-de-18-couleurs-maped-ref-836012-0.jpg
110451001	/s/t/stylo-a-bille-noir-gaucher-visio-pen-s-b-maped-ref-224321-1_1.jpg
110451001	/s/t/stylo-a-bille-noir-gaucher-visio-pen-s-b-maped-ref-224321-2.jpg
110451001	/s/t/stylo-a-bille-noir-gaucher-visio-pen-s-b-maped-ref-224321-3.jpg
110451101	/b/e/belu.png
110451101	/b/l/bleur.png
110451101	/b/l/bleue.png
110452701	/s/u/surligneur-orange-fluo-peps-maped-ref-742535_1.jpg
110452701	/s/u/surligneur-orange-fluo-peps-maped-ref-742535_2.jpg
110452801	/s/u/surligneur-fluo-peps-jaune-maped-ref-742534-1.jpg
110452801	/s/u/surligneur-fluo-peps-jaune-maped-ref-742534-2.jpg
110452801	/s/u/surligneur-jaune-fluo-peps-maped-ref-742534_1.jpg
110452901	/s/u/surligneur-vert-fluo-peps-maped-ref-742533_1.jpg
110452901	/s/u/surligneur-vert-fluo-peps-maped-ref-742533_2.jpg
110454501	/c/u/cutter-18-mm-ultimate-sous-blister-maped-ref-086610-1.jpg
110454501	/c/u/cutter-18-mm-ultimate-sous-blister-maped-ref-086610-2.jpg
110454501	/c/u/cutter-9-mm-ultimate-gaucher-sous-blister-maped-ref-086510-2.jpg
110454601	/c/u/cutter-9mm-bimatier-ultimate-droitier-sous-blister-maped-ref-086410-1.jpg
110454601	/c/u/cutter-9mm-bimatier-ultimate-droitier-sous-blister-maped-ref-086410-0.jpg
110455601	/c/o/compas-balustre-premium-coffret-de-04-pcs-maped-ref-290310_1.jpg
110455601	/c/o/compas-balustre-premium-coffret-de-04-pcs-maped-ref-290310-3.jpg
110455601	/c/o/compas-balustre-premium-coffret-de-04-pcs-maped-ref-290310-2.jpg
110455601	/c/o/compas-balustre-premium-coffret-de-04-pcs-maped-ref-290310-4.jpg
110455701	/8/4/847010_pa_fr_imresizer.jpg
110456701	/s/t/stylo-a-bille-freewriter-4couleurs-x1-sous-blister-twin-tip-maped-ref-229111.jpg
110458201	/p/a/pate-a-modeler-en-pot-de-08-couleurs-avec-01-moule-techno-ref-3410-1.jpg
110458201	/p/a/pate-a-modeler-en-pot-de-08-couleurs-avec-01-moule-techno-ref-3410-0.jpg
110466501	/p/a/papier-a-dessin-blanc-pochette-12-feuilles-120g-a4-techno-ref-9064-0.jpg
110467001	/f/a/fantasy_prisme_45ml_blanc_coquille_pebeo_ref_166020.jpg
110467201	/f/a/fantasy_prisme_45ml_bouton_d_or_pebeo_ref_166024.jpg
110467601	/f/a/fantasy_prisme_45ml_fleur_de_cerisie_pebeo_ref_166014.jpg
110467701	/f/a/fantasy_prisme_45ml_rose_glacee_pebeo_ref_166021.jpg
110467801	/f/a/fantasy_prisme_45ml_rose_antique_pebeo_ref_166022.jpg
110467901	/f/a/fantasy_prisme_45ml_rose_bleutee_pebeo_ref_166028.jpg
110468501	/f/a/fantasy_prisme_45ml_bleu_caraibe_pebeo_ref_166039.jpg
110468701	/f/a/fantasy_prisme_45ml_vert_amande_pebeo_ref_166017.jpg
110469001	/f/a/fantasy_prisme_45ml_feuille_pebeo_ref_166029.jpg
110469101	/f/a/fantasy_prisme_45ml_greengold_pebeo_ref_166035.jpg
110469301	/f/a/fantasy_prisme_45ml_cannelle_pebeo_ref_166033.jpg
110469401	/f/a/fantasy_prisme_45ml_vieil_or_pebeo_ref_166032.jpg
110469901	/f/a/fantasy_moon_45ml_abricot_pebeo_ref_167016.jpg
110470001	/f/a/fantasy_moon_45ml_saumon_pebeo_ref_167019.jpg
110470301	/f/a/fantasy_moon_45ml_vieux_rose_pebeo_ref_167021.jpg
110470401	/f/a/fantasy_moon_45ml_lilas_pebeo_ref_167022.jpg
110470501	/f/a/fantasy_moon_45ml_bleu_metal_pebeo_ref_167038.jpg
110470801	/f/a/fantasy_moon_45ml_vert_mystique_pebeo_ref_167017.jpg
110470901	/f/a/fantasy_moon_45ml_or_pebeo_ref_167032.jpg
110471001	/f/a/fantasy_moon_45ml_vermeil_pebeo_ref_167033.jpg
110471201	/f/a/fantasy_moon_45ml_perle_pebeo_ref_167020.jpg
110471301	/f/a/fantasy_moon_45ml_voile-fume_pebeo_ref_167011.jpg
110471401	/f/a/fantasy_moon_45ml_argent_pebeo_ref_167035.jpg
110471501	/f/a/fantasy_moon_45ml_ebene_pebeo_ref_167026.jpg
110479501	/p/a/papier-a-dessin-blanc-pochette-12-feuilles-120g-a3-techno-ref-9065-0.jpg
110480601	/s/p/spalters-soie-beau-blanc-pochette-3pcs-n-25_40_50--pebeo-ref-950450-950551.jpg
110480801	/p/o/pochette-de-3-pinceaux-polyamide-dore-plat-pebeo-ref-951120.jpg
110480901	/p/o/pochette-de-03-pinceaux-polyamide-dore-rond-s-b-pebeo-ref-951130.jpg
110481701	/g/l/globe-terrestre-orion-lumineux-en-francais-tecnodidattica--0_1.jpg
110481801	/g/l/globe-terrestre-orion-lumineux-en-arabe-diam-25cm-tecnodidattica-ref-3513-0.jpg
110481901	/g/l/globe-terrestre-orion-lumineux-en-arabe-diam-30cm-tecnodidattica-ref-3515-0.jpg
110482001	/g/l/globe-terrestre-orion-lumineux-francais-diam-25cm-tecnodidattica-ref-3514-0.jpg
1109	/s/a/sac-a-dos-techno-ref-5278-0.jpg
1109	/s/a/sac-a-dos-rose-fonce-techno-ref-5278-0.jpg
111	/a/d/adhesifs-cristal-rond-mauve-techno-ref-5022-0.jpg
1110	/s/a/sac-a-dos-rose-clair-techno-ref-5278-0.jpg
1110	/s/a/sac-a-dos-rose-clair-techno-ref-5278-1.jpg
1111	/s/a/sac-a-dos-techno-ref-5278-1.jpg
1111	/s/a/sac-a-dos-bleu-marine-techno-ref-5278-0.jpg
1112	/s/a/sac-a-dos-techno-ref-5279-0.jpg
1112	/s/a/sac-a-dos-bleu-marine-techno-ref-5279-0.jpg
1113	/s/a/sac-a-dos-techno-ref-5279-1.jpg
1113	/s/a/sac-a-dos-noir-techno-ref-5279-0.jpg
1114	/s/a/sac-a-dos-techno-ref-5280-0.jpg
1115	/s/a/sac-a-dos-violet-techno-ref-5280-0.jpg
1116	/s/a/sac-a-dos-saumon-techno-ref-5280-0.jpg
1117	/s/a/sac-a-dos-noir-techno-ref-4569-0.jpg
1117	/s/a/sac-a-dos-noir-techno-ref-4569-1.jpg
111716602	/s/t/stylo-a-bille-ice-bleu-corps-transparent-maped-ref-224430_1.jpg
111716602	/s/t/stylo-a-bille-ice-bleu-corps-transparent-maped-ref-224430_2.jpg
1118	/s/a/sac-a-dos-gris-techno-ref-4569-0.jpg
1118	/s/a/sac-a-dos-gris-techno-ref-4569-1.jpg
111821807	/c/e/cerne_setacolor_3d_20ml_colle_pebeo_ref_557701.jpg
111821810	/c/e/cerne_setacolor_3d_20ml_gloss_baby_blue_pebeo_ref_557021.jpg
111821811	/c/e/cerne_setacolor_3d_20ml_gloss_bermud_pebeo_ref_557020.jpg
111821812	/c/e/cerne_setacolor_3d_20ml_gloss_prune_pebeo_ref_557030.jpg
111821816	/c/e/cerne_setacolor_3d_20ml_gloss_jaune_citron_pebeo_ref_557015.jpg
111821818	/c/e/cerne_setacolor_3d_20ml_gloss_bleu_lumiere_pebeo_ref_557046.jpg
111821819	/c/e/cerne_setacolor_3d_20ml_brod_line_noir_pebeo_ref_557602.jpg
111821821	/c/e/cerne_setacolor_3d_20ml_brod_line_bleu_pebeo_ref_557614.jpg
111821822	/c/e/cerne_setacolor_3d_20ml_brod_line_anis_pebeo_ref_557605.jpg
111821823	/c/e/cerne_setacolor_3d_20ml_brod_line_bouton_d_or_pebeo_ref_557610_1.jpg
111821825	/c/e/cerne_setacolor_3d_20ml_brod_line_fuschia_pebeo_ref_557604.jpg
111821826	/c/e/cerne_setacolor_3d_20ml_brod_line_orange_pebeo_ref_557603.jpg
111821827	/c/e/cerne_setacolor_3d_20ml_brod_line_blanc_pebeo_ref_557601.jpg
111821829	/c/e/cerne_setacolor_3d_20_ml_metal_or_jaune_pebeo_ref_557035.jpg
111821830	/c/e/cerne_setacolor_3d_20ml_metal_lilas_pebeo_ref_557006.jpg
111821831	/c/e/cerne_setacolor_3d_20ml_metal_argtent_pebeo_ref_557037.jpg
111821834	/c/e/cerne_setacolor_3d_20ml_metal_cendr_pebeo_ref_557027.jpg
111821835	/c/e/cerne_setacolor_3d_20ml_metal_bleu_faience_pebeo_ref_557024.jpg
111821836	/c/e/cerne_setacolor_3d_20ml_metal_perle_pebeo_ref_557001.jpg
111821842	/c/e/cerne_setacolor_3d_20ml_glitter_vert_pebeo_ref_557043.jpg
111821844	/c/e/cerne_setacolor_3d_20ml_glitter_rouge_pebeo_ref_557042.jpg
111821845	/c/e/cerne_setacolor_3d_20ml_glitter_mer_sud_pebeo_ref_557019.jpg
111821846	/c/e/cerne_setacolor_3d_20ml_glitter_noir_pebeo_ref_557031.jpg
111822325	/c/a/cahier-travaux-pratiques-reliure-integrale-80-pages-a4-seyes-70g-maped-ref-9053-0_1.jpg
111822530	/p/a/papier-buvard-16x21cm-100g-paquet-de-12-feuilles-techno-ref-9338-0.jpg
111822630	/c/a/carnet-09cmx14cm-90g-conquerant--ref-400013591-0.jpg
111822652	/e/t/etiqueteuse-electronique-label-it-casio-ref-kl-7400-1.jpg
111822652	/e/t/etiqueteuse-electronique-label-it-casio-ref-kl-7400-0.jpg
111822653	/e/t/etiqueteuse-electronique-labemo-casio-ref-mep-t10-1.jpg
111822653	/e/t/etiqueteuse-electronique-labemo-casio-ref-mep-t10-2.jpg
111822654	/e/t/etiqueteuse-electronique-labemo-casio-ref-mep-u10-0.jpg
111822655	/r/u/ruban-adhesif-bleu-label-it-12mm-casio-ref-xr-12bu1-0.jpg
111822656	/r/u/ruban-adhesif-dore-label-it-12mm-casio-ref-xr-12gd1-0.jpg
111822657	/r/u/ruban-adhesif-vert-label-it-12mm-casio-ref-xr-12gn1-0.jpg
111822658	/r/u/ruban-adhesif-rouge-label-it-12mm-casio-ref-xr-12rd1-0.jpg
111822659	/r/u/ruban-adhesif-argente-label-it-12mm-casio-ref-xr-12sr1-0.jpg
111822660	/r/u/ruban-adhesif-bleu-label-it-18mm-casio-ref-xr-18bu1-0.jpg
111822661	/r/u/ruban-adhesif-dore-label-it-18mm-casio-ref-xr-18gd1-0.jpg
111822663	/r/u/ruban-adhesif-vert-label-it-18mm-casio-ref-xr-18gn1-0.jpg
111822664	/r/u/ruban-adhesif-rouge-label-it-18mm-casio-ref-xr-18rd1-0.jpg
111822665	/r/u/ruban-adhesif-argente-label-it-18mm-casio-ref-xr-18sr1-0.jpg
111822666	/r/u/ruban-adhesif-jaune-label-it-12mm-casio-ref-xr-12yw1-0.jpg
111822667	/r/e/recharge-etiqueteuse-rose-labemo-12mm-casio-ref-xa-12pk1-1.jpg
111822667	/r/e/recharge-etiqueteuse-rose-labemo-12mm-casio-ref-xa-12pk1-0_1.jpg
111822668	/r/e/recharge-etiqueteuse-jaune-labemo-12mm-casio-ref-xa-12yw1-1.jpg
111822668	/r/e/recharge-etiqueteuse-jaune-labemo-12mm-casio-ref-xa-12yw1-0_1.jpg
111822669	/r/e/recharge-etiqueteuse-rose-labemo-18mm-casio-ref-xa-18pk1-1.jpg
111822669	/r/e/recharge-etiqueteuse-rose-labemo-18mm-casio-ref-xa-18pk1-0.jpg
111822670	/r/e/recharge-etiqueteuse-jaune-labemo-18mm-casio-ref-xa-18yw1-1.jpg
111822670	/r/e/recharge-etiqueteuse-jaune-labemo-18mm-casio-ref-xa-18yw1-0_1.jpg
111822671	/r/e/recharge-etiqueteuse-rose-labemo-09mm-casio-ref-xa-9pk1-1.jpg
111822671	/r/e/recharge-etiqueteuse-rose-labemo-09mm-casio-ref-xa-9pk1-0_1.jpg
111822672	/r/e/recharge-etiqueteuse-jaune-labemo-09mm-casio-ref-xa-9yw1-0.jpg
111822672	/r/e/recharge-etiqueteuse-jaune-labemo-09mm-casio-ref-xa-9yw1-1_1.jpg
111822673	/r/u/ruban-adhesif-bleu-label-it-24mm-casio-ref-xr-24bu1-0.jpg
111822674	/r/u/ruban-adhesif-vert-label-it-24mm-casio-ref-xr-24gn1-0.jpg
111822675	/r/u/ruban-adhesif-rouge-label-it-24mm-casio-ref-xr-24rd1-0.jpg
111822676	/r/u/ruban-adhesif-blanc-label-it-24mm-casio-ref-xr-24we1-0.jpg
111822677	/r/u/ruban-adhesif-jaune-label-it-24mm-casio-ref-xr-24yw1-0.jpg
111822800	/c/l/classeur-a4-anneaux-20mm-incolore-techno-ref-4124.jpg
111822802	/c/l/classeur-a4-anneaux-20mm-bleu-techno-ref-4125.jpg
111822803	/c/l/classeur-a4-anneaux-20mm-vert-techno-ref-4126.jpg
111822804	/c/l/classeur-a4-anneaux-20mm-rose-techno-ref-4127.jpg
111822805	/c/l/classeur-a4-ann-20mm-violet-techno-ref-4128.jpg
111822805	/c/l/classeur-a4-anneaux-20mm-violet-techno-ref-4128-2.jpg
111822806	/c/l/classeur-a4-anneaux-20mm-orange-techno-ref-4129.jpg
111822807	/c/l/classeur-a4-anneaux-20mm-jaune-techno-ref-4130.jpg
111822812	/t/o/toile-sur-chassis-rond-280g-en-coton-techno--0.jpg
111822813	/t/o/toile-sur-chassis-rond-280g-en-coton-techno--0_1.jpg
111822816	/t/o/toile-preparee-en-rouleau-330g-techno-ref-4149-0.jpg
111822817	/t/o/toile-sur-chassis-ovale-280g-en-coton-techno--0.jpg
111822818	/t/o/toile-sur-chassis-ovale-280g-en-coton-techno--0_1.jpg
111822908	/9/6/967435.jpg
111822908	/9/6/967435-1.jpg
111822909	/9/6/967434.jpg
111822909	/9/6/967434-1.jpg
111822922	/a/g/agrafeuse-pocket-essentials-n-10-maped-ref-352611-0.jpg
111822922	/a/g/agrafeuse-pocket-essentials-n_10-maped-ref-352611-1.jpg
111822923	/c/i/ciseaux-essentials-green-asymetrique-21cm-maped-ref-468110-1.jpg
111823055	/h/u/huile-fine-xl-tube-de-200ml-blanc-de-zinc-imitation-pebeo-ref-200046-0.jpg
111823075	/a/g/agrafeuse-essentials-full-strip-24-6-26-6-maped-ref-354411-0.jpg
111823075	/a/g/agrafeuse-essentials-full-strip-24-6-26-6-maped-ref-354411-1.jpg
111823115	/c/r/crayon-noir-blackpeps-embout-gomme-h-maped-ref-851725-1.jpg
111823115	/c/r/crayon-noir-blackpeps-embout-gomme-h-maped-ref-851725-0.jpg
111823116	/c/r/crayon-noir-blackpeps-embout-gomme-b-maped-ref-851724-1.jpg
111823116	/c/r/crayon-noir-blackpeps-embout-gomme-b-maped-ref-851724-0.jpg
111823117	/c/r/crayon-noir-blackpeps-embout-gomme-2h-maped-ref-851723-1.jpg
111823117	/c/r/crayon-noir-blackpeps-embout-gomme-2h-maped-ref-851723-0.jpg
111823118	/c/r/crayon-noir-blackpeps-embout-gomme-2b-maped-ref-851722-1.jpg
111823118	/c/r/crayon-noir-blackpeps-embout-gomme-2b-maped-ref-851722-0.jpg
111823189	/s/t/stylo-a-bille-bleu-gaucher-vision-pen-maped-ref-224330-3.jpg
111823189	/s/t/stylo-a-bille-bleu-gaucher-vision-pen-maped-ref-224330-1.jpg
111823348	/n/o/note-book-reliure-integrale-288-p-17-x-22-cm-seyes-70g-maped-ref-9290-2.jpg
111823348	/n/o/note-book-reliure-integrale-288-p-17-x-22-cm-seyes-70g-maped-ref-9290-1.jpg
111823348	/n/o/note-book-reliure-integrale-288-p-17-x-22-cm-seyes-70g-maped-ref-9290-3.jpg
111823383	/a/g/agrafes-n_-10-x1000-fourreau-maped-ref-324105.jpg
111823397	/p/e/perforateur-universal-metal-4-trous-10-12-maped-ref-400112_1.jpg
111823397	/p/e/perforateur-universal-metal-4-trous-10-12-maped-ref-400112_2.jpg
111823472	/c/a/caisse-enregistreuse-casio-ref-140crs-0.jpg
111823473	/c/a/caisse-enregistreuse-casio-ref-se-c450m-0.jpg
111823474	/c/a/caisse-enregistreuse-rouge-casio-ref-se-g1s-rd-0.jpg
111823475	/c/a/caisse-enregistreuse-bleu-casio-ref-se-g1s-bu-0.jpg
111823476	/c/a/caisse-enregistreuse-rose-casio-ref-se-g1s-pk-0.jpg
111823477	/c/a/caisse-enregistreuse-noire-casio-ref-se-g1s-bk-0.jpg
111823478	/c/a/caisse-enregistreuse-blanche-casio-ref-se-g1s-we.jpg
111823479	/c/a/caisse-enregistreuse-casio-ref-se-s10m-0_1.jpg
111823480	/c/a/caisse-enregistreuse-casio-ref-se-s400m-0.jpg
111823481	/c/a/caisse-enregistreuse-casio-ref-se-s100mg-bk-0.jpg
111823482	/c/a/caisse-enregistreuse-casio-ref-se-s100sg-bk-0.jpg
111823485	/c/a/caisse-enregistreuse-casio-ref-te-2400m-0_1.jpg
111823511	/f/e/feutre-de-coloriage-ocean-en-pochette-maped--0.jpg
111823512	/f/e/feutre-de-coloriage-ocean-en-pochette-18-couleurs-maped-ref-845721-0.jpg
111823513	/f/e/feutre-de-coloriage-ocean-en-pochette-24-couleurs-maped-ref-845722-0.jpg
111823514	/a/g/agrafeuse-essentials-mini-24-6-maped-ref-352411-0.jpg
111823514	/a/g/agrafeuse-essentials-mini-24-6-maped-ref-352411-1.jpg
111823515	/g/o/gomme-zenoa-collector-maped-ref-113211.jpg
111823517	/s/t/stylo-a-bille-cap-green-ice-fun-sky-bleu-maped-ref-224550.jpg
111823518	/s/t/stylo-a-bille-cap-visio-gaucher-maped-ref-224335.jpg
111823519	/s/t/stylo-a-bille-cap-green-ice-fun-rose-maped-ref-224551.jpg
111823521	/p/o/porte-mines-auto-0_7mm-avec-etui-mines-sous-blister-rose-maped-ref-559911-2_1.jpg
111823524	/9/6/967810.jpg
111823524	/9/6/967810-1.jpg
111823525	/9/6/967811.jpg
111823525	/9/6/967811-1.jpg
111823526	/9/6/967813.jpg
111823527	/s/t/stylo-a-bille-cap-green-ice-fun-vert-maped-ref-224553.jpg
111823528	/s/t/stylo-a-bille-cap-green-ice-fun-violet-maped-ref-224552.jpg
111823567	/e/t/etiquettes-magique-lettres-etince-herma-ref-3664-0.jpg
111823569	/e/t/etiquettes-magique-crazy-suns-puffy-herma-ref-3668-0.jpg
111823588	/p/o/porte-mines-auto-0_7mm-avec-etui-mines-sous-blister-bleu-maped-ref-559911-2_1.jpg
111823589	/p/o/porte-mines-auto-0_7mm-avec-etui-mines-sous-blister-vert-maped-ref-559911-2_1.jpg
111823595	/f/e/feuillets-mobiles-192p-a4-uni-70g-maped-ref-9056.jpg
111823616	/e/t/etiquettes-oeillets-blanc-12-mm-herma-ref-5816-0.jpg
111823636	/c/a/carnet-cousu-colle-192-pages-9_5cmx14cm-quadrille-05mmx05mm-70g-maped-ref-9349-0.jpg
111823636	/c/a/carnet-cousu-colle-192-pages-9_5cmx14cm-quadrille-05mmx05mm-70g-maped-ref-9349-3.jpg
111823636	/c/a/carnet-cousu-colle-192-pages-9_5cmx14cm-quadrille-05mmx05mm-70g-maped-ref-9349-2.jpg
111823636	/c/a/carnet-cousu-colle-192-pages-9_5cmx14cm-quadrille-05mmx05mm-70g-maped-ref-9349-1.jpg
111823636	/c/a/carnet-cousu-colle-192-pages-9_5cmx14cm-quadrille-05mmx05mm-70g-maped-ref-9349-9.jpg
111823636	/c/a/carnet-cousu-colle-192-pages-9_5cmx14cm-quadrille-05mmx05mm-70g-maped-ref-9349-8.jpg
111823636	/c/a/carnet-cousu-colle-192-pages-9_5cmx14cm-quadrille-05mmx05mm-70g-maped-ref-9349-7.jpg
111823636	/c/a/carnet-cousu-colle-192-pages-9_5cmx14cm-quadrille-05mmx05mm-70g-maped-ref-9349-5.jpg
111823636	/c/a/carnet-cousu-colle-192-pages-9_5cmx14cm-quadrille-05mmx05mm-70g-maped-ref-9349-4.jpg
111823636	/c/a/carnet-cousu-colle-192-pages-9_5cmx14cm-quadrille-05mmx05mm-70g-maped-ref-9349-6.jpg
111823652	/e/t/etiquettes-magic-abeilles-fluos-herma-ref-6038-0.jpg
111823787	/e/t/etiquettes-magic-animaux-de-la-jungle-popup-herma-ref-3248-0.jpg
111823788	/e/t/etiquettes-magiccoeursstone-herma-ref-5371-0.jpg
111823789	/e/t/etiquettes-magic-coeurs-rouge-et-argentes-herma-ref-6387-0.jpg
111823822	/c/a/cahier-cousu-colle-17cmx22cm-seyes-70g-192-pages-maped-ref-9299-0.jpg
111823822	/c/a/cahier-cousu-colle-17cmx22cm-seyes-70g-192-pages-maped-ref-9299-1.jpg
111823822	/c/a/cahier-cousu-colle-17cmx22cm-seyes-70g-192-pages-maped-ref-9299-2.jpg
111823822	/c/a/cahier-cousu-colle-17cmx22cm-seyes-70g-192-pages-maped-ref-9299-3.jpg
111823822	/c/a/cahier-cousu-colle-17cmx22cm-seyes-70g-192-pages-maped-ref-9299-4.jpg
111823822	/c/a/cahier-cousu-colle-17cmx22cm-seyes-70g-192-pages-maped-ref-9299-5.jpg
111823822	/c/a/cahier-cousu-colle-17cmx22cm-seyes-70g-192-pages-maped-ref-9299-6.jpg
111823831	/e/t/etiquettes-magiccoeursstone-herma-ref-5217-0.jpg
111823842	/c/h/chemise-dossier-pliee-couleurs-paquet-de-10f-23x32cm-techno-ref-9275-0_1.jpg
111823854	/9/6/967814.jpg
111823854	/9/6/967814-1.jpg
111823858	/c/i/ciseaux-essentials-green-symetrique-17cm-maped-ref-468010.jpg
111823880	/m/i/mines-hb-0_5mmx03-reload-sous-blister-maped-ref-560511-0.jpg
111823927	/a/c/acrylic-studio-etui-12-tubes-de-12ml-pebeo-ref-668200-0_2.jpg
111823928	/s/p/spalters-polyamide-dore-pochette-de-2pcs-n_75_100--pebeo-ref-950750.jpg
111823934	/c/a/cahier-cousu-colle-17cmx22cm-seyes-70g-288-pages-maped-ref-9300-4.jpg
111823934	/c/a/cahier-cousu-colle-17cmx22cm-seyes-70g-288-pages-maped-ref-9300-5.jpg
111823934	/c/a/cahier-cousu-colle-17cmx22cm-seyes-70g-288-pages-maped-ref-9300-1.jpg
111823934	/c/a/cahier-cousu-colle-17cmx22cm-seyes-70g-288-pages-maped-ref-9300-3.jpg
111823934	/c/a/cahier-cousu-colle-17cmx22cm-seyes-70g-288-pages-maped-ref-9300-2.jpg
111823983	/p/o/porte-mines-reload-0_5mm-grenat-maped-ref-560036-1.jpg
111823984	/p/o/porte-mines-reload-0_5mm-vert-maped-ref-560033-0.jpg
111823984	/p/o/porte-mines-reload-0_5mm-vert-maped-ref-560033-1.jpg
111823985	/p/o/porte-mines-reload-0_5mm-bleu-maped-ref-560030-0.jpg
111823985	/p/o/porte-mines-reload-0_5mm-bleu-maped-ref-560030-1.jpg
111824020	/g/o/gomme-blanche-conqueror-stabilo-ref-1193c30.jpg
111824021	/g/o/gomme-blanche-legacy-stabilo-ref-118620.jpg
111824092	/c/r/crayons-couleurs-de-12-couleurs-maped-ref-832044-0.jpg
111824093	/c/i/ciseaux-advenced-gel-symetrique-17cm-maped-ref-496210.jpg
111824093	/c/i/ciseaux-advenced-gel-symetrique-17cm-maped-ref-496210-1.jpg
111824094	/f/e/feutre-de-coloriage-ocean-en-pochette-06-couleurs-maped-ref-845723-0.jpg
111824169	/c/a/calculatrice-scientifique-non-programmable-classwiz-casio-ref-fx-82arx-0.jpg
111824237	/e/t/etiqueteuse-electronique-casio-ref-kl-hd1-1.jpg
111824237	/e/t/etiqueteuse-electronique-casio-ref-kl-hd1-0.jpg
111824268	/s/u/surligneur-fluo-boss-rose-stabilo-ref-70-56-0.jpg
111824268	/s/u/surligneur-fluo-boss-rose-stabilo-ref-70-56-2.jpg
111824268	/s/u/surligneur-fluo-boss-stabilo--0_2_2.jpg
111824268	/s/u/surligneur-fluo-boss-stabilo--1_2_2.jpg
111824268	/s/u/surligneur-fluo-boss-stabilo--2_2.jpg
111824269	/s/u/surligneur-fluo-boss-vert-stabilo-ref-70-33-0.jpg
111824269	/s/u/surligneur-fluo-boss-vert-stabilo-ref-70-33-2.jpg
111824269	/s/u/surligneur-fluo-boss-stabilo--0_2_3.jpg
111824269	/s/u/surligneur-fluo-boss-stabilo--1_2_3.jpg
111824269	/s/u/surligneur-fluo-boss-stabilo--2_3.jpg
111824270	/s/u/surligneur-fluo-boss-bleu-stabilo-ref-70-31-0.jpg
111824270	/s/u/surligneur-fluo-boss-bleu-stabilo-ref-70-31-2.jpg
111824270	/s/u/surligneur-fluo-boss-stabilo--0_2_4.jpg
111824270	/s/u/surligneur-fluo-boss-stabilo--1_2_4.jpg
111824270	/s/u/surligneur-fluo-boss-stabilo--2_4.jpg
111824271	/s/u/surligneur-fluo-boss-rouge-stabilo-ref-70-40-0.jpg
111824271	/s/u/surligneur-fluo-boss-rouge-stabilo-ref-70-40-2.jpg
111824271	/s/u/surligneur-fluo-boss-stabilo--0_3.jpg
111824271	/s/u/surligneur-fluo-boss-stabilo--1_3.jpg
111824271	/s/u/surligneur-fluo-boss-stabilo--2_1_1.jpg
111824272	/s/u/surligneur-fluo-boss-lavande-stabilo-ref-70-55-0.jpg
111824272	/s/u/surligneur-fluo-boss-lavande-stabilo-ref-70-55-2.jpg
111824273	/f/e/feutre-pointe-fine-point-88-vert-de-glace-stabilo-ref-88-13.jpg
111824273	/f/e/feutre-pointe-fine-point-88-vert-de-glace-stabilo-ref-88-13-2.jpg
111824274	/f/e/feutre-pointe-fine-point-88-bleu-de-paris-stabilo-ref-88-22.jpg
111824274	/f/e/feutre-pointe-fine-point-88-bleu-de-paris-stabilo-ref-88-22-2.jpg
111824275	/f/e/feutre-pointe-fine-point-88-chair-clair-stabilo-ref-88-26.jpg
111824275	/f/e/feutre-pointe-fine-point-88-chair-clair-stabilo-ref-88-26-1.jpg
111824276	/f/e/feutre-pointe-fine-point-88-vert-clair-stabilo-ref-88-33-2.jpg
111824276	/f/e/feutre-pointe-fine-point-88-vert-clair-stabilo-ref-88-33_1.jpg
111824277	/f/e/feutre-pointe-fine-point-88-jaune-stabilo-ref-88-44-1.jpg
111824277	/f/e/feutre-pointe-fine-point-88-jaune-stabilo-ref-88-44.jpg
111824278	/f/e/feutre-pointe-fine-point-88-brun-stabilo-ref-88-45-1.jpg
111824278	/f/e/feutre-pointe-fine-point-88-brun-stabilo-ref-88-45.jpg
111824279	/f/e/feutre-pointe-fine-point-88-rouge-fonce-stabilo-ref-88-50.jpg
111824279	/f/e/feutre-pointe-fine-point-88-rouge-fonce-stabilo-ref-88-50-1.jpg
111824280	/f/e/feutre-pointe-fine-point-88-vert-bleu-stabilo-ref-88-53.jpg
111824280	/f/e/feutre-pointe-fine-point-88-vert-bleu-stabilo-ref-88-53-.jpg
111824281	/f/e/feutre-pointe-fine-point-88-orange-stabilo-ref-88-54.jpg
111824281	/f/e/feutre-pointe-fine-point-88-orange-stabilo-ref-88-54-1.jpg
111824282	/f/e/feutre-pointe-fine-point-88-vert-anglais-fonce-stabilo-ref-88-63-1.jpg
111824282	/f/e/feutre-pointe-fine-point-88-vert-anglais-fonce-stabilo-ref-88-63-2.jpg
111824283	/f/e/feutre-pointe-fine-point-88-ocre-fonce-stabilo-ref-88-89-1.jpg
111824283	/f/e/feutre-pointe-fine-point-88-ocre-fonce-stabilo-ref-88-89-2.jpg
111824284	/f/e/feutre-pointe-fine-point-88-gris-clair-stabilo-ref-88-94_1.jpg
111824284	/f/e/feutre-pointe-fine-point-88-gris-clair-stabilo-ref-88-94_2.jpg
111824285	/f/e/feutre-pointe-fine-point-88-gris-fonce-stabilo-ref-88-96-1.jpg
111824285	/f/e/feutre-pointe-fine-point-88-gris-fonce-stabilo-ref-88-96-2.jpg
111824286	/s/t/stylo-roller-black-medium-rouge-stabilo-ref-1018-40_1.jpg
111824286	/s/t/stylo-roller-black-medium-rouge-stabilo-ref-1018-40_2_1.jpg
111824286	/s/t/stylo-roller-black-medium-rouge-stabilo-ref-1018-40_3.jpg
111824291	/s/u/surligneur-boss-boite-de-4-couleurs-big-box-stabilo-ref-7004-3-0.jpg
111824291	/s/u/surligneur-boss-boite-de-4-couleurs-big-box-stabilo-ref-7004-3-2.jpg
111824291	/s/u/surligneur-boss-boite-de-4-couleurs-big-box-stabilo-ref-7004-3-3.jpg
111824292	/s/u/surligneur-swing-cool-boite-de-06-couleurs-stabilo-ref-275-06-3-0.jpg
111824292	/s/u/surligneur-swing-cool-boite-de-06-couleurs-stabilo-ref-275-06-3-2.jpg
111824292	/s/u/surligneur-swing-cool-boite-de-06-couleurs-stabilo-ref-275-06-3-3.jpg
111824294	/f/e/feutre-pointe-fine-point-88-en-pochette-10-couleurs-stabilo-ref-8810-1.jpg
111824295	/f/e/feutre-pointe-fine-point-88-jeu-de-20-couleurs-colorparade-stabilo-ref-8820-03-0.jpg
111824295	/f/e/feutre-pointe-fine-point-88-jeu-de-20-couleurs-colorparade-stabilo-ref-8820-03-2.jpg
111824295	/f/e/feutre-pointe-fine-point-88-jeu-de-20-couleurs-colorparade-stabilo-ref-8820-03-3.jpg
111824296	/f/e/feutre-pointe-fine-point-88-mini-pochette-de-08-pcs-stabilo-ref-688-08-1_1.jpg
111824297	/c/r/crayons-couleurs-de-12-couleurs-trio-avec-taille-crayons-stabilo-ref-203-2-12-0.jpg
111824298	/f/e/feutre-pen-68-en-pochette-de-10-couleurs-stabilo-ref-6810-pl.jpg
111824298	/f/e/feutre-pen-68-en-pochette-stabilo_11_1_1.jpg
111824298	/f/e/feutre-pen-68-en-pochette-stabilo_12_1_1.jpg
111824298	/f/e/feutre-pen-68-en-pochette-stabilo_13_1_1.jpg
111824301	/s/t/stylo-roller-stabilos-move-festival-spirit-stabilo-ref-3894-12-2-0.jpg
111824301	/s/t/stylo-roller-stabilos-move-festival-spirit-stabilo-ref-3894-12-2-3.jpg
111824301	/s/t/stylo-roller-stabilos-move-festival-spirit-stabilo-ref-3894-12-2-2.jpg
111824302	/s/t/stylo-a-bille-retractable-tropikana-festival-spirit-stabilo-ref-338-12-6-0.jpg
111824302	/s/t/stylo-a-bille-retractable-tropikana-festival-spirit-stabilo-ref-338-12-6-2.jpg
111824302	/s/t/stylo-a-bille-retractable-tropikana-festival-spirit-stabilo-ref-338-12-6-3.jpg
111824407	/p/a/papier-mousse-pailette-paquet-de-05-coul-20x29cm-folia-ref-231909.jpg
111824409	/f/i/fil-chenille-soyeux-pqt-de-10-couleurs-2x50-cm-folia-ref-772109.jpg
111824413	/p/a/papier-feutrine-pqt-de-10-coul-20x30-cm-150g-m-folia-ref-520409_1.jpg
111824421	/f/i/fil-de-chenille-pqt-de-10-pcs-08mm-x-50cm-dore-avec-argente--folia-ref-77860-65.jpg
111824422	/f/i/fil-de-chenille-pqt-de-10-couleurs-08mmx50cm-folia-ref-77809.jpg
111824476	/f/e/feuilles-effet-miroir-argent-12-feuilles-pebeo-ref-766550_copie.jpg
111824477	/f/e/feuilles-effet-miroir-bleu-12-feuilles-pebeo-ref-766548_1.jpg
111824478	/f/e/feuilles-effet-miroir-or-12-feuilles-pebeo-ref-766549.jpg
111824479	/f/e/feuilles-effet-miroir-rouge-12-feuilles-pebeo-ref-766546.jpg
111824480	/f/e/feuilles-effet-miroir-vert-12-feuilles-pebeo-ref-766547.jpg
111824486	/e/t/etiqueteuse-electronique-label-it-casio-ref-kl-g2-1.jpg
111824486	/e/t/etiqueteuse-electronique-label-it-casio-ref-kl-g2-0.jpg
111824504	/a/g/agrafeuse-a-pince-n_-26-6-maped-ref-440210.jpg
111824504	/a/g/agrafeuse-a-pince-n_-26-6-maped-ref-440210-2.jpg
111824505	/a/g/agrafeuse-a-pince-n_-10-maped-ref-440010.jpg
111824505	/a/g/agrafeuse-a-pince-n_-10-maped-ref-440010-2.jpg
111824506	/a/t/attaches-parisiennes-laiton-16-mm-boite-de-100-pcs-maped-ref-330820_1_1.jpg
111824506	/a/t/attaches-parisiennes-laiton-16-mm-boite-de-100-pcs-maped-ref-330820_2_1.jpg
111824664	/c/a/cartable-administratif-noir-techno-ref-4232.png
111824665	/c/a/cartable-administratif-marron-techno-ref-4233.png
111824666	/c/a/cartable-administratif-noir-techno-ref-4234.jpg
111824666	/c/a/cartable-administratif-noir-techno-ref-4234-2.jpg
111824667	/c/a/cartable-administratif-marron-techno-ref-4235.jpg
111824668	/c/a/cartable-administratif-noir-techno-ref-4236.jpg
111824669	/c/a/cartable-administratif-marron-techno-ref-4237.jpg
111824670	/c/a/cartable-administratif-noir-techno-ref-4238.jpg
111824670	/c/a/cartable-administratif-noir-techno-ref-4238-2.jpg
111824671	/c/a/cartable-administratif-noir-techno-ref-4239.jpg
111824672	/c/a/cartable-administratif-marron-techno-ref-4240.png
111824673	/c/a/cartable-administratif-comp-laptop-noir-techno-ref-4241.jpg
111824674	/c/a/cartable-administratif-comp-laptop-marron-techno-ref-4242-2.jpg
111824674	/c/a/cartable-administratif-comp-laptop-marron-techno-ref-4242.jpg
111824675	/c/a/cartable-administratif-noir-techno-ref-4243-1.jpg
111824675	/c/a/cartable-administratif-noir-techno-ref-4243-2.jpg
111824675	/c/a/cartable-administratif-noir-techno-ref-4243-0.jpg
111824676	/s/a/sacoche-a-main-noir-techno-ref-4245-0.jpg
111824676	/s/a/sacoche-a-main-noir-techno-ref-4245-1.jpg
111824677	/c/a/cartable-administratif-noir-techno-ref-4244.jpg
111824677	/c/a/cartable-administratif-noir-techno-ref-4244-2.jpg
111824709	/s/u/surligneur-swing-cool-orange-stabilo-ref-275-54-0.jpg
111824709	/s/u/surligneur-swing-cool-orange-stabilo-ref-275-54-2.jpg
111824710	/s/u/surligneur-swing-cool-jaune-stabilo-ref-275-24-2.jpg
111824710	/s/u/surligneur-swing-cool-jaune-stabilo-ref-275-24-0.jpg
111824710	/s/u/surligneur-swing-cool-stabilo--0.jpg
111824710	/s/u/surligneur-swing-cool-stabilo--2.jpg
111824711	/s/u/surligneur-swing-cool-vert-stabilo-ref-275-33-0.jpg
111824711	/s/u/surligneur-swing-cool-vert-stabilo-ref-275-33-2.jpg
111824712	/s/u/surligneur-swing-cool-turquoise-stabilo-ref-275-51-0.jpg
111824712	/s/u/surligneur-swing-cool-turquoise-stabilo-ref-275-51-2.jpg
111824713	/s/u/surligneur-swing-cool-bleu-stabilo-ref-275-31-0.jpg
111824713	/s/u/surligneur-swing-cool-bleu-stabilo-ref-275-31-2.jpg
111824714	/s/u/surligneur-swing-cool-lavande-stabilo-ref-275-55-0.jpg
111824714	/s/u/surligneur-swing-cool-lavande-stabilo-ref-275-55-2.jpg
111824715	/s/u/surligneur-swing-cool-rose-stabilo-ref-275-56-0.jpg
111824715	/s/u/surligneur-swing-cool-rose-stabilo-ref-275-56-2.jpg
111824716	/s/u/surligneur-swing-cool-rouge-stabilo-ref-275-40-0_1.jpg
111824716	/s/u/surligneur-swing-cool-rouge-stabilo-ref-275-40-2_1.jpg
111824736	/7/4/749150_pa_bag_imresizer.jpg
111824788	/f/e/feutre-pointe-fine-point-88-violet-stabilo-ref-88-55_1.jpg
111824788	/f/e/feutre-pointe-fine-point-88-violet-stabilo-ref-88-55_2.jpg
111824922	/c/i/ciseaux-advanced-green-symetrique-17cm-maped-ref-496110-1.jpg
111824922	/c/i/ciseaux-advanced-green-symetrique-17cm-maped-ref-496110-2.jpg
111824922	/c/i/ciseaux-advanced-green-symetrique-17cm-maped-ref-496110-0.jpg
111825748	/a/l/album-croquis-24f-a4-21x29_7cm-120g-techno-ref-9340-0.jpg
111825749	/a/l/album-croquis-36f-a5-14_8x21cm-120g-techno-ref-9341-0.jpg
111825809	/a/g/agrafeuse-advanced-half-strip-24-6-26-6-gris-maped-ref-354510-0.jpg
111825809	/a/g/agrafeuse-advanced-half-strip-24-6-26-6-gris-maped-ref-354510-1.jpg
111826339	/p/o/porte-folio-noir-a5-techno-ref-4246-0.jpg
111826339	/p/o/porte-folio-noir-a5-techno-ref-4246-1.jpg
111826341	/p/o/porte-folio-noir-a4-techno-ref-4230-0.jpg
111826341	/p/o/porte-folio-noir-a4-techno-ref-4230-1.jpg
111826554	/c/a/cartable-en-cuir-marron-techno-ref-4259.jpg
111826555	/c/a/cartable-en-cuir-marron-techno-ref-4260.jpg
111826555	/c/a/cartable-en-cuir-marron-techno-ref-4260-2.jpg
111826571	/s/t/stylo-04-couleurs-twin-tip-sous-blister-viking-maped-ref-229141-2.jpg
111826571	/s/t/stylo-04-couleurs-twin-tip-sous-blister-viking-maped-ref-229141-1.jpg
111826572	/2/2/229142_pa_cb_viking_imresizer.jpg
111826575	/a/g/agrafeuse-sta-half-24-6-26-6-maped-ref-354512.jpg
111826575	/a/g/agrafeuse-sta-half-24-6-26-6-maped-ref-354512-1.jpg
111826576	/s/t/stylo-a-plume-sous-blister-maped-ref-220025-0.jpg
111826576	/s/t/stylo-a-plume-sous-blister-maped-ref-220025-1.jpg
111826582	/f/e/feutre-pointe-fine-duo-5-pcs-10-couleurs-maped-ref-749250.jpg
111826583	/a/g/agrafeuse-advanced-half-strip-24-6-26-6-maped--0.jpg
111826583	/a/g/agrafeuse-advanced-half-strip-24-6-26-6-maped--1.jpg
111826585	/f/e/feutre-pointe-fine-0_4mm-10-couleurs-compact-graph-maped-ref-749155-0_1.jpg
111826585	/f/e/feutre-pointe-fine-0_4mm-10-couleurs-compact-graph-maped-ref-749155-1_1.jpg
111826585	/f/e/feutre-pointe-fine-0_4mm-10-couleurs-compact-graph-maped-ref-749155-2_1.jpg
111826588	/c/r/crayon-noir-maxi-embout-gomme-jumbo-maped-ref-854721-1.jpg
111826588	/c/r/crayon-noir-maxi-embout-gomme-jumbo-maped-ref-854721-0.jpg
111826611	/r/e/regle-study-double-graduation-20cm-maped-ref-223507.jpg
111826615	/7/4/749251_pa_bag_imresizer.jpg
111826658	/s/t/stylo-roller-black-medium-pochette-de-04-couleurs-stabilo-ref-1018-4-0.jpg
111826658	/s/t/stylo-roller-black-medium-pochette-de-04-couleurs-stabilo-ref-1018-4-3.jpg
111826658	/s/t/stylo-roller-black-medium-pochette-de-04-couleurs-stabilo-ref-1018-4-2.jpg
111826659	/s/u/surligneur-fluo-swing-cool-pochette-4-pcs-stabilo-ref-275-4-1.jpg
1119	/s/a/sac-a-dos-techno-ref-4569-0.jpg
1119	/s/a/sac-a-dos-techno-ref-4569-1.jpg
112	/a/d/adhesifs-cristal-rond-vert-techno-ref-5022-0.jpg
1120	/s/a/sac-a-dos-marron-techno-ref-4569-1.jpg
1120	/s/a/sac-a-dos-marron-techno-ref-4569-0.jpg
1120413	/c/a/cahier-spiral-17cmx22cm-seyes-70g-288-pages-maped-ref-9284-2.jpg
1120413	/c/a/cahier-spiral-17cmx22cm-seyes-70g-288-pages-maped-ref-9284-0.jpg
1121	/s/a/sac-a-dos-noir-techno-ref-4561-0.jpg
1121	/s/a/sac-a-dos-noir-techno-ref-4561-1.jpg
1122	/s/a/sac-a-dos-gris-techno-ref-4561-1.jpg
1122	/s/a/sac-a-dos-gris-techno-ref-4561-0.jpg
1123	/s/a/sac-a-dos-techno-ref-4561-0.jpg
1124	/s/a/sac-a-dos-vert-techno-ref-4561-1.jpg
1124	/s/a/sac-a-dos-vert-techno-ref-4561-0.jpg
1125003	/c/r/crayons-couleurs-jumbo-maped--0.jpg
1126	/s/a/sac-a-dos-compartiment-laptop-avec-usb-bleu-marine-techno-ref-5282-1.jpg
1126	/s/a/sac-a-dos-compartiment-laptop-avec-usb-bleu-marine-techno-ref-5282-2.jpg
1126	/s/a/sac-a-dos-compartiment-laptop-avec-usb-techno-ref-5282-0.jpg
1127	/s/a/sac-a-dos-compartiment-laptop-avec-usb-noir-techno-ref-5282-1_1.jpg
1127	/s/a/sac-a-dos-compartiment-laptop-avec-usb-noir-techno-ref-5282-2_1.jpg
1127	/s/a/sac-a-dos-compartiment-laptop-avec-usb-noir-techno-ref-5282-0_1.jpg
1129	/s/a/sacoche-a-epaule-gm-marron-techno-ref-4715-1.jpg
113	/a/d/adhesifs-cristal-rond-rose-techno-ref-5022-0.jpg
1130	/s/a/sacoche-a-epaule-gm-techno-ref-4715-0.jpg
1131	/s/a/sacoche-a-epaule-pm-techno-ref-4716-0.jpg
1132	/s/a/sacoche-a-epaule-pm-noir-techno-ref-4716-0.jpg
1132	/s/a/sacoche-a-epaule-pm-noir-techno-ref-4716-1.jpg
114	/a/d/adhesifs-cristal-rond-multi-couleurs-techno-ref-5020-0.jpg
1140590378	/p/r/protege-livre-a-02-rabats-45_7x30_5cm-cristal-rose-techno-ref-4267-0.jpg
1140590379	/p/r/protege-livre-a-02-rabats-45_7x30_5cm-cristal-marron-techno-ref-4268-0.jpg
1140590380	/p/r/protege-livre-a-02-rabats-45_7x30_5cm-cristal-orange-techno-ref-4269-0.jpg
1140590381	/p/r/protege-livre-a-02-rabats-45_7x30_5cm-cristal-violet-techno-ref-4270-0.jpg
1140590382	/p/r/protege-livre-52x47cm-cristal-rose-techno-ref-4271-0.jpg
1140590383	/p/r/protege-livre-52x47cm-cristal-marron-techno-ref-4272-0.jpg
1140590384	/p/r/protege-livre-52x47cm-cristal-orange-techno-ref-4273-0.jpg
1140590385	/p/r/protege-cahier-36x23cm-cristal-rose-techno-ref-4264-0.jpg
1140590386	/p/r/protege-cahier-36x23cm-cristal-marron-techno-ref-4265-0.jpg
1140590387	/p/r/protege-cahier-36x23cm-cristal-orange-techno-ref-4266-0.jpg
1140590541	/c/h/chariot-de-nettoyage-en-bois-marron-techno-ref-1648_1.jpg
1140590541	/c/h/chariot-de-nettoyage-en-bois-marron-techno-ref-1648_2.jpg
1140590541	/c/h/chariot-de-nettoyage-en-bois-marron-techno-ref-1648_3.jpg
1140590541	/c/h/chariot-de-nettoyage-en-bois-marron-techno-ref-1648_4.jpg
1140590591	/c/a/cartable-en-cuir-marron-techno-ref-4258.jpg
1140590591	/c/a/cartable-en-cuir-marron-techno-ref-4258-2.jpg
1140590667	/c/a/calculatrice-de-bureau-159x207_5mm-16-chiffres-casio-ref-gx-16b-w-dc-0.jpg
1140590668	/c/a/calculatrice-de-bureau-159x207_5mm-12-chiffres-casio-ref-gx-120b-w-dc-0.jpg
1140590669	/c/a/calculatrice-de-bureau-159x207_5-mm-casio-ref-gx-12b-bk-w-dc-0.jpg
1140590670	/c/a/calculatrice-de-bureau-129x175_5mm-12-chiffres-casio-ref-dx-120b-w-dc-0.jpg
1140590671	/c/a/calculatrice-de-bureau-129x175_5-mm-casio-ref-dx-12b-bk-w-dc-0.jpg
1140590977	/p/a/pate-a-modeler-en-pot-de-07-couleurs-avec-01-moule-techno-ref-4342-0.jpg
1140591008	/c/a/carnet-11cmx17cm-96-pages-conquerant--ref-400013592-0.jpg
1140591009	/c/a/cahier-de-texte-17cmx22cm-124-pages-conquerant--ref-400037-0.jpg
1140591306	/g/e/gel-crayon-color-peps-6-couleurs-maped-ref-836306-2.jpg
1140591306	/g/e/gel-crayon-color-peps-6-couleurs-maped-ref-836306.jpg
1140591338	/c/a/cahier-spiral-17cmx22cm-seyes-70g-192-pages-maped-ref-9283-0.jpg
1140591338	/c/a/cahier-spiral-17cmx22cm-seyes-70g-192-pages-maped-ref-9283-1.jpg
1140591338	/c/a/cahier-spiral-17cmx22cm-seyes-70g-192-pages-maped-ref-9283-2.jpg
1140591338	/c/a/cahier-spiral-17cmx22cm-seyes-70g-192-pages-maped-ref-9283-3.jpg
1140591442	/c/a/calculatrice-scientifique-non-programmable-ms-casio-ref-fx-570ms-0.jpg
1140591548	/p/a/pastel-a-lhuile-ara-boite-de-24-pcs-pebeo-ref-275000.jpg
1140591550	/a/c/acrylic-studio-tube-de-100ml-rouge-cadmium-fonce-imitation-pebeo-ref-831053-0.jpg
1140591551	/a/q/aquarelle-fine-etuit-12-tubes-de-12ml-pebeo-ref-668400-0.jpg
1140591586	/4/2/4276_.jpg
1140591697	/p/r/protege-cahier-36x23cm-cristal-violet-techno-ref-1184-0.jpg
1140591698	/p/r/protege-livre-52x47cm-cristal-violet-techno-ref-2496-0.jpg
1140591707	/a/c/acrylic-studio-tube-de-100ml-rose-vif-de-venise-pebeo-ref-831045-0.jpg
1140591742	/p/i/pistolet-electrique-pour-silicone-uhu-ref-48615.png
1140591742	/p/i/pistolet-electrique-pour-silicone-uhu-ref-48615.1.png
1140591742	/p/i/pistolet-electrique-pour-silicone-uhu-ref-486152.png
1140591742	/p/i/pistolet-electrique-pour-silicone-uhu-ref-48615.2_1.png
1140591743	/p/i/pistolet-electrique-pour-silicone-hot-melt-200_-uhu-ref-48380.jpg
1140591746	/c/o/colle-de-montage-fixe-tout-sur-tout-original-en-cartouche-de-425g-uhu-ref-37730.jpg
1140591747	/c/o/colle-de-montage-fixe-tout-sur-tout-invisible-en-cartouche-de-300g-uhu-ref-37740.jpg
1140591749	/c/o/colle-de-montage-fixation-express-en-tube-de-175g-uhu-ref-37685-0.jpg
1140591750	/c/o/colle-de-montage-fixation-express-en-cartouche-370g-uhu-ref-37725-0.jpg
1140591750	/c/o/colle-de-montage-fixation-express-en-cartouche-370g-uhu-ref-37725-2.jpg
1140591753	/c/o/colle-de-montage-fixation-neoprene-en-cartouche-350g-uhu-ref-37720-0.jpg
1140591753	/c/o/colle-de-montage-fixation-neoprene-en-cartouche-350g-uhu-ref-37720-2.jpg
1140591754	/p/i/pistolet-pour-cartouche-de-colle-de-montage-uhu-ref-47895-0.jpg
1140591754	/c/o/colle-de-montage-fixation-neoprene-en-cartouche-350g-uhu-ref-37720-2_1.jpg
1140591754	/c/o/colle-de-montage-fixation-express-en-cartouche-370g-uhu-ref-37725-2_1.jpg
1140591755	/c/o/colle-max-repair-extreme-adhesive-08g-uhu-ref-36355-0.jpg
1140591755	/c/o/colle-max-repair-extreme-adhesive-08g-uhu-ref-36355-2.jpg
1140591755	/c/o/colle-max-repair-extreme-adhesive-08g-uhu-ref-36355-4.jpg
1140591755	/c/o/colle-max-repair-extreme-adhesive-08g-uhu-ref-36355-3.jpg
1140591756	/r/e/recharge-pistolet-electrique-pour-silicone-uhu-ref-48630-0.jpg
1140591757	/r/e/recharge-pistolet-electrique-pour-silicone-200_-uhu-ref-47865.jpg
1140591942	/e/t/etiquettes-magiques-c_urs-de-rose-soie-herma-ref-3182-0.jpg
1140591944	/e/t/etiquettes-magiques-emojis-stone-herma-ref-3162-0.jpg
1140591952	/c/a/cahier-pique-17cmx22cm-seyes-70g-96-pages-techno-ref-9357-2.jpg
1140591952	/c/a/cahier-pique-17cmx22cm-seyes-70g-96-pages-techno-ref-9357-3.jpg
1140591952	/c/a/cahier-pique-17cmx22cm-seyes-70g-96-pages-techno-ref-9357-1.jpg
1140591952	/c/a/cahier-pique-17cmx22cm-seyes-70g-96-pages-techno-ref-9357-4.jpg
1140591952	/c/a/cahier-pique-17cmx22cm-seyes-70g-96-pages-techno-ref-9357-5.jpg
1140591952	/c/a/cahier-pique-17cmx22cm-seyes-70g-96-pages-techno-ref-9357-6.jpg
1140591952	/c/a/cahier-pique-17cmx22cm-seyes-70g-96-pages-techno-ref-9357-7.jpg
1140591952	/c/a/cahier-pique-17cmx22cm-seyes-70g-96-pages-techno-ref-9357-8.jpg
1140591952	/c/a/cahier-pique-17cmx22cm-seyes-70g-96-pages-techno-ref-9357-9.jpg
1140591953	/c/a/cahier-pique-17cmx22cm-seyes-70g-120-pages-techno-ref-9358-7.jpg
1140591953	/c/a/cahier-pique-17cmx22cm-seyes-70g-120-pages-techno-ref-9358-0_1.jpg
1140591953	/c/a/cahier-pique-17cmx22cm-seyes-70g-120-pages-techno-ref-9358-1_1.jpg
1140591953	/c/a/cahier-pique-17cmx22cm-seyes-70g-120-pages-techno-ref-9358-2.jpg
1140591953	/c/a/cahier-pique-17cmx22cm-seyes-70g-120-pages-techno-ref-9358-3.jpg
1140591953	/c/a/cahier-pique-17cmx22cm-seyes-70g-120-pages-techno-ref-9358-4.jpg
1140591953	/c/a/cahier-pique-17cmx22cm-seyes-70g-120-pages-techno-ref-9358-5.jpg
1140591953	/c/a/cahier-pique-17cmx22cm-seyes-70g-120-pages-techno-ref-9358-6.jpg
1140591998	/c/a/calculatrice-scolaire-helix-ref-rc1070-min.jpg
1140591999	/r/c/rc2x72-min.jpg
1140592014	/e/n/ensemble-de-tracage-30-cm-helix-ref-q89x12.jpg
1140592041	/e/t/etiquettes-magiques-tiger-yeux-mobiles-herma-ref-3177-0.jpg
1140592045	/e/t/etiquettes-magiques-animaux-de-jardin-stone-herma-ref-3173-0.jpg
1140592073	/c/r/crayons-couleurs-trino-mini-de-12-couleurs-techno-ref-4371-0.jpg
1140592073	/c/r/crayons-couleurs-trino-mini-de-12-couleurs-techno-ref-4371-1.jpg
1140592074	/c/r/crayons-couleurs-trino-long-de-12-couleurs-techno-ref-4372-1.jpg
1140592074	/c/r/crayons-couleurs-trino-long-de-12-couleurs-techno-ref-4372-2.jpg
1140592075	/c/r/crayons-couleurs-trino-bi-colores-de-12-techno-ref-4373-0.jpg
1140592075	/c/r/crayons-couleurs-trino-bi-colores-de-12-techno-ref-4373-1.jpg
1140592076	/c/r/crayons-couleurs-trino-long-de-18-couleurs-techno-ref-4374-0.jpg
1140592077	/c/r/crayons-couleurs-trino-long-de-24-couleurs-techno-ref-4369-0.jpg
1140592143	/f/e/feutre-pointe-fine-point-88-mini-neon-en-pochette-de-05-pcs-stabilo-ref-68805-1_1.jpg
1140592143	/f/e/feutre-pointe-fine-point-88-mini-neon-en-pochette-de-05-pcs-stabilo-ref-68805-1_2.jpg
1140592143	/f/e/feutre-pointe-fine-point-88-mini-neon-en-pochette-de-05-pcs-stabilo-ref-68805-1_3.jpg
1140592144	/f/e/feutre-pointe-fine-point-88-neon-en-pochette-de-5-pcs-stabilo-ref-8805-1_1.jpg
1140592144	/f/e/feutre-pointe-fine-point-88-neon-en-pochette-stabilo_2.jpg
1140592144	/f/e/feutre-pointe-fine-point-88-neon-en-pochette-stabilo_3.jpg
1140592144	/f/e/feutre-pointe-fine-point-88-neon-en-pochette-stabilo_4.jpg
1140592145	/s/t/stylo-indelebile-bleu-0_7-mm-write-4-all-stabilo-ref-156-41_1.jpg
1140592145	/s/t/stylo-indelebile-bleu-0_7-mm-write-4-all-stabilo-ref-156-41_2.jpg
1140592145	/s/t/stylo-indelebile-write-4-all-0_7-mm-stabilo_4_1.jpg
1140592145	/s/t/stylo-indelebile-write-4-all-0_7-mm-stabilo_3_1.jpg
1140592146	/s/t/stylo-indelebile-noir-0_7-mm-write-4-all-stabilo-ref-156-46_1_1_1.jpg
1140592146	/s/t/stylo-indelebile-noir-0_7-mm-write-4-all-stabilo-ref-156-46_2_3.jpg
1140592146	/s/t/stylo-indelebile-write-4-all-0_7-mm-stabilo_4_1_4.jpg
1140592146	/s/t/stylo-indelebile-write-4-all-0_7-mm-stabilo_3_1_4.jpg
1140592147	/s/t/stylo-indelebile-vert-0_7-mm-write-4-all-stabilo-ref-156-36_1.jpg
1140592147	/s/t/stylo-indelebile-vert-0_7-mm-write-4-all-stabilo-ref-156-36_2.jpg
1140592147	/s/t/stylo-indelebile-write-4-all-0_7-mm-stabilo_4_1_3.jpg
1140592147	/s/t/stylo-indelebile-write-4-all-0_7-mm-stabilo_3_1_3.jpg
1140592148	/s/t/stylo-indelebile-rouge-0_7-mm-write-4-all-stabilo-ref-156-40_1.jpg
1140592148	/s/t/stylo-indelebile-rouge-0_7-mm-write-4-all-stabilo-ref-156-40-2.jpg
1140592148	/s/t/stylo-indelebile-write-4-all-0_7-mm-stabilo_4_1_2.jpg
1140592148	/s/t/stylo-indelebile-write-4-all-0_7-mm-stabilo_3_1_2.jpg
1140592149	/s/t/stylo-indelebile-noir-1-mm-write-4-all-stabilo-ref-146-46_1.jpg
1140592149	/s/t/stylo-indelebile-noir-1-mm-write-4-all-stabilo-ref-146-46_2.jpg
1140592149	/s/t/stylo-indelebile-write-4-all-1_0-mm-stabilo_4_1_2.jpg
1140592149	/s/t/stylo-indelebile-write-4-all-1_0-mm-stabilo_5_1_2.jpg
1140592150	/s/t/stylo-indelebile-vert-1-mm-write-4-all-stabilo-ref-146-36_1.jpg
1140592150	/s/t/stylo-indelebile-vert-1-mm-write-4-all-stabilo-ref-146-36_2.jpg
1140592150	/s/t/stylo-indelebile-write-4-all-1_0-mm-stabilo_4_1_3.jpg
1140592150	/s/t/stylo-indelebile-write-4-all-1_0-mm-stabilo_5_1_4.jpg
1140592151	/s/t/stylo-indelebile-rouge-1-mm-write-4-all-stabilo-ref-146-40_1.jpg
1140592151	/s/t/stylo-indelebile-rouge-1-mm-write-4-all-stabilo-ref-146-40_2.jpg
1140592151	/s/t/stylo-indelebile-write-4-all-1_0-mm-stabilo_4_2.jpg
1140592151	/s/t/stylo-indelebile-write-4-all-1_0-mm-stabilo_5_1_3.jpg
1140592152	/s/t/stylo-indelebile-0_7-mm-write-4-all-pochette-4pcs-stabilo-ref-156-4.jpg
1140592152	/s/t/stylo-indelebile-write-4-all-en-pochette-de-4-pcs-stabilo_3_1.jpg
1140592152	/s/t/stylo-indelebile-write-4-all-en-pochette-de-4-pcs-stabilo-_2_1.jpg
1140592153	/s/t/stylo-indelebile-1-mm-write-4-all-pochette-de-4-pcs-stabilo-ref-146-4_1.jpg
1140592153	/s/t/stylo-indelebile-write-4-all-en-pochette-de-4-pcs-stabilo_3_1_1.jpg
1140592153	/s/t/stylo-indelebile-write-4-all-en-pochette-de-4-pcs-stabilo-_2_1_1.jpg
1140592155	/s/u/surligneur-neon-jaune-stabilo-ref-72-24-0.jpg
1140592155	/s/u/surligneur-neon-jaune-stabilo-ref-72-24-2.jpg
1140592155	/s/u/surligneur-neon-jaune-stabilo-ref-72-24-4.jpg
1140592155	/s/u/surligneur-neon-jaune-stabilo-ref-72-24-3.jpg
1140592156	/s/u/surligneur-neon-rose-stabilo-ref-72-56-0.jpg
1140592156	/s/u/surligneur-neon-rose-stabilo-ref-72-56-2.jpg
1140592157	/s/u/surligneur-neon-orange-stabilo-ref-72-54-0.jpg
1140592157	/s/u/surligneur-neon-orange-stabilo-ref-72-54-2.jpg
1140592158	/s/u/surligneur-neon-vert-stabilo-ref-72-33-0.jpg
1140592158	/s/u/surligneur-neon-vert-stabilo-ref-72-33-2.jpg
1140592163	/s/u/surligneur-neon-filet-de-04-couleurs-stabilo-ref-72-4-1-0.jpg
1140592164	/c/r/crayons-couleurs-de-24-couleurs-carbothello-boite-en-metal-stabilo-ref-1424-6-0.jpg
1140592164	/c/r/crayons-couleurs-de-24-couleurs-carbothello-boite-en-metal-stabilo-ref-1424-6-2.jpg
1140592165	/c/r/crayons-couleurs-de-24-couleurs-carbothello-boite-en-metal-stabilo-ref-1424-6-1.png
1140592165	/c/r/crayons-couleurs-de-24-couleurs-carbothello-boite-en-metal-stabilo-ref-1424-6.png
1140592166	/f/e/feutre-pointe-en-fibre-en-pochette-de-4-pcs-stabilo-ref-6088-4_1.jpg
1140592166	/f/e/feutre-pointe-en-fibre-en-pochette-de-4-pcs-stabilo-ref-6088-4_.jpg
1140592166	/f/e/feutre-pointe-en-fibre-en-pochette-de-4-pcs-stabilo-ref-6088-4_2.jpg
1140592167	/c/r/crayon-noir-hb-avec-gomme-othello-stabilo-ref-2988-hb-0.jpg
1140592171	/s/t/stylo-roller-bl_ck-medium-bleu-stabilo-ref-1018-41_1.jpg
1140592171	/s/t/stylo-roller-bl_ck-medium-bleu-stabilo-ref-1018-41_2.jpg
1140592171	/s/t/stylo-roller-bl_ck-medium-bleu-stabilo-ref-1018-41_3_1.jpg
1140592172	/s/t/stylo-roller-bl_ck-medium-noir-stabilo-ref-1018-46_1.jpg
1140592172	/s/t/stylo-roller-bl_ck-medium-noir-stabilo-ref-1018-46_2.jpg
1140592172	/s/t/stylo-roller-bl_ck-medium-noir-stabilo-ref-1018-46_3.jpg
1140592174	/s/t/stylo-indelebile-bleu-1-mm-write-4-all-stabilo-ref-146-41_1.jpg
1140592174	/s/t/stylo-indelebile-bleu-1-mm-write-4-all-stabilo-ref-146-41_2.jpg
1140592174	/s/t/stylo-indelebile-write-4-all-1_0-mm-stabilo_4_1_1.jpg
1140592174	/s/t/stylo-indelebile-write-4-all-1_0-mm-stabilo_5_1_1.jpg
1140592176	/f/e/feutre-point-88-avec-pen-68-fluo-en-pochette-de-10-pcs-stabilo-ref-8868-10-1_1.jpg
1140592177	/c/r/crayons-couleurs-de-60-couleurs-carbothello-malette-en-bois-stabilo-ref-1460-1-5.jpg
1140592177	/c/r/crayons-couleurs-de-60-couleurs-carbothello-malette-en-bois-stabilo-ref-1460-1-2.jpg
1140592177	/c/r/crayons-couleurs-de-60-couleurs-carbothello-malette-en-bois-stabilo-ref-1460-1-3.jpg
1140592177	/c/r/crayons-couleurs-de-60-couleurs-carbothello-malette-en-bois-stabilo-ref-1460-1.png
1140592177	/c/r/crayons-couleurs-de-60-couleurs-carbothello-malette-en-bois-stabilo-ref-1460-1-1.png
1140592177	/c/r/crayons-de-couleur-pastel-carbothello-stabilo-_1.png
1140592178	/c/r/crayons-couleurs-woody-3in1-de-6-couleurs-avec-taille-crayons-stabilo-ref-8806-2-0.jpg
1140592359	/g/e/gel-crayon-boite-4-avec-2-maped-ref-836314-0.jpg
1140592360	/g/e/gel-crayon-boite-6-avec-4-maped-ref-836315-0.jpg
1140592360	/g/e/gel-crayon-boite-6-avec-4-maped-ref-836315-2.jpg
1140592360	/g/e/gel-crayon-boite-6-avec-4-maped-ref-836315-4.jpg
1140592360	/g/e/gel-crayon-boite-6-avec-4-maped-ref-836315-3.jpg
1140592360	/g/e/gel-crayon-boite-6-avec-4-maped-ref-836315-1.jpg
1140592361	/p/o/porte-mines-long-life-0_5-mm-hb-sous-blister-3pcs-maped-ref-564059-1.jpg
1140592361	/p/o/porte-mines-long-life-0_5-mm-hb-sous-blister-3pcs-maped-ref-564059-4.jpg
1140592361	/p/o/porte-mines-long-life-0_5-mm-hb-sous-blister-3pcs-maped-ref-564059-3.jpg
1140592361	/p/o/porte-mines-long-life-0_5-mm-hb-sous-blister-3pcs-maped-ref-564059-2.jpg
1140592362	/f/e/feutre-pointe-fine-0_4mm-pochette-de-10-couleurs-maped-ref-749159-0.jpg
1140592436	/c/a/calculatrice-de-bureau-159x207_5mm-14-chiffres-casio-ref-gx-14b-w-dc-0.jpg
1140592439	/c/a/calculatrice-de-bureau-106_5x147mm-12-chiffres-casio-ref-mx-120b-w-dc-0.jpg
1140592440	/p/a/papier-feutrine-pqt-10-pcs-rouge-20x30-cm-150g-m-folia-ref-520420.jpg
1140592441	/p/a/papier-feutrine-pqt-10-pcs-rose-20x30-cm-150g-m-folia-ref-520423.jpg
1140592442	/p/a/papier-feutrine-pqt-10-pcs-bleu-20x30-cm-150g-m-folia-ref-520436_1.jpg
1140592443	/p/a/papier-feutrine-pqt-10-pcs-vert-20x30-cm-150g-m-folia-ref-520458.jpg
1140592444	/p/a/papier-feutrine-pqt-10-pcs-jaune-20x30-cm-150g-m-folia-ref-520412.jpg
1140592445	/p/a/papier-feutrine-pqt-10-pcs-blanc-20x30-cm-150g-m-folia-ref-520400.jpg
1140592446	/p/a/papier-feutrine-pqt-10-pcs-orange-20x30-cm-150g-m-folia-ref-520440.jpg
1140592447	/p/a/papier-feutrine-pqt-10-pcs-vert-clair-20x30-cm-150g-m-folia-ref-520451.jpg
1140592448	/p/a/papier-feutrine-pqt-10-pcs-marron-20x30-cm-150g-m-folia-ref-520485.jpg
1140592485	/c/i/ciseaux-advanced-green-asymetrique-21cm-maped-ref-499110.jpg
1140592485	/c/i/ciseaux-advanced-green-asymetrique-21cm-maped-ref-499110-2.jpg
1140592499	/c/r/crayons-couleurs-trino-mini-de-06-couleurs-techno-ref-4370-1.jpg
1140592504	/s/t/stylo-roller-bleu-easy-start-orange-stabilo-ref-b-46855-0.jpg
1140592504	/s/t/stylo-roller-bleu-easy-start-orange-stabilo-ref-b-46855-5.jpg
1140592504	/s/t/stylo-roller-bleu-easy-start-orange-stabilo-ref-b-46855-6.jpg
1140592506	/s/t/stylo-roller-bleu-easy-start-rose-stabilo-ref-b-46846-0.jpg
1140592506	/s/t/stylo-roller-bleu-easy-start-rose-stabilo-ref-b-46846-5.jpg
1140592506	/s/t/stylo-roller-bleu-easy-start-rose-stabilo-ref-b-46846-6.jpg
1140592507	/s/t/stylo-roller-bleu-easy-start-vert-stabilo-ref-b-46849-0.jpg
1140592507	/s/t/stylo-roller-bleu-easy-start-vert-stabilo-ref-b-46849-5.jpg
1140592507	/s/t/stylo-roller-bleu-easy-start-vert-stabilo-ref-b-46849-6.jpg
1140592507	/s/t/stylo-roller-bleu-easy-start-vert-stabilo-ref-b-46849.jpg
1140592507	/s/t/stylo-roller-bleu-easy-start-vert-stabilo-ref-b-46849-4.jpg
1140592508	/s/t/stylo-roller-bleu-easy-start-jaune-stabilo-ref-b-46852-0.jpg
1140592508	/s/t/stylo-roller-bleu-easy-start-jaune-stabilo-ref-b-46852-5.jpg
1140592508	/s/t/stylo-roller-bleu-easy-start-jaune-stabilo-ref-b-46852-6.jpg
1140592508	/s/t/stylo-roller-bleu-easy-start-jaune-stabilo-ref-b-46852-2.jpg
1140592510	/s/t/stylo-a-bille-marathon-1_0mm-bleu-stabilo-ref-318m41-0.jpg
1140592511	/s/t/stylo-a-bille-marathon-1_0mm-vert-stabilo-ref-318m36-0.jpg
1140592512	/s/t/stylo-a-bille-marathon-1_0mm-rouge-stabilo-ref-318m40-0.jpg
1140592513	/s/t/stylo-a-bille-marathon-1_0mm-noir-stabilo-ref-318m46-0.jpg
1140592514	/s/t/stylo-a-bille-marathon-1_0mm-violet-stabilo-ref-318m55-0.jpg
1140592515	/s/t/stylo-a-bille-marathon-1_0mm-rose-stabilo-ref-318m56-0.jpg
1140592541	/s/t/stylo-roller-black-medium-vert-stabilo-ref-1018-36_1.jpg
1140592541	/s/t/stylo-roller-black-medium-vert-stabilo-ref-1018-36_2.jpg
1140592541	/s/t/stylo-roller-black-medium-vert-stabilo-ref-1018-36_3.jpg
1140592542	/s/t/stylo-roller-bl_ck-medium-lilas-stabilo-ref-1018-51_1.jpg
1140592542	/s/t/stylo-roller-bl_ck-medium-lilas-stabilo-ref-1018-51_2.jpg
1140592543	/s/t/stylo-roller-bl_ck-medium-turquois-stabilo-ref-1018-58_1.jpg
1140592543	/s/t/stylo-roller-bl_ck-medium-turquois-stabilo-ref-1018-58_2.jpg
1140592583	/s/u/surligneur-neon-magenta-stabilo-ref-72-58-0.jpg
1140592583	/s/u/surligneur-neon-magenta-stabilo-ref-72-58-2.jpg
1140592722	/c/r/crayons-plasticlean-colorpeps-18-couleurs-maped-ref-862012_1.jpg
1140592722	/c/r/crayons-plasticlean-colorpeps-18-couleurs-maped-ref-862012_2.jpg
1140592729	/c/a/cahier-dessin-32-pages-17cmx22cm-quadrille-maped-ref-9054-1.jpg
1140592729	/c/a/cahier-dessin-32-pages-17cmx22cm-quadrille-maped-ref-9054-4.jpg
1140592729	/c/a/cahier-dessin-32-pages-17cmx22cm-quadrille-maped-ref-9054-6.jpg
1140592729	/c/a/cahier-dessin-32-pages-17cmx22cm-quadrille-maped-ref-9054-9.jpg
1140592729	/c/a/cahier-dessin-32-pages-17cmx22cm-quadrille-maped-ref-9054-2.jpg
1140592729	/c/a/cahier-dessin-32-pages-17cmx22cm-quadrille-maped-ref-9054-0.jpg
1140592729	/c/a/cahier-dessin-32-pages-17cmx22cm-quadrille-maped-ref-9054-3.jpg
1140592729	/c/a/cahier-dessin-32-pages-17cmx22cm-quadrille-maped-ref-9054-5.jpg
1140592729	/c/a/cahier-dessin-32-pages-17cmx22cm-quadrille-maped-ref-9054-8.jpg
1140592729	/c/a/cahier-dessin-32-pages-17cmx22cm-quadrille-maped-ref-9054-7.jpg
1140592730	/c/a/cahier-dessin-32-pages-17cmx22cm-uni-maped-ref-9055-8.jpg
1140592730	/c/a/cahier-dessin-32-pages-17cmx22cm-uni-maped-ref-9055-9.jpg
1140592730	/c/a/cahier-dessin-32-pages-17cmx22cm-uni-maped-ref-9055-1.jpg
1140592730	/c/a/cahier-dessin-32-pages-17cmx22cm-uni-maped-ref-9055-2.jpg
1140592730	/c/a/cahier-dessin-32-pages-17cmx22cm-uni-maped-ref-9055-3.jpg
1140592730	/c/a/cahier-dessin-32-pages-17cmx22cm-uni-maped-ref-9055-4.jpg
1140592730	/c/a/cahier-dessin-32-pages-17cmx22cm-uni-maped-ref-9055-5.jpg
1140592730	/c/a/cahier-dessin-32-pages-17cmx22cm-uni-maped-ref-9055-6.jpg
1140592730	/c/a/cahier-dessin-32-pages-17cmx22cm-uni-maped-ref-9055-7.jpg
1140592861	/a/g/agrafeuse-24-6--26-6-tatoo-400-agrafes-s-b-maped-ref-040422.jpg
1140592861	/a/g/agrafeuse-24-6--26-6-tatoo-400-agrafes-s-b-maped-ref-040422-2.jpg
1140593348	/s/t/stylo-roller-bleu-easy-start-bleu-stabilo-ref-b-46843-0_1.jpg
1140593348	/s/t/stylo-roller-bleu-easy-start-bleu-stabilo-ref-b-46843-2.jpg
1140593348	/s/t/stylo-roller-bleu-easy-start-bleu-stabilo-ref-b-46843-6.jpg
1140593348	/s/t/stylo-roller-bleu-easy-start-bleu-stabilo-ref-b-46843-3.jpg
1140593348	/s/t/stylo-roller-bleu-easy-start-bleu-stabilo-ref-b-46843-8.jpg
1140593348	/s/t/stylo-roller-bleu-easy-start-bleu-stabilo-ref-b-46843-7.jpg
1140593348	/s/t/stylo-roller-bleu-easy-start-bleu-stabilo-ref-b-46843-4.jpg
1140593477	/c/a/calculatrice-scientifique-non-programmable-speciale-college-casio-ref-fx-92specol-0.jpg
1140594448	/t/a/table-pliante-modulable-demi-ronde-152-x-76-cm-techno-ref-1536-0.jpg
1140594448	/t/a/table-pliante-modulable-demi-ronde-152-x-76-cm-techno-ref-1536-01.jpg
1140594448	/t/a/table-pliante-modulable-demi-ronde-152-x-76-cm-techno-ref-1536-03.jpg
1140594455	/p/o/porte-valise-pliable-avec-dossier-60-x-45-x-67-cm-techno-ref-0173.jpg
1140594456	/p/o/porte-valise-pliable-marron-60-x-45-x-67-cm-techno-ref-0174.jpg
1140594457	/c/e/cendrier-corbeille-en-inox-25-x-61-cm-techno-ref-0175.jpg
1140595161	/t/a/table-pliante-modulable-courbee-210-x-76-cm-techno-ref-2753-01.jpg
1140595161	/t/a/table-pliante-modulable-courbee-210-x-76-cm-techno-ref-2753-02.jpg
1140595191	/c/o/corde-torsadee-rouge-pour-piquet-embout-dore-techno-ref-1486.jpg
1140595751	/c/h/chariot-chrome-avec-porte-bebe-80l-marsanz-ref-cascp08002.jpg
1140595751	/c/h/chariot-chrome-avec-porte-bebe-80l-marsanz-ref-cascp08002_1.jpg
1140595922	/f/i/fixatif-pastel-aerosol-200ml-pebeo-ref-571140.jpg
1140595922	/f/i/fixatif-pastel-aerosol-200ml-pebeo-ref-571140-.png
1140595931	/e/t/etiquettes-magique-papillons-ailes-3d-herma-ref-6034-0.jpg
1140595980	/c/a/cahier-piqure-17cmx22cm-96-pages-90g-rouge-conquerant--ref-100100434--020393-0.jpg
1140597051	/c/i/ciseaux-diamond-asymetrique-21cm-maped-ref-697910-2.jpg
1140597067	/p/a/panier-a-main-pvc-6l-bleu-araven-ref-77837.jpg
1140597068	/p/a/panier-a-main-pvc-6l-rose-araven-ref-77837.jpg
1140597166	/p/a/panier-a-roulettes-28l-rouge-fleta-ref-23111.jpg
1140597166	/p/a/panier-a-roulettes-28l-rouge-fleta-ref-23111_1.jpg
1140597167	/p/a/panier-a-roulettes-28l-orange-fleta-ref-23115.jpg
1140597167	/p/a/panier-a-roulettes-28l-orange-fleta-ref-23115_1.jpg
1140597203	/s/u/surligneur-fluo-boss-lilas-stabilo-ref-70-58-0.jpg
1140597203	/s/u/surligneur-fluo-boss-lilas-stabilo-ref-70-58-2.jpg
1140597337	/p/a/panier-a-main-20l-bleu-araven-ref-39119.jpg
1140597338	/p/a/panier-a-main-20l-jaune-araven-ref-37119.jpg
1140597339	/p/a/panier-a-main-20l-vert-araven-ref-38119.jpg
1140597341	/p/a/panier-a-roulettes-34l-orange-araven-ref-91244-.jpg
1140597342	/p/a/panier-a-roulettes-34l-jaune-araven-ref-92244-.jpg
1140597668	/4/4/4412_imresizer.jpg
1140597806	/p/a/panier-de-promotion-t0003-fixe-850x70x110-cm-ucge-ref-u052000300.jpg
1140597926	/e/t/etiquettes-magique-chiffres-etincelants-herma-ref-3279-0.jpg
1140598016	/s/t/stylo-a-bille-ice-noir-corps-translucide-maped-ref-224431_01_1.jpg
1140598016	/s/t/stylo-a-bille-ice-noir-corps-translucide-maped-ref-224431_01_2.jpg
1140598017	/s/t/stylo-a-bille-ice-rouge-corps-translucide-maped-ref-224432_1.jpg
1140598017	/s/t/stylo-a-bille-ice-rouge-corps-translucide-maped-ref-224432_2.jpg
1140598018	/s/t/stylo-a-bille-ice-vert-corps-translucide-maped-ref-224433_1.jpg
1140598018	/s/t/stylo-a-bille-ice-vert-corps-translucide-maped-ref-224433_2.jpg
1140598420	/p/a/panier-shop-et-roll-system-20l-bleu-ararven-ref-26846-.jpg
1140598466	/p/a/panier-a-main-20l-rouge-araven-ref-44119.jpg
1140598505	/p/a/panier-a-main-30l-rouge-araven-ref-19118.jpg
1140598506	/p/a/panier-shop-et-roll-system-20l-jaune-ararven-ref-31846.jpg
1140598523	/t/o/tourniquet-orientation-droite-ucge-ref-u040001700_00.jpg
1140598817	/s/a/sac-a-dos-noir-techno-ref-4431.jpg
1140598817	/s/a/sac-a-dos-noir-techno-ref-4431-2.jpg
1140599074	/c/a/calculatrice-de-poche-noir-casio-ref-hl-815l-bk-0_1.jpg
1140599348	/p/a/papier-a-dessin-blanc-pochette-12-feuilles-120g-24cmx32cm-maped-ref-9370-0.jpg
1140599348	/p/a/papier-a-dessin-blanc-pochette-12-feuilles-120g-24cmx32cm-maped-ref-9370-1.jpg
1140599349	/p/a/papier-a-dessin-blanc-pochette-12-feuilles-120g-a4-maped-ref-9372-2.jpg
1140599349	/p/a/papier-a-dessin-blanc-pochette-12-feuilles-120g-a4-maped-ref-9372-1.jpg
1140599747	/c/o/copie-double-perforee-conquerant--ref-100105049-0.jpg
1140599748	/f/e/feuillets-mobiles-perforee-a-carreaux-conquerant--ref-100102990-0.jpg
1140599750	/c/a/cahier-travaux-pratiques-24cmx32cm-120-pages-conquerant--ref-100103646-0.jpg
1140599751	/c/a/cahier-travaux-pratiques-a4-120-pages-conquerant--ref-100104929-0.jpg
1140599791	/c/a/calculatrice-graphique-casio-ref-graph-35-avec-e-0.jpg
1140599879	/f/e/feuillets-mobiles-perforee-uni-conquerant--ref-100104532-0.jpg
1140600250	/j/e/jeux-de-coloriage-33-pcs-maped-ref-897417.jpg
1140600400	/s/u/surligneur-4-couleurs-pocket-soft-sous-blister-maped-ref-742777-5.jpg
1140600404	/s/u/surligneur-4-couleurs-pocket-soft-sous-blister-maped-ref-742777-4.jpg
1140600405	/c/r/crayons-couleurs-jumbo-de-24-couleurs-maped-ref-834013-0.jpg
1140600410	/7/4/749450_pa_bag_imresizer.jpg
1140600457	/s/u/surligneur-4-couleurs-pocket-soft-sous-blister-maped-ref-742777-3.jpg
1140600458	/s/u/surligneur-4-couleurs-pocket-soft-sous-blister-maped-ref-742777-2.jpg
1140600461	/s/u/surligneurs-bi-matiere-sous-blister-5-couleurs-maped-ref--742728.jpg
1140600462	/t/a/taille-crayons-satelite-de-01-trou-maped-ref-041712_2.jpg
1140600462	/t/a/taille-crayons-satelite-de-01-trou-maped-ref-041712_1.jpg
1140600554	/p/a/papier-a-dessin-couleurs-pochette-de-10-feuilles-24cmx32cm-maped--0.jpg
1140600621	/c/r/crayon-noir-hb-carte-04-pcs-techno-ref-4575.jpg
1140600627	/t/a/tablier-de-peinture-03-ans-a-06-ans-techno-ref-4544-0.jpg
1140600834	/c/a/cahier-de-matieres-5en1-seyes-08mmx08mm-70g-300-pages-techno-ref-4496-0.jpg
1140600835	/c/a/cahier-de-matieres-3en1-seyes-08mmx08mm-70g-192-pages-techno-ref-4497-0.jpg
1140600836	/c/a/cahier-de-matieres-5en1-quadrille-5x5-mm-70g-m2-300p-techno-ref-4498.jpg
1140600837	/c/a/cahier-de-matieres-3en1-quadrille-5x5-mm-70g-m2-192-pages-techno-ref-4499.jpg
1140600847	/c/r/crayons-de-couleur-36-pcs-boite-metallique-maped-ref-832056.jpg
1140600848	/c/r/crayons-de-couleur-48-pcs-boite-metallique-maped-ref-832058.jpg
1140600848	/c/r/crayons-de-couleur-48-pcs-boite-metallique-maped-ref-832058-2.jpg
1140600849	/c/r/crayons-couleurs-jumbo-early-age-de-18-couleurs-maped-ref-834012-0.jpg
1140601224	/f/e/feutre-de-coloriage-long-innovation-pochette-de-12-couleurs-maped-ref-845044-0.jpg
1140601437	/p/a/papier-a-dessin-couleurs-pochette-de-10-feuilles-24cmx32cm-120g-maped-ref-9371-0_1.jpg
1140601437	/p/a/papier-a-dessin-couleurs-pochette-de-10-feuilles-24cmx32cm-120g-maped-ref-9371-1_1.jpg
1140601976	/t/a/tableau-blanc-60x90cm-techno--0.jpg
1140601977	/m/a/marqueur-permanent-pour-toutes-surfaces-blanc-techno-ref-4518-3.jpg
1140601977	/m/a/marqueur-permanent-pour-toutes-surfaces-blanc-techno-ref-4518-2.jpg
1140601978	/m/a/marqueur-permanent-pour-toutes-surfaces-bleu-techno-ref-4519.jpg
1140601978	/m/a/marqueur-permanent-pour-toutes-surfaces-bleu-techno-ref-4519-1.jpg
1140601978	/m/a/marqueur-permanent-pour-toutes-surfaces-bleu-techno-ref-4519-3.jpg
1140601979	/m/a/marqueur-permanent-pour-toutes-surfaces-noir-techno-ref-4520-1.jpg
1140601979	/m/a/marqueur-permanent-pour-toutes-surfaces-noir-techno-ref-4520.jpg
1140601979	/m/a/marqueur-permanent-pour-toutes-surfaces-noir-techno-ref-4520-3.jpg
1140601980	/m/a/marqueur-permanent-pour-toutes-surfaces-rouge-techno-ref-4521.jpg
1140601980	/m/a/marqueur-permanent-pour-toutes-surfaces-rouge-techno-ref-4521-1.jpg
1140601980	/m/a/marqueur-permanent-pour-toutes-surfaces-rouge-techno-ref-4521-3.jpg
1140601980	/m/a/marqueur-permanent-pour-toutes-surfaces-rouge-techno-ref-4521-2.jpg
1140601981	/m/a/marqueur-permanent-pour-toutes-surfaces-jaune-techno-ref-4522.jpg
1140601981	/m/a/marqueur-permanent-pour-toutes-surfaces-jaune-techno-ref-4522-1.jpg
1140601981	/m/a/marqueur-permanent-pour-toutes-surfaces-jaune-techno-ref-4522-3.jpg
1140601981	/m/a/marqueur-permanent-pour-toutes-surfaces-jaune-techno-ref-4522-2.jpg
1140601983	/c/r/crayon-noir-hb-trin-up-carte-4-pcs-techno-ref-4524.jpg
1140602224	/j/e/jeux-destompes-6-pieces-techno-ref-4504.jpg
1140602225	/j/e/jeux-pinceaux-de-04-pieces-pochoir-en-mousse-techno-ref-4505-0.jpg
1140602226	/j/e/jeux-pinceaux-de-coloriage-6pc-techno-ref-4506-1.jpg
1140602227	/b/l/bloc-de-toile-a4-techno-ref-4507-0.jpg
1140602228	/b/l/bloc-de-toile-a4-techno-ref-4507-0_1.jpg
1140602429	/a/c/acrylic-studio-tube-100ml-gel-ph-inc-vert-pebeo-ref-832117.jpg
1140602430	/a/c/acrylique-studio-gesso-noir-tube-250ml-pebeo-ref-524111.jpg
1140602605	/a/l/album-mix-media-xl-15fl-a5-300g-grain-fin-canson-ref-200001872.jpg
1140602607	/a/l/album-a-dessin-aquarelle-30f-xl-a3-300g-grain-fin-canson-ref-400039171.jpg
1140602611	/a/l/album-kraft-40fl-xl-a5-90g-canson-ref-400082832.jpg
1140602612	/a/l/album-kraft-60fl-xl-a4-90g-canson-ref-400039141.jpg
1140602629	/a/l/album-kraft-60fl-xl-a3-90g-canson-ref-400039142.jpg
1140602631	/a/l/album-xl-dessin-30fl-a5-160g-canson-ref-400082841.jpg
1140602637	/b/l/bloc-50-fl-imagine-a5-200g-blanc-canson-ref-200006009.jpg
1140602637	/b/l/bloc-50-fl-imagine-a5-200g-blanc-canson-ref-200006009-1.jpg
1140603102	/d/e/destructeur-papier-shreadstar-s5-blanc-12l-capacite-05-feuilles-hsm-1041121.png
1140603102	/d/e/destructeur-papier-shreadstar-s5-blanc-12l-capacite-05-feuilles-hsm-1041121-1.png
1140603102	/d/e/destructeur-papier-shreadstar-s5-blanc-12l-capacite-05-feuilles-hsm-1041121-1-2.png
1140603102	/d/e/destructeur-papier-shreadstar-s5-blanc-12l-capacite-05-feuilles-hsm-1041121-3.png
1140603103	/d/e/destructeur-multi-support-shredstar-x6-pro-blanc-20l-capacite-06-feuilles-hsm-ref-1046111-0.jpg
1140603103	/d/e/destructeur-multi-support-shredstar-x6-pro-blanc-20l-capacite-06-feuilles-hsm-ref-1046111-2.jpg
1140603103	/d/e/destructeur-multi-support-shredstar-x6-pro-blanc-20l-capacite-06-feuilles-hsm-ref-1046111-4.jpg
1140603103	/d/e/destructeur-multi-support-shredstar-x6-pro-blanc-20l-capacite-06-feuilles-hsm-ref-1046111-3.jpg
1140603106	/d/e/destructeur-multi-support-pure-220-blanc-croise-20l-capacite-07-feuilles-hsm-ref-2323412-0.jpg
1140603106	/d/e/destructeur-multi-support-pure-220-blanc-croise-20l-capacite-07-feuilles-hsm-ref-2323412-1.jpg
1140603106	/d/e/destructeur-multi-support-pure-220-blanc-croise-20l-capacite-07-feuilles-hsm-ref-2323412-2.jpg
1140603106	/d/e/destructeur-multi-support-pure-220-blanc-croise-20l-capacite-07-feuilles-hsm-ref-2323412-3.jpg
1140603325	/c/i/cire-a-patiner-or-empire-flacon-de-37-ml-pebeo-ref-091301.jpg
1140603326	/c/i/cire-a-patiner-or-roi-flacon-de-37-ml-pebeo-ref-091302.jpg
1140603327	/c/i/cire-a-patiner-or-antique-flacon-de-37-ml-pebeo-ref-091304.jpg
1140603328	/c/i/cire-a-patiner-argent-flacon-de-37-ml-pebeo-ref-091305.jpg
1140603329	/t/a/taille-crayons-pour-crayons-de-couleurs-woody-3in1_1.jpg
1140603330	/g/o/gomme-mie-de-pain-stabilo-ref-1183.jpg
1140603331	/s/u/surligneur-fluo-boss-turquoise-stabilo-ref-70-51-2_1.jpg
1140603331	/s/u/surligneur-fluo-boss-turquoise-stabilo-ref-70-51-0_1.jpg
1140603331	/s/u/surligneur-fluo-boss-stabilo--0_3_1.jpg
1140603331	/s/u/surligneur-fluo-boss-stabilo--1_3_1.jpg
1140603331	/s/u/surligneur-fluo-boss-stabilo--2_1_2.jpg
1140603333	/s/u/surligneur-fluo-boss-pochette-de-06-couleurs-stabilo-ref-70-6-0_1.jpg
1140603333	/s/u/surligneur-fluo-boss-pochette-de-06-couleurs-stabilo-ref-70-6.png
1140603334	/c/r/crayons-couleurs-de-48-couleurs-carbothello-boite-en-metal-stabilo-ref-1448-6.png
1140603334	/c/r/crayons-couleurs-de-48-couleurs-carbothello-boite-en-metal-stabilo-ref-1448-6_2_.png
1140603354	/c/r/crayons-couleurs-de-12-couleurs-original-boite-en-metal-stabilo-ref-8773-6-0.jpg
1140603355	/c/r/crayons-couleurs-de-24-couleurs-original-boite-en-metal-stabilo-ref-8774-6-0.jpg
1140603620	/s/t/stylo-roller-pointvisco-bleu-stabilo-ref-1099-41_1.jpg
1140603620	/s/t/stylo-roller-pointvisco-bleu-stabilo-ref-1099-41_2.jpg
1140603620	/s/t/stylo-roller-pointvisco-stabilo-8_1.jpg
1140603620	/s/t/stylo-roller-pointvisco-stabilo-10_1.jpg
1140603620	/s/t/stylo-roller-pointvisco-stabilo--4_3.jpg
1140603620	/s/t/stylo-roller-pointvisco-stabilo-6_3.jpg
1140603621	/s/t/stylo-roller-pointvisco-noir-stabilo-ref-1099-46_1.jpg
1140603621	/s/t/stylo-roller-pointvisco-noir-stabilo-ref-1099-46_2.jpg
1140603621	/s/t/stylo-roller-pointvisco-stabilo--4_4_1.jpg
1140603621	/s/t/stylo-roller-pointvisco-stabilo-6_3_2.jpg
1140603621	/s/t/stylo-roller-pointvisco-stabilo-8_1_2.jpg
1140603621	/s/t/stylo-roller-pointvisco-stabilo-9.jpg
1140603621	/s/t/stylo-roller-pointvisco-stabilo-10_1_2.jpg
1140603622	/s/t/stylo-roller-pointvisco-rouge-stabilo-ref-1099-40_1.jpg
1140603622	/s/t/stylo-roller-pointvisco-rouge-stabilo-ref-1099-40_2.jpg
1140603622	/s/t/stylo-roller-pointvisco-stabilo--4_4_2.jpg
1140603622	/s/t/stylo-roller-pointvisco-stabilo-6_3_3.jpg
1140603622	/s/t/stylo-roller-pointvisco-stabilo-8_1_3.jpg
1140603622	/s/t/stylo-roller-pointvisco-stabilo-10_1_3.jpg
1140603625	/s/t/stylo-roller-pointvisco-vert-clair-stabilo-ref-1099-43_2.jpg
1140603625	/s/t/stylo-roller-pointvisco-vert-clair-stabilo-ref-1099-43_1.jpg
1140603625	/s/t/stylo-roller-pointvisco-stabilo-8_2_2.jpg
1140603625	/s/t/stylo-roller-pointvisco-stabilo-9_1.jpg
1140603625	/s/t/stylo-roller-pointvisco-stabilo-10_1_5.jpg
1140603625	/s/t/stylo-roller-pointvisco-stabilo--3_1.jpg
1140603625	/s/t/stylo-roller-pointvisco-stabilo--4_4_4.jpg
1140603625	/s/t/stylo-roller-pointvisco-stabilo-5_1.jpg
1140603625	/s/t/stylo-roller-pointvisco-stabilo-6_3_5.jpg
1140603625	/s/t/stylo-roller-pointvisco-stabilo-7.jpg
1140603626	/s/t/stylo-roller-pointvisco-marron-stabilo-ref-1099-45_1.jpg
1140603626	/s/t/stylo-roller-pointvisco-marron-stabilo-ref-1099-45_2.jpg
1140603626	/s/t/stylo-roller-pointvisco-stabilo--4_3_1.jpg
1140603626	/s/t/stylo-roller-pointvisco-stabilo-6_2_1.jpg
1140603626	/s/t/stylo-roller-pointvisco-stabilo-8_3.jpg
1140603626	/s/t/stylo-roller-pointvisco-stabilo-10_3.jpg
1140603627	/s/t/stylo-roller-pointvisco-turquoise-stabilo-ref-1099-51_2.jpg
1140603627	/s/t/stylo-roller-pointvisco-turquoise-stabilo-ref-1099-51_1.jpg
1140603627	/s/t/stylo-roller-pointvisco-stabilo-8_1_4.jpg
1140603627	/s/t/stylo-roller-pointvisco-stabilo-10_1_4.jpg
1140603627	/s/t/stylo-roller-pointvisco-stabilo--4_4_3.jpg
1140603627	/s/t/stylo-roller-pointvisco-stabilo-6_3_4.jpg
1140603628	/s/t/stylo-roller-pointvisco-orange-stabilo-ref-1099-54_2.jpg
1140603628	/s/t/stylo-roller-pointvisco-orange-stabilo-ref-1099-54_1.jpg
1140603628	/s/t/stylo-roller-pointvisco-stabilo--4_4.jpg
1140603628	/s/t/stylo-roller-pointvisco-stabilo-6_3_1.jpg
1140603628	/s/t/stylo-roller-pointvisco-stabilo-8_1_1.jpg
1140603628	/s/t/stylo-roller-pointvisco-stabilo-10_1_1.jpg
1140603629	/s/t/stylo-roller-pointvisco-rose-stabilo-ref-1099-56_2.jpg
1140603629	/s/t/stylo-roller-pointvisco-rose-stabilo-ref-1099-56_1.jpg
1140603629	/s/t/stylo-roller-pointvisco-stabilo--4_5.jpg
1140603629	/s/t/stylo-roller-pointvisco-stabilo-6_4_1.jpg
1140603629	/s/t/stylo-roller-pointvisco-stabilo-8_2_1.jpg
1140603629	/s/t/stylo-roller-pointvisco-stabilo-10_2_1.jpg
1140603630	/s/t/stylo-roller-pointvisco-lavande-stabilo-ref-1099-58_1.jpg
1140603630	/s/t/stylo-roller-pointvisco-lavande-stabilo-ref-1099-58_2.jpg
1140603630	/s/t/stylo-roller-pointvisco-stabilo-6_2.jpg
1140603630	/s/t/stylo-roller-pointvisco-stabilo-8_2.jpg
1140603630	/s/t/stylo-roller-pointvisco-stabilo-10_2.jpg
1140603630	/s/t/stylo-roller-pointvisco-stabilo-6_4.jpg
1140603631	/s/t/stylo-roller-pointvisco-vert-fonce-stabilo-ref-1099-36_2.jpg
1140603631	/s/t/stylo-roller-pointvisco-vert-fonce-stabilo-ref-1099-36_1.jpg
1140603631	/s/t/stylo-roller-pointvisco-stabilo-8_1_5.jpg
1140603631	/s/t/stylo-roller-pointvisco-stabilo-9_1_1.jpg
1140603631	/s/t/stylo-roller-pointvisco-stabilo-10_2_2.jpg
1140603631	/s/t/stylo-roller-pointvisco-stabilo--3_2.jpg
1140603631	/s/t/stylo-roller-pointvisco-stabilo--4_4_5.jpg
1140603631	/s/t/stylo-roller-pointvisco-stabilo-5_1_1.jpg
1140603631	/s/t/stylo-roller-pointvisco-stabilo-6_3_6.jpg
1140603631	/s/t/stylo-roller-pointvisco-stabilo-7_1.jpg
1140603640	/s/t/stylo-fineliner-sensor-bleu-stabilo-ref-189-41-1.jpg
1140603640	/s/t/stylo-fineliner-sensor-bleu-stabilo-ref-189-41-2.jpg
1140603640	/s/t/stylo-fineliner-sensor-bleu-stabilo-ref-189-41-3.jpg
1140603640	/s/t/stylo-fineliner-sensor-stabilo--3.jpg
1140603640	/s/t/stylo-fineliner-sensor-stabilo-4.jpg
1140603640	/s/t/stylo-fineliner-sensor-stabilo-6.jpg
1140603641	/s/t/stylo-roller-pointvisco-noir-stabilo-ref-1099-46-1.jpg
1140603641	/s/t/stylo-roller-pointvisco-noir-stabilo-ref-1099-46-2.jpg
1140603641	/s/t/stylo-fineliner-sensor-stabilo--3_2.jpg
1140603641	/s/t/stylo-fineliner-sensor-stabilo-4_2.jpg
1140603641	/s/t/stylo-fineliner-sensor-stabilo-6_2.jpg
1140603642	/s/t/stylo-roller-pointvisco-rouge-stabilo-ref-1099-40-1.jpg
1140603642	/s/t/stylo-roller-pointvisco-rouge-stabilo-ref-1099-40-2.jpg
1140603642	/s/t/stylo-fineliner-sensor-stabilo--3_3.jpg
1140603642	/s/t/stylo-fineliner-sensor-stabilo-4_1_2.jpg
1140603642	/s/t/stylo-fineliner-sensor-stabilo-6_1_2.jpg
1140603643	/s/t/stylo-fineliner-sensor-vert-fonce-stabilo-ref-189-36-1.jpg
1140603643	/s/t/stylo-fineliner-sensor-vert-fonce-stabilo-ref-189-36-2.jpg
1140603643	/s/t/stylo-fineliner-sensor-stabilo--3_3_3.jpg
1140603643	/s/t/stylo-fineliner-sensor-stabilo-4_3_2.jpg
1140603643	/s/t/stylo-fineliner-sensor-stabilo-6_4_2.jpg
1140603644	/s/t/stylo-fineliner-sensor-vert-clair-stabilo-ref-189-43-1.jpg
1140603644	/s/t/stylo-fineliner-sensor-vert-clair-stabilo-ref-189-43-2.jpg
1140603644	/s/t/stylo-fineliner-sensor-stabilo--3_3_2.jpg
1140603644	/s/t/stylo-fineliner-sensor-stabilo-4_3_1.jpg
1140603644	/s/t/stylo-fineliner-sensor-stabilo-6_4_1.jpg
1140603645	/s/t/stylo-fineliner-sensor-turquoise-stabilo-ref-189-51.jpg
1140603645	/s/t/stylo-fineliner-sensor-turquoise-stabilo-ref-189-51-2.jpg
1140603645	/s/t/stylo-fineliner-sensor-stabilo-5_1.jpg
1140603645	/s/t/stylo-fineliner-sensor-stabilo--3_3_1.jpg
1140603645	/s/t/stylo-fineliner-sensor-stabilo-4_3.jpg
1140603645	/s/t/stylo-fineliner-sensor-stabilo-6_4.jpg
1140603646	/s/t/stylo-roller-pointvisco-rose-stabilo-ref-1099-56-2.jpg
1140603646	/s/t/stylo-roller-pointvisco-rose-stabilo-ref-1099-56-1.jpg
1140603646	/s/t/stylo-fineliner-sensor-stabilo--3_4.jpg
1140603646	/s/t/stylo-fineliner-sensor-stabilo-4_2_1.jpg
1140603646	/s/t/stylo-fineliner-sensor-stabilo-6_3.jpg
1140603647	/s/t/stylo-roller-pointvisco-lavande-stabilo-ref-1099-58-1.jpg
1140603647	/s/t/stylo-roller-pointvisco-lavande-stabilo-ref-1099-58-2.jpg
1140603647	/s/t/stylo-fineliner-sensor-stabilo--3_1_1.jpg
1140603647	/s/t/stylo-fineliner-sensor-stabilo-4_1_1.jpg
1140603647	/s/t/stylo-fineliner-sensor-stabilo-6_1_1.jpg
1140603648	/f/e/feutre-pointe-fine-point-88-rose-stabilo-ref-88-29.jpg
1140603648	/f/e/feutre-pointe-fine-point-88-rose-stabilo-ref-88-29-2.jpg
1140603649	/f/e/feutre-pointe-fine-point-88-gris-bleu-moyen-stabilo-ref-88-95-1.jpg
1140603649	/f/e/feutre-pointe-fine-point-88-gris-bleu-moyen-stabilo-ref-88-95-2.jpg
1140603650	/f/e/feutre-pointe-fine-point-88-en-pochette-de-8-pcs-stabilo-ref-88-8-01_1.jpg
1140603650	/f/e/feutre-pointe-fine-point-88-en-pochette-de-8-pcs-stabilo-ref-88-8-01_2.jpg
1140603650	/f/e/feutre-pointe-fine-point-88-en-pochette-de-8-pcs-stabilo-ref-88-8-01_3.jpg
1140603650	/f/e/feutre-pointe-fine-point-88-en-pochette-de-8-pcs-stabilo-ref-88-8-01_4.jpg
1140603651	/f/e/feutre-pointe-fine-point-88-mini-pochette-12-pcs-stabilo-ref-688-12-1_1.jpg
1140603651	/f/e/feutre-pointe-fine-point-88-mini-pochette-12-pcs-stabilo-ref-688-12-1_2.jpg
1140603651	/f/e/feutre-pointe-fine-point-88-mini-pochette-12-pcs-stabilo-ref-688-12-1_3.jpg
1140603652	/f/e/feutre-de-dessin-stabilo-pen-68-noir-stabilo-ref-68-46-1.jpg
1140603652	/f/e/feutre-de-dessin-stabilo-pen-68-noir-stabilo-ref-68-46-2.jpg
1140603653	/f/e/feutre-de-dessin-stabilo-pen-68-carmin-stabilo-ref-68-48.jpg
1140603653	/f/e/feutre-de-dessin-stabilo-pen-68-carmin-stabilo-ref-68-48-2.jpg
1140603654	/f/e/feutre-de-dessin-stabilo-pen-68-bleu-stabilo-ref-68-41-1.jpg
1140603654	/f/e/feutre-de-dessin-stabilo-pen-68-bleu-stabilo-ref-68-41-2.jpg
1140603707	/f/e/feutre-de-dessin-stabilo-pen-68-vert-emeraude-stabilo-ref-68-36-1.jpg
1140603707	/f/e/feutre-de-dessin-stabilo-pen-68-vert-emeraude-stabilo-ref-68-36-2.jpg
1140603708	/f/e/feutre-de-dessin-stabilo-pen-68-rose-fonce-stabilo-ref-68-56-1.jpg
1140603708	/f/e/feutre-de-dessin-stabilo-pen-68-rose-fonce-stabilo-ref-68-56-2.jpg
1140603709	/f/e/feutre-de-dessin-stabilo-pen-68-chair-clair-stabilo-ref-68-26-1.jpg
1140603709	/f/e/feutre-de-dessin-stabilo-pen-68-chair-clair-stabilo-ref-68-26-2.jpg
1140603710	/f/e/feutre-de-dessin-stabilo-pen-68-outremer-stabilo-ref-68-32-1.jpg
1140603710	/f/e/feutre-de-dessin-stabilo-pen-68-outremer-stabilo-ref-68-32--2.jpg
1140603711	/f/e/feutre-de-dessin-stabilo-pen-68-vert-de-glace-stabilo-ref-68-13-1.jpg
1140603711	/f/e/feutre-de-dessin-stabilo-pen-68-vert-de-glace-stabilo-ref-68-13-2.jpg
1140603712	/f/e/feutre-de-dessin-stabilo-pen-68-rouge-clair-stabilo-ref-68-40-1.jpg
1140603712	/f/e/feutre-de-dessin-stabilo-pen-68-rouge-clair-stabilo-ref-68-40-2.jpg
1140603713	/f/e/feutre-de-dessin-stabilo-pen-68-violet-stabilo-ref-68-55-1.jpg
1140603713	/f/e/feutre-de-dessin-stabilo-pen-68-violet-stabilo-ref-68-55-2.jpg
1140603714	/f/e/feutre-de-dessin-stabilo-pen-68-vert-clair-stabilo-ref-68-33-1.jpg
1140603714	/f/e/feutre-de-dessin-stabilo-pen-68-vert-clair-stabilo-ref-68-33-2.jpg
1140603715	/f/e/feutre-de-dessin-stabilo-pen-68-pourpre-stabilo-ref-68-19.jpg
1140603715	/f/e/feutre-de-dessin-stabilo-pen-68-pourpre-stabilo-ref-68-19-2.jpg
1140603716	/f/e/feutre-de-dessin-stabilo-pen-68-rose-stabilo-ref-68-29-1.jpg
1140603716	/f/e/feutre-de-dessin-stabilo-pen-68-rose-stabilo-ref-68-29-2.jpg
1140603717	/f/e/feutre-de-dessin-stabilo-pen-68-bleu-clair-stabilo-ref-68-31-1.jpg
1140603717	/f/e/feutre-de-dessin-stabilo-pen-68-bleu-clair-stabilo-ref-68-31-2.jpg
1140603718	/f/e/feutre-de-dessin-stabilo-pen-68-jaune-stabilo-ref-68-44-1.jpg
1140603718	/f/e/feutre-de-dessin-stabilo-pen-68-jaune-stabilo-ref-68-44-2.jpg
1140603732	/f/e/feutre-de-dessin-stabilo-pen-68-brun-stabilo-ref-68-45-1.jpg
1140603732	/f/e/feutre-de-dessin-stabilo-pen-68-brun-stabilo-ref-68-45-2.jpg
1140603733	/f/e/feutre-de-dessin-stabilo-pen-68-rouge-fonce-stabilo-ref-68-50-1.jpg
1140603733	/f/e/feutre-de-dessin-stabilo-pen-68-rouge-fonce-stabilo-ref-68-50-2.jpg
1140603734	/f/e/feutre-de-dessin-stabilo-pen-68-turquois-stabilo-ref-68-51-1.jpg
1140603734	/f/e/feutre-de-dessin-stabilo-pen-68-turquois-stabilo-ref-68-51_2.jpg
1140603735	/f/e/feutre-de-dessin-stabilo-pen-68-orange-stabilo-ref-68-54-1.jpg
1140603735	/f/e/feutre-de-dessin-stabilo-pen-68-orange-stabilo-ref-68-54-2.jpg
1140603736	/f/e/feutre-de-dessin-stabilo-pen-68-bleu-azur-stabilo-ref-68-57-1.jpg
1140603736	/f/e/feutre-de-dessin-stabilo-pen-68-bleu-azur-stabilo-ref-68-57-2.jpg
1140603737	/f/e/feutre-de-dessin-stabilo-pen-68-lilas-stabilo-ref-68-58-1.jpg
1140603737	/f/e/feutre-de-dessin-stabilo-pen-68-lilas-stabilo-ref-68-58-2.jpg
1140603738	/f/e/feutre-de-dessin-stabilo-pen-68-ocre-fonce-stabilo-ref-68-89.jpg
1140603738	/f/e/feutre-de-dessin-stabilo-pen-68-ocre-fonce-stabilo-ref-68-89_2.jpg
1140603739	/f/e/feutre-de-dessin-stabilo-pen-68-gris-clair-stabilo-ref-68-94.jpg
1140603739	/f/e/feutre-de-dessin-stabilo-pen-68-gris-clair-stabilo-ref-68-94-2.jpg
1140603740	/f/e/feutre-pen-68-en-pochette-de-06-pcs-stabilo-ref-6806-pl.jpg
1140603741	/f/e/feutre-pen-68-en-pochette-de-20-pcs-stabilo-ref-6820-pl.jpg
1140603741	/f/e/feutre-pen-68-en-pochette-stabilo_2.jpg
1140603741	/f/e/feutre-pen-68-en-pochette-stabilo_3.jpg
1140603741	/f/e/feutre-pen-68-en-pochette-stabilo_4.jpg
1140603741	/f/e/feutre-pen-68-en-pochette-stabilo_5.jpg
1140603741	/f/e/feutre-pen-68-en-pochette-stabilo_6.jpg
1140603741	/f/e/feutre-pen-68-en-pochette-stabilo_9.jpg
1140603741	/f/e/feutre-pen-68-en-pochette-stabilo_10.jpg
1140603741	/f/e/feutre-pen-68-en-pochette-stabilo_7.jpg
1140603741	/f/e/feutre-pen-68-en-pochette-stabilo_8.jpg
1140603741	/f/e/feutre-pen-68-en-pochette-stabilo_11.jpg
1140603741	/f/e/feutre-pen-68-en-pochette-stabilo_12.jpg
1140603741	/f/e/feutre-pen-68-en-pochette-stabilo_13.jpg
1140603743	/f/e/feutre-pen-68-en-pochette-de-08-pcs-stabilo-ref-68-8-01.jpg
1140603745	/t/a/taille-crayons-pour-crayons-de-couleurs-carbothello-stabilo-ref-4514-20.jpg
1140604005	/p/r/prglprlgorlgogor.jpg
1140604005	/p/o/poiieiee.jpg
1140604005	/u/r/urjnfrnfurlr.jpg
1140604005	/e/a/eaazzaz.jpg
1140604005	/f/v/fvfevevrerc.jpg
1140604005	/s/a/sans_titre-1.jpg
1140604006	/c/r/crayons-de-couleur-easycolors-pour-droitiers-en-pochette-de-6-pieces-stabilo-ref-332-6-1.jpg
1140604006	/c/r/crayons-de-couleur-easycolors-pour-droitiers-en-pochette-de-6-pieces-stabilo-ref-332-6-2.jpg
1140604006	/c/r/crayons-de-couleur-easycolors-pour-droitiers-en-pochette-de-6-pieces-stabilo-ref-332-6-4.jpg
1140604006	/c/r/crayons-de-couleur-easycolors-pour-droitiers-en-pochette-de-6-pieces-stabilo-ref-332-6-3.jpg
1140604006	/c/r/crayons-de-couleur-easycolors-pour-droitiers-en-pochette-de-6-pieces-stabilo-ref-332-6-5.jpg
1140604006	/c/r/crayons-de-couleur-easycolors-pour-droitiers-en-pochette-de-6-pieces-stabilo-ref-332-6-6.jpg
1140604006	/c/r/crayons-de-couleur-easycolors-pour-droitiers-en-pochette-de-6-pieces-stabilo-ref-332-6-7.jpg
1140604006	/c/r/crayons-de-couleur-easycolors-pour-droitiers-en-pochette-de-6-pieces-stabilo-ref-332-6-8.jpg
1140604006	/c/r/crayons-de-couleur-easycolors-pour-droitiers-en-pochette-de-6-pieces-stabilo-ref-332-6-9.jpg
1140604006	/c/r/crayons-de-couleur-easycolors-pour-droitiers-en-pochette-de-6-pieces-stabilo-ref-332-6-10.jpg
1140604006	/c/r/crayons-de-couleur-easycolors-pour-droitiers-en-pochette-de-6-pieces-stabilo-ref-332-6-11.jpg
1140604653	/s/t/stylo-a-bille-ice-bleu-corps-translucide-maped-ref-224430_1.jpg
1140604653	/s/t/stylo-a-bille-ice-bleu-corps-translucide-maped-ref-224430_2.jpg
1140605428	/c/r/crayons-couleurs-mini-de-06-couleurs-maped-ref-832501-0.jpg
1140605481	/f/e/feutre-pointe-fine-point-88-jaune-citron-stabilo-ref-88-24.jpg
1140605481	/f/e/feutre-pointe-fine-point-88-jaune-citron-stabilo-ref-88-24-2.jpg
1140605482	/f/e/feutre-pointe-fine-point-88-rose-fluo-stabilo-ref-88-056.jpg
1140605482	/f/e/feutre-pointe-fine-point-88-rose-fluo-stabilo-ref-88-056-1.jpg
1140605483	/f/e/feutre-pointe-fine-point-88-orange-fluo-stabilo-ref-88-054.jpg
1140605483	/f/e/feutre-pointe-fine-point-88-orange-fluo-stabilo-ref-88-054-1.jpg
1140605484	/f/e/feutre-pointe-fine-point-88-rouge-clair-stabilo-ref-88-40-1.jpg
1140605484	/f/e/feutre-pointe-fine-point-88-rouge-clair-stabilo-ref-88-40-2.jpg
1140605485	/f/e/feutre-pointe-fine-point-88-jaune-fluo-stabilo-ref-88-024-1.jpg
1140605485	/f/e/feutre-pointe-fine-point-88-jaune-fluo-stabilo-ref-88-024-2_1.jpg
1140605486	/f/e/feutre-pointe-fine-point-88-vert-fluo-stabilo-ref-88-033.jpg
1140605487	/f/e/feutre-pointe-fine-point-88-rouge-bruyere-stabilo-ref-88-17.jpg
1140605487	/f/e/feutre-pointe-fine-point-88-rouge-bruyere-stabilo-ref-88-17-2.jpg
1140605488	/f/e/feutre-pointe-fine-point-88-gris-tres-fonce-stabilo-ref-88-97-1.jpg
1140605488	/f/e/feutre-pointe-fine-point-88-gris-tres-fonce-stabilo-ref-88-97-2.jpg
1140605489	/f/e/feutre-pointe-fine-point-88-carmin-stabilo-ref-88-48.jpg
1140605489	/f/e/feutre-pointe-fine-point-88-carmin-stabilo-ref-88-48-1.jpg
1140605490	/f/e/feutre-pointe-fine-point-88-poupre-stabilo-ref-88-19.jpg
1140605490	/f/e/feutre-pointe-fine-point-88-poupre-stabilo-ref-88-19-2.jpg
1140605491	/f/e/feutre-pointe-fine-point-88-ocre-claire-stabilo-ref-88-88-1.jpg
1140605491	/f/e/feutre-pointe-fine-point-88-ocre-claire-stabilo-ref-88-88-2.jpg
1140605492	/f/e/feutre-pointe-fine-point-88-bleu-clair-stabilo-ref-88-31.jpg
1140605492	/f/e/feutre-pointe-fine-point-88-bleu-clair-stabilo-ref-88-31-1.jpg
1140605493	/f/e/feutre-pointe-fine-point-88-bleu-de-cobalt-clair-stabilo-ref-88-11_1.jpg
1140605493	/f/e/feutre-pointe-fine-point-88-bleu-de-cobalt-clair-stabilo-ref-88-11-1_1.jpg
1140605494	/f/e/feutre-pointe-fine-point-88-vert-emeraude-clair-stabilo-ref-88-16.jpg
1140605494	/f/e/feutre-pointe-fine-point-88-vert-emeraude-clair-stabilo-ref-88-16-1.jpg
1140605495	/f/e/feutre-pointe-fine-point-88-terre-dombre-stabilo-ref-88-65-1.jpg
1140605495	/f/e/feutre-pointe-fine-point-88-terre-dombre-stabilo-ref-88-65-2.jpg
1140605496	/f/e/feutre-pointe-fine-point-88-bleu-fluo-stabilo-ref-88-031.jpg
1140605496	/f/e/feutre-pointe-fine-point-88-bleu-fluo-stabilo-ref-88-031-1.jpg
1140605497	/f/e/feutre-pointe-fine-point-88-gris-de-payne-stabilo-ref-88-98.jpg
1140605497	/f/e/feutre-pointe-fine-point-88-gris-de-payne-stabilo-ref-88-98-2.jpg
1140605498	/f/e/feutre-pointe-fine-point-88-vermillon-clair-stabilo-ref-88-30.jpg
1140605498	/f/e/feutre-pointe-fine-point-88-vermillon-clair-stabilo-ref-88-30-1.jpg
1140605499	/f/e/feutre-pointe-fine-point-88-sanguine-stabilo-ref-88-38.jpg
1140605499	/f/e/feutre-pointe-fine-point-88-sanguine-stabilo-ref-88-38-1.jpg
1140605717	/f/e/feutre-pointe-fine-point-88-sienne-brulee-stabilo-ref-88-75-1.jpg
1140605717	/f/e/feutre-pointe-fine-point-88-sienne-brulee-stabilo-ref-88-75-2.jpg
1140605786	/g/o/gomme-essentials-soft-medium-maped-ref-049411-0.jpg
1140605787	/g/o/gomme-plast-technic-pulse-maped-ref-113050-1.jpg
1140605787	/g/o/gomme-plast-technic-pulse-maped-ref-113050-2.jpg
1140605788	/g/o/gomme-plast-technic-pulse-maped-ref-116050-1.jpg
1140605788	/g/o/gomme-plast-technic-pulse-maped-ref-116050-2.jpg
1140605791	/r/e/regle-twistnflex-decor-20cm-en-sachet-maped-ref-279215-3.jpg
1140605791	/r/e/regle-twistnflex-decor-20cm-en-sachet-maped-ref-279215-2.jpg
1140605791	/r/e/regle-twistnflex-decor-20cm-en-sachet-maped-ref-279215-1.jpg
1140605791	/r/e/regle-twistnflex-decor-20cm-en-sachet-maped-ref-279215-0.jpg
1140605791	/r/e/regle-twistnflex-decor-20cm-en-sachet-maped-ref-279215-5.jpg
1140605791	/r/e/regle-twistnflex-decor-20cm-en-sachet-maped-ref-279215-4.jpg
1140605792	/r/e/regle-twistnflex-decor-30cm-en-sachet-maped-ref-279315-3.jpg
1140605792	/r/e/regle-twistnflex-decor-30cm-en-sachet-maped-ref-279315-1.jpg
1140605792	/r/e/regle-twistnflex-decor-30cm-en-sachet-maped-ref-279315-2.jpg
1140605792	/r/e/regle-twistnflex-decor-30cm-en-sachet-maped-ref-279315-0.jpg
1140605792	/r/e/regle-twistnflex-decor-30cm-en-sachet-maped-ref-279315-4.jpg
1140605809	/c/r/crayons-couleurs-colorpeps-duo-de-18-couleurs-maped-ref-829601-0.jpg
1140605809	/c/r/crayons-couleurs-colorpeps-duo-de-18-couleurs-maped-ref-829601-1.jpg
1140605813	/c/r/crayons-couleurs-colorpeps-duo-de-24-couleurs-maped-ref-829602-0.jpg
1140605813	/c/r/crayons-couleurs-colorpeps-duo-de-24-couleurs-maped-ref-829602-1.jpg
1140605814	/c/r/crayons-couleurs-colorpeps-animal-maped--0.jpg
1140605814	/c/r/crayons-couleurs-colorpeps-animal-de-12-couleurs-maped-ref-832212-1.jpg
1140605815	/c/r/crayons-couleurs-colorpeps-animal-de-24-couleurs-maped-ref-832224-0.jpg
1140605815	/c/r/crayons-couleurs-colorpeps-animal-de-24-couleurs-maped-ref-832224-1.jpg
1140605843	/8/3/832752_imresizer.jpg
1140605844	/c/r/crayons-de-couleur-jumbo-x12-pulse-boite-carton-maped-ref-834352-1.jpg
1140605844	/c/r/crayons-de-couleur-jumbo-x12-pulse-boite-carton-maped-ref-834352-2.jpg
1140605847	/c/r/crayons-de-couleur-plast-color-x12-pulse-maped-ref-862252.jpg
1140605847	/c/r/crayons-de-couleur-plast-color-x12-pulse-maped-ref-862252-2.jpg
1140605848	/c/r/crayons-de-couleur-plast-color-x24-pulse-maped-ref-862254-1.jpg
1140605848	/c/r/crayons-de-couleur-plast-color-x24-pulse-maped-ref-862254-2.jpg
1140605849	/b/a/baby-crayons-de-06-colorpeps-sous-blister-maped-ref-863106-0.jpg
1140605853	/m/a/marqueur-peinture-effacable-pochette-de-4-couleurs-maped-ref-743547_1.jpg
1140605853	/m/a/marqueur-peinture-effacable-pochette-de-4-couleurs-maped-ref-743547_2.jpg
1140605853	/m/a/marqueur-peinture-effacable-pochette-de-4-couleurs-maped-ref-743547_4.jpg
1140605853	/m/a/marqueur-peinture-effacable-pochette-de-4-couleurs-maped-ref-743547_3.jpg
1140605853	/m/a/marqueur-peinture-effacable-pochette-de-4-couleurs-maped-ref-743547_5.jpg
1140605904	/c/a/cahier-pique-192-pages-a4-seyes-70g-maped-ref-9339-0.jpg
1140605904	/c/a/cahier-pique-192-pages-a4-seyes-70g-maped-ref-9339-1.jpg
1140605904	/c/a/cahier-pique-192-pages-a4-seyes-70g-maped-ref-9339-2.jpg
1140605904	/c/a/cahier-pique-192-pages-a4-seyes-70g-maped-ref-9339-3.jpg
1140605921	/c/a/cahier-spiral-17cmx22cm-seyes-70g-96-pages-maped-ref-9394-4.jpg
1140605921	/c/a/cahier-spiral-17cmx22cm-seyes-70g-96-pages-maped-ref-9394-5.jpg
1140605921	/c/a/cahier-spiral-17cmx22cm-seyes-70g-96-pages-maped-ref-9394-3.jpg
1140605921	/c/a/cahier-spiral-17cmx22cm-seyes-70g-96-pages-maped-ref-9394-1.jpg
1140605922	/c/a/cahier-spiral-17cmx22cm-seyes-70g-120-pages-maped-ref-9395-0.jpg
1140605922	/c/a/cahier-spiral-17cmx22cm-seyes-70g-120-pages-maped-ref-9395-1.jpg
1140605922	/c/a/cahier-spiral-17cmx22cm-seyes-70g-120-pages-maped-ref-9395-2.jpg
1140605922	/c/a/cahier-spiral-17cmx22cm-seyes-70g-120-pages-maped-ref-9395-3.jpg
1140605922	/c/a/cahier-spiral-17cmx22cm-seyes-70g-120-pages-maped-ref-9395-4.jpg
1140605922	/c/a/cahier-spiral-17cmx22cm-seyes-70g-120-pages-maped-ref-9395-5.jpg
1140606696	/p/e/peinture_vitrail_de_45ml_jaune_soleil_pebeo_ref_50041.jpg
1140607340	/c/a/calculatrice-a-ruban-12-chiffres-blanche-casio-ref-dr-120r-we-e-dc-1.jpg
1140607340	/c/a/calculatrice-a-ruban-12-chiffres-blanche-casio-ref-dr-120r-we-e-dc-0.jpg
1140607341	/c/a/calculatrice-a-ruban-casio-ref-fr-2650rc-d-dc-1.jpg
1140607341	/c/a/calculatrice-a-ruban-casio-ref-fr-2650rc-d-dc-0.jpg
1140607342	/c/a/calculatrice-de-poche-rose-casio-ref-hl-815l-pk-s-dp-0.jpg
1140607343	/b/a/bagues-thermo-retractables-label-it-09mm-casio-ref-xr-9hswe-w-dh-0.jpg
1140607345	/c/a/calculatrice-de-poche-bleu-casio-ref-hl-815l-bu-s-dp-0.jpg
1140607354	/b/a/bagues-thermo-retractables-etiqueteuse-label-it-casio--0.jpg
1140607355	/r/u/ruban-adhesif-haute-resistance-etiqueteuse-label-it-casio--0.jpg
1140607356	/r/u/ruban-adhesif-haute-resistance-label-it-18mm-casio-ref-xr-18gwe-w-dj-0.jpg
1140607357	/r/u/ruban-magnetiques-label-it-24mm-casio-ref-xr-24jwe-w-dj-0.jpg
1140607367	/c/a/calculatrice-de-bureau-12-chiffres-blanche-casio-ref-dh-12-we-1.jpg
1140607367	/c/a/calculatrice-de-bureau-12-chiffres-blanche-casio-ref-dh-12-we-0.jpg
1140607496	/s/a/sac-a-dos-techno-ref-4563-1_2.jpg
1140607496	/s/a/sac-a-dos-techno-ref-4563-2_1.jpg
1140607496	/s/a/sac-a-dos-techno-ref-4563-3_1.jpg
1140607500	/s/a/sac-a-dos-rose-techno-ref-4567-2_1.jpg
1140607500	/s/a/sac-a-dos-rose-techno-ref-4567.jpg
1140607500	/s/a/sac-a-dos-rose-techno-ref-4567-3.jpg
1140607796	/s/a/sac-a-dos-avec-compartiment-laptop-campfire-tiger-family-ref-1883-f-0.jpg
1140608134	/c/o/colle-stick-08_2g-uhu-ref-60-0.jpg
1140608134	/c/o/colle-stick-08_2g-uhu-ref-60-2_2.jpg
1140608134	/c/o/colle-stick-08_2g-uhu-ref-60-3_2.jpg
1140608134	/c/o/colle-stick-uhu--1_2.jpg
1140608134	/c/o/colle-stick-uhu--0_2.jpg
1140608135	/c/e/cerne_setacolor_3d_20ml_gloss_rose_sucre_pebeo_ref_557004.jpg
1140608227	/p/a/papier-a4-extra-blanc-80g-250f-papillon-techno-ref-9417-0.jpg
1140608227	/p/a/papier-a4-extra-blanc-80g-250f-papillon-techno-ref-9417-1.jpg
1140608267	/s/a/sac-a-dos-a-roulettes-paw-patrol-16--techno-ref-4579-3.jpg
1140608267	/s/a/sac-a-dos-a-roulettes-paw-patrol-16--techno-ref-4579.jpg
1140608274	/s/u/surligneur-en-pochette-4-pieces-win-techno-ref-4604.jpg
1140608281	/m/o/mousse-adhesive-ballons-blister-de-72-pieces-techno-ref-4616.jpg
1140608283	/p/a/papier-mousse-adhesive-paillete-a4-paquet-de-10-couleurs-techno-ref-4618-0.jpg
1140608284	/p/a/papier-mousse-adhesive-a4-paquet-de-10-couleurs-techno-ref-4619-0.jpg
1140608285	/m/o/mousse-adhesive-smiley-pm-techno-ref-4620.jpg
1140608286	/m/o/mousse-adhesive-smiley-gm-techno-ref-4621.jpg
1140608287	/m/o/mousse-adhesive-etoiles-techno-ref-4622-0.jpg
1140608288	/m/o/mousse-adhesive-etoiles-techno-ref-4623-0.jpg
1140608289	/m/o/mousse-adhesive-fleurs-sous-blister-de-12-pieces-techno-ref-4624-0.jpg
1140608290	/y/e/yeux-remuants-techno-ref-4625-0_1.jpg
1140608291	/y/e/yeux-remuants-couleurs-techno-ref-4626-0.jpg
1140608293	/f/i/fil-chenille-sous-blister-de-30-pieces-uni-techno-ref-4628-0.jpg
1140608294	/f/i/fil-chenille-sous-blister-de-30-pieces-bicolor-techno-ref-4629-0.jpg
1140608295	/f/i/fil-chenille-sous-blister-de-30-pieces-techno--0.jpg
1140608296	/p/o/pompon-boules-couleurs-sous-blister-de-70-pieces-techno-ref-4631-0.jpg
1140608297	/p/o/pompon-boules-couleurs-metallique-sous-blister-de-72-pieces-techno-ref-4632-0.jpg
1140608303	/p/r/protege-livre-adhesif-36x50cm-bleu-paquet-10p-techno-ref-4674.jpg
1140608304	/p/r/protege-livre-adhesif-36x50cm-vert-paquet-10p-techno-ref-4675.jpg
1140608305	/p/r/protege-livre-adhesif-36x50cm-rouge-paquet-10p-techno-ref-4676.jpg
1140608306	/p/r/protege-livre-adhesif-36x50cm-jaune-paquet-10-techno-ref-4677.jpg
1140608307	/p/r/protege-livre-adhesif-36x50cm-rose-paquet-10p-techno-ref-4678.jpg
1140608311	/s/a/sac-a-gouter-paw-patrol-techno-ref-4656-0.jpg
1140608311	/s/a/sac-a-gouter-paw-patrol-techno-ref-4656-1.jpg
1140608311	/s/a/sac-a-gouter-paw-patrol-techno-ref-4656-2.jpg
1140608312	/f/e/feuillets-mobiles-perfores-blanc-a4-uni-70g-pchet-de-25-f-techno-ref-9415-0.jpg
1140608313	/f/e/feuillets-mobiles-perfores-blanc-a4-techno--0.jpg
1140608837	/c/a/carnet-a6-techno-ref-4635-0_1.jpg
1140608837	/c/a/carnet-a6-techno-ref-4635-1_1.jpg
1140608837	/c/a/carnet-a6-techno-ref-4635-2_1.jpg
1140608837	/c/a/carnet-a6-techno-ref-4635-3_1.jpg
1140608839	/p/i/pinceaux-en-bois-sous-carte-de-05-pieces-rond-techno-ref-4645-0.jpg
1140608840	/p/i/pinceaux-s_carte-5-pcs-techno-ref-4646.jpg
1140608841	/p/i/pinceaux-avec-grippe-sous-carte-de-05-pieces-techno-ref-4647-0.jpg
1140608843	/c/a/carnet-a-reliure-avec-porte-cle-techno-ref-4634.jpg
1140608843	/c/a/carnet-a-reliure-avec-porte-cle-techno-ref-4634_1.jpg
1140608848	/c/r/crayon-graphite-hexagonal-hb2-6pcs-s_carte-techno-ref-4649-3.jpg
1140608852	/m/a/marqueur-de-coloriage-couleurs-metaliques-pochette-6-techno-ref-4559-1.jpg
1140608852	/m/a/marqueur-de-coloriage-couleurs-metaliques-pochette-6-techno-ref-4559-2.jpg
1140608855	/s/t/stylo-gel-softy-retractable-noir-techno-ref-4672.jpg
1140608855	/s/t/stylo-gel-softy-retractable-techno-3_1_1.jpg
1140608879	/p/i/pinceaux-en-bois-sous-carte-de-06-pieces-techno-ref-4642-0.jpg
1140608880	/p/i/pinceaux-en-bois-sous-carte-de-12-pieces-techno-ref-4643-0.jpg
1140608881	/p/i/pinceaux-en-bois-sous-carte-de-06-pieces-techno-ref-4644-0.jpg
1140609029	/s/t/stylo-gel-softy-retractable-bleu-techno-ref-4673_1.jpg
1140609029	/s/t/stylo-gel-softy-retractable-techno-3_1.jpg
1140609135	/s/p/spalters-polyamide-brun-pochette-2pcs-n_75_100--pebeo-ref-950751.jpg
1140609814	/d/r/drawing-gum-marqueur-0_7-mm-pebeo-ref-033101_0.jpeg
1140609814	/d/r/drawing-gum-marqueur-0_7-mm-pebeo-ref-033101_1.jpg
1140609814	/d/r/drawing-gum-marqueur-0_7-mm-pebeo-ref-0331018_2.jpg
1140610221	/b/l/bloc-notes-colle-noty-quadrille-5x5-a4-50f-techno-ref-9403-0.jpg
1140610222	/b/l/bloc-notes-colle-noty-quadrille-5x5-a5-50f-techno-ref-9404-0.jpg
1140610224	/b/l/bloc-notes-colle-noty-quadrille-5x5-a6-50f-techno-ref-9405-0.jpg
1140610477	/m/a/marqueur-permanent-marky-bleu-techno-ref-4680-0.jpg
1140610477	/m/a/marqueur-permanent-marky-bleu-techno-ref-4680-1.jpg
1140610478	/m/a/marqueur-permanent-marky-noir-techno-ref-4681-0.jpg
1140610479	/m/a/marqueur-permanent-marky-vert-techno-ref-4682-0.jpg
1140610480	/m/a/marqueur-permanent-marky-rouge-techno-ref-4683-0.jpg
1140610483	/p/o/pochette-enveloppe-a4-150-microne-vert-techno-ref-4717-0.jpg
1140610484	/p/o/pochette-enveloppe-a4-150-microne-rouge-techno-ref-4718-0.jpg
1140610485	/c/a/cahier-pique-17cmx22cm-seyes-70g-64-pages-techno-ref-9356-5.jpg
1140610485	/c/a/cahier-pique-17cmx22cm-seyes-70g-64-pages-techno-ref-9356-1.jpg
1140610485	/c/a/cahier-pique-17cmx22cm-seyes-70g-64-pages-techno-ref-9356-2.jpg
1140610485	/c/a/cahier-pique-17cmx22cm-seyes-70g-64-pages-techno-ref-9356-3.jpg
1140610485	/c/a/cahier-pique-17cmx22cm-seyes-70g-64-pages-techno-ref-9356-4.jpg
1140610485	/c/a/cahier-pique-17cmx22cm-seyes-70g-64-pages-techno-ref-9356-6.jpg
1140610485	/c/a/cahier-pique-17cmx22cm-seyes-70g-64-pages-techno-ref-9356-7.jpg
1140610486	/p/o/pochette-enveloppe-a4-150-microne-transparente-techno-ref-4719-0.jpg
1140610487	/p/o/pochette-enveloppe-a4-150-microne-bleue-techno-ref-4720-0.jpg
1140610573	/c/a/cahier-travaux-pratiques-pique-17cmx22cm-seyes-70g-120-pages-maped-ref-9443-0.jpg
1140610639	/p/o/pochette-perforee-grain-35-mic-paquet-de-100-techno-ref-4703-0.jpg
1140610661	/p/o/pochette-enveloppe-a4-150-microne-jaune-techno-ref-4721-0.jpg
1140610738	/c/h/chariot-chrome-avec-porte-bebe-100l-marsanz-ref-cascp10002_1_1.jpg
1140610739	/c/h/chariot-multigrip-100l-avec-porte-bouteille-rouge-marsanz-ref-cpmasp1002b_00.jpg
1140610740	/c/h/chariot-multigrip-100l-avec-porte-bouteille-jaune-marsanz-ref-cpmasp1002b_01.jpg
1140610741	/c/h/chariot-multigrip-100l-avec-porte-bouteille-gris-marsanz-ref-cpmasp1002b_02.jpg
1140610854	/y/e/yeux-remuants-noir-et-blanc-5-mm-folia-ref-750005.jpg
1140610855	/y/e/yeux-remuants-noir-et-blanc-7-mm-folia-ref-750007.jpg
1140610856	/y/e/yeux-remuants-noir-et-blanc-10-mm-folia-ref-750010.jpg
1140610857	/y/e/yeux-remuants-noir-et-blanc-12-mm-folia-ref-750012.jpg
1140610858	/y/e/yeux-remuants-noir-et-blanc-14-mm-folia-ref-750014.jpg
1140610859	/y/e/yeux-remuants-couleurs-folia-ref-7510.jpg
1140610863	/c/o/coffret-de-quilling-plantes-et-animaux-167-pcs-folia-ref-12829-folia-ref-12829.jpg
1140611136	/p/a/papier-feutrine-pqt-10-pcs-jaune-banane-20x30cm-150g-m-folia-ref-520414.jpg
1140611137	/p/a/papier-feutrine-pqt-10-pcs-bleu-pacific-20x30cm-150-folia-ref-520432.jpg
1140611138	/p/a/papier-feutrine-pqt-10-pcs-noir-20x30cm-150-g-m-folia-ref-520490.jpg
1140611623	/m/a/machine-a-plastifier-a4-techno-ref-4755.jpg
1140611623	/m/a/machine-a-plastifier-a4-techno-ref-4755-2.jpg
1140611624	/m/a/machine-a-plastifier-a3-techno-ref-4756.jpg
1140611624	/m/a/machine-a-plastifier-a3-techno-ref-4756-2.jpg
1140611638	/d/e/destructeur-documents-d-25-techno-ref-4757.jpg
1140611638	/d/e/destructeur-documents-d-25-techno-ref-4757-2.jpg
1140611639	/d/e/destructeur-documents-c-35-techno-ref-4758.jpg
1140611639	/d/e/destructeur-documents-c-35-techno-ref-4758-2.jpg
1140611640	/d/e/destructeur-documents-c-310-cd-carte-magn-techno-ref-4759.jpg
1140611640	/d/e/destructeur-documents-c-310-cd-carte-magn-techno-ref-4759-2.jpg
1140611641	/d/e/destructeur-documents-c-48-cd-carte-magn-techno-ref-4760.jpg
1140611641	/d/e/destructeur-documents-c-48-cd-carte-magn-techno-ref-4760-2.jpg
1140611642	/d/e/destructeur-documents-c-312-techno-ref-4761.jpg
1140611643	/d/e/destructeur-documents-c-35-avec-cd-carte-magn-techno-ref-4762.jpg
1140611643	/d/e/destructeur-documents-c-35-avec-cd-carte-magn-techno-ref-4762-2.jpg
1140611649	/j/e/jeux-de-carte-cats-family-nume-cats-junior-techno-ref-9427-0.jpg
1140611650	/j/e/jeux-de-carte-cats-family-addi-cats-techno-ref-9429-0.jpg
1140611651	/j/e/jeux-de-carte-cats-family-nume-cats-techno-ref-9430-0.jpg
1140611652	/j/e/jeux-de-carte-cats-family-la-ronde-des-emotions-techno-ref-9434-0.jpg
1140611653	/j/e/jeux-de-carte-cats-family-grammi-cats-1-techno-ref-9436-0.jpg
1140611654	/j/e/jeux-de-carte-cats-family-ortho-cats-3-techno-ref-9438-0.jpg
1140611655	/j/e/jeux-de-carte-cats-family-conju-cats-techno-ref-9439-0.jpg
1140611656	/j/e/jeux-de-carte-cats-family-multipli-cats-techno-ref-9450-0.jpg
1140611657	/j/e/jeux-de-carte-cats-family-la-peche-aux-mots-techno-ref-9451-0.jpg
1140611664	/e/t/etiquettes-glam-rocks-hearts-and-stars-herma-ref-5042-0.jpg
1140611665	/e/t/etiquettes-glam-rocks-diamonds-red-et-silver-herma-ref-15436-0.jpg
1140611666	/e/t/etiquettes-glam-rocks-diamonds-black-et-white-herma-ref-15431-0.jpg
1140611672	/e/t/etiquettes-glam-rocks-diamonds-mint-et-light-blue-herma-ref-15433-0.jpg
1140611684	/e/t/etiquettes-glam-rocks-diamonds-purple-et-silver-herma-ref-15434-0.jpg
1140611704	/e/t/etiquettes-magiques-funny-cars-film-herma-ref-15464-0.jpg
1140611705	/e/t/etiquettes-magiques-petits-amis-soie-herma-ref-15466-0.jpg
1140611715	/e/t/etiquettes-glam-rocks-i-butterfly-herma-ref-15437-0.jpg
1140611716	/e/t/etiquettes-glam-rocks-diamonds-dark-blue-et-light-blue-herma-ref-15435-0.jpg
1140611717	/e/t/etiquettes-glam-rocks-diamonds-gold-et-silver-herma-ref-15432-0.jpg
1140611766	/s/u/surligneur-boss-pastel-orange-pastel-stabilo-ref-70-126-2.jpg
1140611766	/s/u/surligneur-boss-pastel-orange-pastel-stabilo-ref-70-126-0.jpg
1140611767	/s/u/surligneur-boss-pastel-en-pochette-04-couleurs-stabilo-ref-70-4-2-0.jpg
1140611768	/s/u/surligneur-boss-pastel-en-pochette-06-couleurs-stabilo-ref-70-6-2-0.jpg
1140611769	/s/u/surligneur-boss-pastel-vert-pastel-stabilo-ref-70-116-0.jpg
1140611769	/s/u/surligneur-boss-pastel-vert-pastel-stabilo-ref-70-116-2.jpg
1140611770	/s/u/surligneur-boss-pastel-violet-pastel-stabilo-ref-70-155-0.jpg
1140611770	/s/u/surligneur-boss-pastel-violet-pastel-stabilo-ref-70-155-2.jpg
1140611771	/s/u/surligneur-boss-pastel-jaune-pastel-stabilo-ref-70-144-0.jpg
1140611771	/s/u/surligneur-boss-pastel-jaune-pastel-stabilo-ref-70-144-2.jpg
1140611772	/s/u/surligneur-boss-pastel-rose-pastel-stabilo-ref-70-129-2.jpg
1140611772	/s/u/surligneur-boss-pastel-rose-pastel-stabilo-ref-70-129-0.jpg
1140611773	/s/u/surligneur-boss-pastel-bleu-pastel-stabilo-ref-70-113-0.jpg
1140611773	/s/u/surligneur-boss-pastel-bleu-pastel-stabilo-ref-70-113-2.jpg
1140611776	/f/e/feutre-pointe-fine-88-mini-colorful-ideas-presentoir-12-pcs-stabilo-ref-77-5-688-6_3.jpg
1140611776	/f/e/feutre-pointe-fine-88-mini-colorful-ideas-presentoir-12-pcs-stabilo-ref-77-5-688-6_2.jpg
1140611776	/f/e/feutre-pointe-fine-88-mini-colorful-ideas-presentoir-12-pcs-stabilo-ref-77-5-688-6_1.jpg
1140611776	/f/e/feutre-pointe-fine-88-mini-colorful-ideas-presentoir-12-pcs-stabilo-ref-77-5-688-6_6.jpg
1140611776	/f/e/feutre-pointe-fine-88-mini-colorful-ideas-presentoir-12-pcs-stabilo-ref-77-5-688-6_4.jpg
1140611776	/f/e/feutre-pointe-fine-88-mini-colorful-ideas-presentoir-12-pcs-stabilo-ref-77-5-688-6_5.jpg
1140611778	/f/e/feutre-pointe-fine-point-88-neon-en-pochette-de-6-pcs-stabilo-ref-88-6-1_1.jpg
1140611778	/f/e/feutre-pointe-fine-point-88-neon-en-pochette-de-6-pcs-stabilo-ref-88-6-1_2.png
1140611778	/f/e/feutre-pointe-fine-point-88-neon-en-pochette-stabilo_2_1.jpg
1140611778	/f/e/feutre-pointe-fine-point-88-neon-en-pochette-stabilo_3_1.jpg
1140611778	/f/e/feutre-pointe-fine-point-88-neon-en-pochette-stabilo_4_1.jpg
1140611808	/s/t/stylo-a-plume-easybirdy-stabilo-ref-5010-12-6-0.jpg
1140611808	/s/t/stylo-a-plume-easybirdy-stabilo-ref-5010-12-6-2.jpg
1140611808	/s/t/stylo-a-plume-easybirdy-stabilo-ref-5010-12-6-5.jpg
1140611808	/s/t/stylo-a-plume-easybirdy-stabilo-ref-5010-12-6-4.jpg
1140611808	/s/t/stylo-a-plume-easybirdy-stabilo-ref-5010-12-6-3.jpg
1140611809	/c/a/cartable-administratif-noir-techno-ref-4744.jpg
1140611809	/c/a/cartable-administratif-noir-techno-ref-4744-2.jpg
1140611811	/c/a/cartable-administratif-noir-techno-ref-4746_1_.jpg
1140611811	/c/a/cartable-administratif-noir-techno-ref-4746-2.jpg
1140611813	/c/a/cartable-administratif-noir-techno-ref-4748_2.jpg
1140611813	/c/a/cartable-administratif-noir-techno-ref-4748-2.jpg
1140611815	/a/l/album-croquis-24f-a3-42x29_7-cm-120g-techno--0.jpg
1140611993	/c/r/crayon-noir-hb-avec-gomme-swano-stabilo-ref-4909.jpg
1140612168	/c/a/carton-toile-280g-en-coton-10x15cm-techno-ref-4722.jpg
1140612169	/c/a/carton-toile-280g-en-coton-20x20cm-techno-ref-4723.jpg
1140612170	/c/a/carton-toile-280g-en-coton-30x40cm-techno-ref-4724.jpg
1140612171	/c/a/carton-toile-280g-en-coton-35x50cm-techno-ref-4725.jpg
1140612172	/c/a/carton-toile-280g-en-coton-25x35cm-techno-ref-4726.jpg
1140612173	/c/a/carton-toile-280g-en-coton-18x24cm-techno-ref-4727.jpg
1140612174	/c/a/carton-toile-280g-en-coton-20x30cm-techno-ref-4728.jpg
1140612175	/c/a/carton-toile-280g-en-coton-40x40cm-techno-ref-4729.jpg
1140612176	/c/a/carton-toile-280g-en-coton-13x18cm-techno-ref-4730.jpg
1140612177	/c/a/carton-toile-280g-en-coton-30x30cm-techno-ref-4731.jpg
1140612183	/t/o/toile-sur-chassis-hexagonal-280g-en-coton-techno--0_2.jpg
1140612185	/t/o/toile-sur-chassis-triangulair-280g-en-coton-techno--0_1.jpg
1140612186	/t/o/toile-sur-chassis-etoile-380g-30cm-en-coton-techno-ref-4740-0.jpg
1140612566	/p/i/pinceau-mousse-en-rouleau-petit-modelle-effet-carreaux-techno-ref-4763-0.jpg
1140612567	/p/i/pinceau-mousse-en-rouleau-petit-modelle-effet-ligne-techno-ref-4764-0.jpg
1140612568	/p/i/pinceau-mousse-en-rouleau-grand-modele-effet-carreaux-techno-ref-4765-0.jpg
1140612569	/p/i/pinceau-mousse-en-rouleau-grand-modele-effet-ligne-techno-ref-4766-0.jpg
1140612585	/p/a/papier-mousse-a4-paquet-de-10-couleurs-techno-ref-4785-0.jpg
1140612953	/c/a/calculatrice-de-bureau-12-chiffres-heavy-duty-casio-ref-js-20b-gd-0.jpg
1140612954	/c/a/calculatrice-pour-entrepots-casio-ref-mp-12r-w-0.jpg
1140612954	/c/a/calculatrice-pour-entrepots-casio-ref-mp-12r-w-1.jpg
1140612955	/c/a/calculatrice-de-bureau-avec-clavier-amovible-et-lavable-casio-ref-wd-320mt-s-1.jpg
1140612955	/c/a/calculatrice-de-bureau-avec-clavier-amovible-et-lavable-casio-ref-wd-320mt-s-0.jpg
1140612956	/c/a/calculatrice-a-ruban-14-chiffres-casio-ref-dr-140r-we-1.jpg
1140612956	/c/a/calculatrice-a-ruban-14-chiffres-casio-ref-dr-140r-we-0.jpg
1140612957	/c/a/calculatrice-de-bureau-verificatrice-casio-ref-dj-220dplus-wa-1.jpg
1140612957	/c/a/calculatrice-de-bureau-verificatrice-casio-ref-dj-220dplus-wa-0.jpg
1140612958	/c/a/calculatrice-de-poche-blanc-casio-ref-hl-815l-we-w-dp-0_1.jpg
1140612959	/c/a/calculatrice-scientifique-non-programmable-classwiz-casio-ref-fx-991ex-0.jpg
1140612960	/r/u/ruban-adhesif-vert-label-it-06mm-casio-ref-xr-6gn1-0.jpg
1140612961	/r/u/ruban-adhesif-rouge-label-it-06mm-casio-ref-xr-6rd1-0.jpg
1140612962	/r/u/ruban-adhesif-blanc-label-it-06mm-casio-ref-xr-6we1-0.jpg
1140612963	/r/u/ruban-adhesif-transparent-label-it-06mm-casio-ref-xr-6x1-0.jpg
1140612964	/r/u/ruban-adhesif-jaune-label-it-06mm-casio-ref-xr-6yw1-0.jpg
1140612965	/m/o/mousse-adhesive-coeurs-techno-ref-4786-0.jpg
1140612969	/p/a/papier-ondule-paquet-de-10-couleurs-techno-ref-4807-0.jpg
1140612970	/p/a/papier-ondule-couleurs-metalliques-paquet-de-10-couleurs-techno-ref-4808-0.jpg
1140613011	/p/a/papier-fluorescent-paquet-10-pieces-techno-ref-4809-0.jpg
1140613012	/p/r/protege-cahier-23x36cm-cristal-fume-techno-ref-4810-0.jpg
1140613013	/p/r/protege-livre-52x47cm-cristal-fume-techno-ref-4811-0.jpg
1140613014	/p/r/protege-livre-2-rabats-45_7x30_5cm-cristal-fume-techno-ref-4812-0.jpg
1140613015	/r/_/r_f._4813_imresizer.jpg
1140613015	/r/_/r_f_4813_imresizer.jpg
1140613033	/g/o/gomme-technic-ultra-classic-maped-ref-116411-0.jpg
1140613108	/c/a/cahier-dessin-32-pages-17cmx22cm-quadrille-techno-ref-9440-0.jpg
1140613108	/c/a/cahier-dessin-32-pages-17cmx22cm-quadrille-techno-ref-9440-1.jpg
1140613108	/c/a/cahier-dessin-32-pages-17cmx22cm-quadrille-techno-ref-9440-2.jpg
1140613108	/c/a/cahier-dessin-32-pages-17cmx22cm-quadrille-techno-ref-9440-3.jpg
1140613108	/c/a/cahier-dessin-32-pages-17cmx22cm-quadrille-techno-ref-9440-4.jpg
1140613108	/c/a/cahier-dessin-32-pages-17cmx22cm-quadrille-techno-ref-9440-5.jpg
1140613108	/c/a/cahier-dessin-32-pages-17cmx22cm-quadrille-techno-ref-9440-6.jpg
1140613109	/c/a/cahier-dessin-32-pages-17cmx22cm-uni-techno-ref-9441-1.jpg
1140613109	/c/a/cahier-dessin-32-pages-17cmx22cm-uni-techno-ref-9441-2.jpg
1140613109	/c/a/cahier-dessin-32-pages-17cmx22cm-uni-techno-ref-9441-3.jpg
1140613109	/c/a/cahier-dessin-32-pages-17cmx22cm-uni-techno-ref-9441-5.jpg
1140613109	/c/a/cahier-dessin-32-pages-17cmx22cm-uni-techno-ref-9441-6.jpg
1140613328	/p/a/papier-mousse-paillette-a4-paquet-de-10-couleurs-techno-ref-4901-0.jpg
1140613329	/p/a/papier-mousse-adhesive-paillette-a4-paquet-de-10-couleurs-pastel-techno-ref-4918-0.jpg
1140613330	/p/a/papier-mousse-paillette-a4-paquet-de-10-couleurs-pastel-techno-ref-4919-0.jpg
1140613634	/s/t/stylo-roller-retractable-a-encre-gel-g2-0_7mm-vert-pilot-ref-bl-g2-7-g-0.jpg
1140613638	/s/t/stylo-roller-retractable-a-encre-gel-g2-0_7mm-violet-pilot-ref-bl-g2-7-v-0.jpg
1140613639	/s/t/stylo-roller-retractable-a-encre-gel-g2-0_7mm-rose-pilot-ref-bl-g2-7-p-0.jpg
1140613640	/s/t/stylo-roller-retractable-a-encre-gel-g2-0_7mm-bleu-turquoise-pilot-ref-bl-g2-7-lb-0.jpg
1140613641	/s/t/stylo-roller-retractable-a-encre-gel-g2-0_7mm-bleu-nuit-pilot-ref-bl-g2-7-bb-0.jpg
1140613642	/s/t/stylo-roller-retractable-a-encre-gel-b2p-0_7mm-rouge-pilot-ref-bl-b2p-7-r-bg-0.jpg
1140613648	/s/t/stylo-roller-retractable-a-encre-gel-b2p-0_7mm-pilot--0.jpg
1140613649	/s/t/stylo-roller-retractable-a-encre-gel-b2p-0_7mm-vert-pilot-ref-bl-b2p-7-g-bg-0.jpg
1140613650	/s/t/stylo-roller-retractable-a-encre-gel-g2-victoria-0_7mm-noir-pilot-ref-bl-g2-7-va-b-0.jpg
1140613652	/s/t/stylo-roller-retractable-a-encre-gel-g2-victoria-0_7mm-bleu-pilot-ref-bl-g2-7-va-l-0.jpg
1140613652	/s/t/stylo-roller-retractable-a-encre-gel-g2-victoria-0_7mm-bleu-pilot-ref-bl-g2-7-va-l-3.jpg
1140613652	/s/t/stylo-roller-retractable-a-encre-gel-g2-victoria-0_7mm-bleu-pilot-ref-bl-g2-7-va-l-2.jpg
1140613657	/s/t/stylo-roller-retractable-a-encre-gel-g2-victoria-0_7mm-rouge-pilot-ref-bl-g2-7-va-r-0.jpg
1140613658	/s/t/stylo-roller-retractable-a-encre-gel-g2-victoria-0_7mm-vert-pilot-ref-bl-g2-7-va-g-0.jpg
1140613662	/s/t/stylo-roller-retractable-a-encre-gel-g2-victoria-0_7mm-rose-pilot-ref-bl-g2-7-va-p-0.jpg
1140613664	/s/t/stylo-roller-retractable-a-encre-gel-g2-victoria-0_7mm-violet-pilot-ref-bl-g2-7-va-v-0.jpg
1140613665	/c/o/correcteur-a-ruban-pilot-ref-b1-7493306-0.jpg
1140613666	/f/e/feutre-frixion-en-pochette-pilot--0.jpg
1140613667	/f/e/feutre-frixion-en-pochette-12-couleurs-pilot-ref-sw-fc-s12-0.jpg
1140613668	/s/t/stylo-feutre-v-sign-pen-noir-2_0mm-pilot-ref-sw-vsp-b-1.jpg
1140613668	/s/t/stylo-feutre-v-sign-pen-noir-2_0mm-pilot-ref-sw-vsp-b-0_1.jpg
1140613668	/s/t/stylo-feutre-v-sign-pen-noir-2_0mm-pilot-ref-sw-vsp-b-2.jpg
1140613669	/s/t/stylo-feutre-v-sign-pen-rouge-2_0mm-pilot-ref-sw-vsp-r-0.jpg
1140613669	/s/t/stylo-feutre-v-sign-pen-rouge-2_0mm-pilot-ref-sw-vsp-r-1.jpg
1140613702	/s/t/stylo-feutre-v-sign-pen-vert-2_0mm-pilot-ref-sw-vsp-g-0.jpg
1140613702	/s/t/stylo-feutre-v-sign-pen-vert-2_0mm-pilot-ref-sw-vsp-g-1.jpg
1140613703	/s/t/stylo-feutre-effacable-frixion-fineliner-1_3mm-noir-pilot-ref-sw-ff-b-0.jpg
1140613703	/s/t/stylo-feutre-effacable-frixion-fineliner-1_3mm-noir-pilot-ref-sw-ff-b-2.jpg
1140613704	/s/t/stylo-feutre-effacable-frixion-fineliner-1_3mm-rouge-pilot-ref-sw-ff-r-0.jpg
1140613704	/s/t/stylo-feutre-effacable-frixion-fineliner-1_3mm-rouge-pilot-ref-sw-ff-r-2.jpg
1140613705	/s/t/stylo-feutre-effacable-frixion-fineliner-1_3mm-bleu-pilot-ref-sw-ff-l-2.jpg
1140613705	/s/t/stylo-feutre-effacable-frixion-fineliner-1_3mm-bleu-pilot-ref-sw-ff-l-3.jpg
1140613706	/s/t/stylo-feutre-effacable-frixion-fineliner-1_3mm-vert-pilot-ref-sw-ff-g-0.jpg
1140613706	/s/t/stylo-feutre-effacable-frixion-fineliner-1_3mm-vert-pilot-ref-sw-ff-g-2.jpg
1140613707	/m/a/marqueur-permanent-400-tete-biseautee-pochette-de-04-couleurs-pilot-ref-sca-400-set4-0.jpg
1140613710	/m/a/marqueur-permanent-400-tete-biseautee-noir-pilot-ref-sca-400-b-2.jpg
1140613710	/m/a/marqueur-permanent-400-tete-biseautee-noir-pilot-ref-sca-400-b-3.jpg
1140613711	/m/a/marqueur-permanent-400-tete-biseautee-rouge-pilot-ref-sca-400-r-0.jpg
1140613711	/m/a/marqueur-permanent-400-tete-biseautee-rouge-pilot-ref-sca-400-r-2.jpg
1140613714	/m/a/marqueur-permanent-400-tete-biseautee-bleu-pilot-ref-sca-400-l-0.jpg
1140613714	/m/a/marqueur-permanent-400-tete-biseautee-bleu-pilot-ref-sca-400-l-2.jpg
1140613715	/m/a/marqueur-permanent-400-tete-biseautee-vert-pilot-ref-sca-400-g-0.jpg
1140613715	/m/a/marqueur-permanent-400-tete-biseautee-vert-pilot-ref-sca-400-g-2.jpg
1140613717	/r/e/recharge-stylo-roller-frixion-etui-de-03-pieces-noir-pilot-ref-bls-fr7-b-s3-2_1.jpg
1140613718	/r/e/recharge-stylo-roller-frixion-etui-de-03-pieces-bleu-pilot-ref-bls-fr7-l-s3-0.jpg
1140613719	/s/t/stylo-roller-a-encre-gel-effacable-frixion-ball-0_7mm-noir-pilot-ref-bl-fr7-b-e-0.jpg
1140613719	/s/t/stylo-roller-a-encre-gel-effacable-frixion-ball-0_7mm-noir-pilot-ref-bl-fr7-b-e-2_1.jpg
1140613721	/s/t/stylo-roller-a-encre-gel-effacable-frixion-clicker-0_7mm-noir-pilot-ref-blrt-fr7-b-0.jpg
1140613723	/s/t/stylo-roller-a-encre-gel-effacable-frixion-clicker-0_7mm-vert-pilot-ref-blrt-fr7-g-0.jpg
1140613727	/s/t/stylo-a-bille-pointe-extra-large-bps-gp-pilot--0_1.jpg
1140613728	/s/t/stylo-a-bille-pointe-extra-large-bps-gp-bleu-pilot-ref-bps-gp-xb-l-0.jpg
1140613729	/s/t/stylo-a-bille-acroball-begreen-01mm-bleu-pilot-ref-bab-15m-l-bg-0.jpg
1140613730	/s/t/stylo-a-bille-acroball-pure-white-noir-1_0mm-pilot-ref-bab-15m-wb-bg-0.jpg
1140613730	/s/t/stylo-a-bille-acroball-pure-white-noir-1_0mm-pilot-ref-bab-15m-wb-bg-1.jpg
1140613731	/s/t/stylo-a-bille-acroball-pure-white-rouge-1_0mm-pilot-ref-bab-15m-wrr-bg-0.jpg
1140613731	/s/t/stylo-a-bille-acroball-pure-white-rouge-1_0mm-pilot-ref-bab-15m-wrr-bg-1.jpg
1140613732	/s/t/stylo-a-bille-acroball-pure-white-bleu-1_0mm-pilot-ref-bab-15m-wll-bg-0.jpg
1140613732	/s/t/stylo-a-bille-acroball-pure-white-bleu-1_0mm-pilot-ref-bab-15m-wll-bg-1.jpg
1140613733	/s/t/stylo-a-bille-acroball-pure-white-vert-1_0mm-pilot-ref-bab-15m-wegg-bg-0.jpg
1140613733	/s/t/stylo-a-bille-acroball-pure-white-vert-1_0mm-pilot-ref-bab-15m-wegg-bg-1.jpg
1140613734	/s/t/stylo-a-bille-acroball-pure-white-bleu-turquoise-1_0mm-pilot-ref-bab-15m-wsllb-bg-0.jpg
1140613734	/s/t/stylo-a-bille-acroball-pure-white-bleu-turquoise-1_0mm-pilot-ref-bab-15m-wsllb-bg-1.jpg
1140613735	/s/t/stylo-a-bille-acroball-pure-white-rose-1_0mm-pilot-ref-bab-15m-wpp-bg-0.jpg
1140613735	/s/t/stylo-a-bille-acroball-pure-white-rose-1_0mm-pilot-ref-bab-15m-wpp-bg-1.jpg
1140613736	/s/t/stylo-a-bille-acroball-pure-white-orange-1_0mm-pilot-ref-bab-15m-woo-bg-0.jpg
1140613736	/s/t/stylo-a-bille-acroball-pure-white-orange-1_0mm-pilot-ref-bab-15m-woo-bg-1.jpg
1140613737	/s/t/stylo-a-bille-acroball-pure-white-violet-1_0mm-pilot-ref-bab-15m-wpuv-bg-0.jpg
1140613737	/s/t/stylo-a-bille-acroball-pure-white-violet-1_0mm-pilot-ref-bab-15m-wpuv-bg-1.jpg
1140613738	/s/t/stylo-a-bille-super-grip-g-01mm-bleu-pilot-ref-bps-gg-m-l-2_1.jpg
1140613739	/s/t/stylo-a-bille-retractable-super-grip-g-01mm-bleu-pilot-ref-bpgg-8r-m-ll-3.jpg
1140613742	/s/u/surligneur-effacable-frixion-light-04mm-orange-pilot-ref-sw-fl-o-0.jpg
1140613742	/s/u/surligneur-effacable-frixion-light-04mm-orange-pilot-ref-sw-fl-o-2.jpg
1140613743	/s/u/surligneur-effacable-frixion-light-bleu-04mm-pilot-ref-sw-fl-l-0.jpg
1140613744	/s/u/surligneur-effacable-frixion-light-violet-04mm-pilot-ref-sw-fl-v-0.jpg
1140613745	/s/u/surligneur-effacable-frixion-light-soft-04mm-rose-pastel-pilot-ref-sw-fl-sp-0.jpg
1140613745	/s/u/surligneur-effacable-frixion-light-soft-04mm-rose-pastel-pilot-ref-sw-fl-sp-2.jpg
1140613746	/s/u/surligneur-effacable-frixion-light-soft-04mm-orange-pastel-pilot-ref-sw-fl-so-0.jpg
1140613747	/s/u/surligneur-effacable-frixion-light-soft-04mm-jaune-pastel-pilot-ref-sw-fl-sy-0.jpg
1140613748	/s/u/surligneur-effacable-frixion-light-soft-vert-pastel-04mm-pilot-ref-sw-fl-sg-0.jpg
1140613749	/s/u/surligneur-effacable-frixion-light-soft-bleu-pastel-04mm-pilot-ref-sw-fl-sl-0.jpg
1140613750	/s/u/surligneur-effacable-frixion-light-soft-violet-pastel-04mm-pilot-ref-sw-fl-sv-0.jpg
1140613751	/g/o/gomme-blanche-pilot-ref-ee-c10-20dpk-0.jpg
1140613751	/g/o/gomme-blanche-pilot-ref-ee-c10-20dpk-1.jpg
1140613751	/g/o/gomme-blanche-pilot-ref-ee-c10-20dpk-2.jpg
1140614077	/s/t/stylo-roller-retractable-a-encre-gel-g2-pixie-0_7mm-bordeaux-pilot-ref-bl-g2-7-xs-dr-0.jpg
1140614078	/s/t/stylo-roller-retractable-a-encre-gel-g2-pixie-0_7mm-vert-pilot-ref-bl-g2-7-xs-g-0.jpg
1140614079	/s/t/stylo-roller-retractable-a-encre-gel-g2-0_7mm-noir-pilot-ref-bl-g2-7-b-0.jpg
1140614079	/s/t/stylo-roller-retractable-a-encre-gel-g2-0_7mm-noir-pilot-ref-bl-g2-7-b-1.jpg
1140614079	/s/t/stylo-roller-retractable-a-encre-gel-g2-0_7mm-noir-pilot-ref-bl-g2-7-b-2.jpg
1140614080	/s/t/stylo-roller-retractable-a-encre-gel-g2-pixie-0_7mm-violet-pilot-ref-bl-g2-7-xs-v-0.jpg
1140614081	/s/t/stylo-roller-retractable-a-encre-gel-g2-pixie-0_7mm-rose-pilot-ref-bl-g2-7-xs-p-0.jpg
1140614082	/s/t/stylo-a-bille-retractable-super-grip-g-01mm-noir-pilot-ref-bpgg-8r-m-bb-0.jpg
1140614083	/s/t/stylo-a-bille-retractable-super-grip-g-01mm-rouge-pilot-ref-bpgg-8r-m-rr-0.jpg
1140614084	/s/t/stylo-a-bille-retractable-super-grip-g-01mm-vert-pilot-ref-bpgg-8r-m-gg-0.jpg
1140614085	/s/t/stylo-a-bille-super-grip-g-01mm-noir-pilot-ref-bps-gg-m-b-2.jpg
1140614085	/s/t/stylo-a-bille-super-grip-g-01mm-noir-pilot-ref-bps-gg-m-b-0.jpg
1140614086	/s/t/stylo-a-bille-super-grip-g-01mm-rouge-pilot-ref-bps-gg-m-r-2.jpg
1140614086	/s/t/stylo-a-bille-super-grip-g-01mm-rouge-pilot-ref-bps-gg-m-r-0.jpg
1140614087	/s/t/stylo-a-bille-super-grip-g-01mm-vert-pilot-ref-bps-gg-m-g-2.jpg
1140614087	/s/t/stylo-a-bille-super-grip-g-01mm-vert-pilot-ref-bps-gg-m-g-0.jpg
1140614153	/s/t/stylo-roller-a-encre-gel-effacable-frixion-clicker-0_7mm-violet-pilot-ref-bl-fr-v-0.jpg
1140614154	/s/t/stylo-roller-a-encre-gel-effacable-frixion-clicker-0_7mm-rose-pilot-ref-bl-fr7-rs-0.jpg
1140614155	/s/t/stylo-roller-a-encre-gel-effacable-frixion-clicker-0_7mm-bleu-ciel-pilot-ref-blrt-fr7-lb-0.jpg
1140614156	/s/t/stylo-gel-g-2-rose-metallique-0_7mm-pilot-ref-bl-g2-7-mp-0.jpg
1140614157	/s/t/stylo-gel-g-2-violet-metallique-0_7mm-pilot-ref-bl-g2-7-mv-0.jpg
1140614158	/s/t/stylo-gel-g-2-vert-metallique-0_7mm-pilot-ref-bl-g2-7-mg-0.jpg
1140614159	/s/t/stylo-gel-g-2-bleu-metallique-0_7mm-pilot-ref-bl-g2-7-ml-0.jpg
1140614160	/s/t/stylo-gel-g-2-argente-metallique-0_7mm-pilot-ref-bl-g2-7-si-0.jpg
1140614161	/s/t/stylo-gel-g-2-dore-metallique-0_7mm-pilot-ref-bl-g2-7-gd-0.jpg
1140614162	/p/o/porte-mines-super-grip-neon-0_5mm-violet-pilot-ref-h-185n-v-0.jpg
1140614163	/p/o/porte-mines-super-grip-neon-0_5mm-pilot--0.jpg
1140614164	/p/o/porte-mines-super-grip-neon-0_5mm-vert-claire-pilot-ref-h-185n-g-0.jpg
1140614165	/p/o/porte-mines-super-grip-neon-0_5mm-orange-pilot-ref-h-185n-o-0.jpg
1140614165	/p/o/porte-mines-super-grip-neon-0_5mm-orange-pilot-ref-h-185n-o-2.jpg
1140614166	/p/o/porte-mines-super-grip-neon-0_5mm-rose-pilot-ref-h-185n-r-0.jpg
1140614169	/s/t/stylo-roller-a-encre-gel-effacable-frixion-ball-0_7mm-marron-pilot-ref-bl-fr7-m-0.jpg
1140614169	/s/t/stylo-roller-a-encre-gel-effacable-frixion-ball-0_7mm-marron-pilot-ref-bl-fr7-m-2.jpg
1140614170	/s/t/stylo-roller-a-encre-gel-effacable-frixion-ball-0_7mm-vert-claire-pilot-ref-bl-fr7-vc-0.jpg
1140614170	/s/t/stylo-roller-a-encre-gel-effacable-frixion-ball-0_7mm-vert-claire-pilot-ref-bl-fr7-vc-2.jpg
1140614171	/s/t/stylo-roller-a-encre-gel-effacable-frixion-ball-0_7mm-orange-pilot-ref-bl-fr7-o-0.jpg
1140614171	/s/t/stylo-roller-a-encre-gel-effacable-frixion-ball-0_7mm-orange-pilot-ref-bl-fr7-o-2.jpg
1140614172	/s/t/stylo-roller-a-encre-gel-effacable-frixion-ball-0_7mm-bleu-turquoise-pilot-ref-bl-fr7-lb-0.jpg
1140614172	/s/t/stylo-roller-a-encre-gel-effacable-frixion-ball-0_7mm-bleu-turquoise-pilot-ref-bl-fr7-lb-2.jpg
1140614245	/v/a/valise-pilote-techno-ref-4698-3.jpg
1140614246	/v/a/valise-pilote-techno-ref-4699.jpg
1140614246	/v/a/valise-pilote-techno-ref-4699-2.jpg
1140614560	/m/a/marqueur-permanent-bleu-tete-coupee-techno-ref-4880-2.jpg
1140614560	/m/a/marqueur-permanent-bleu-tete-coupee-techno-ref-4880.jpg
1140614561	/m/a/marqueur-permanent-noir-tete-coupee-techno-ref-4881-2.jpg
1140614561	/m/a/marqueur-permanent-noir-tete-coupee-techno-ref-4881.jpg
1140614562	/m/a/marqueur-permanent-vert-tete-coupee-techno-ref-4882-2.jpg
1140614562	/m/a/marqueur-permanent-vert-tete-coupee-techno-ref-4882-1.jpg
1140614563	/m/a/marqueur-permanent-rouge-tete-coupee-techno-ref-4883-2.jpg
1140614563	/m/a/marqueur-permanent-rouge-tete-coupee-techno-ref-4883.jpg
1140614566	/s/a/sac-a-dos-noir-techno-ref-4920.jpg
1140614566	/s/a/sac-a-dos-noir-techno-ref-4920-1.jpg
1140614566	/s/a/sac-a-dos-noir-techno-ref-4920-2.jpg
1140614567	/4/9/4921_face.jpg
1140614567	/4/9/4921_cot_.jpg
1140614567	/4/9/4921_arri_re.jpg
1140614568	/4/9/4922.jpg
1140614568	/4/9/4922_arri_re.jpg
1140614568	/4/9/4922_cot_2.jpg
1140614569	/s/a/sac-a-dos-avec-compartiment-laptop-techno-ref-4923-3.jpg
1140614569	/s/a/sac-a-dos-avec-compartiment-laptop-techno-ref-4923-1.jpg
1140614570	/s/a/sac-a-dos-avec-compartiment-laptop-techno-ref-4924-23.jpg
1140614570	/s/a/sac-a-dos-avec-compartiment-laptop-techno-ref-4924-2.jpg
1140614570	/s/a/sac-a-dos-avec-compartiment-laptop-techno-ref-4924-1.jpg
1140614571	/s/a/sac-a-dos-avec-compartiment-laptop-techno-ref-4925-3.jpg
1140614571	/s/a/sac-a-dos-avec-compartiment-laptop-techno-ref-4925-2.jpg
1140614571	/s/a/sac-a-dos-avec-compartiment-laptop-techno-ref-4925-1.jpg
1140614572	/s/a/sac-a-dos-avec-compartiment-laptop-techno-ref-4926-2.jpg
1140614572	/s/a/sac-a-dos-avec-compartiment-laptop-techno-ref-4926-2_2_.jpg
1140614573	/s/a/sac-a-dos-avec-compartiment-laptop-techno-ref-4927-1.jpg
1140614573	/s/a/sac-a-dos-avec-compartiment-laptop-techno-ref-4927-2.jpg
1140614574	/s/a/sac-a-dos-a-roulettes-bleu-techno-ref-4928-1.jpg
1140614574	/s/a/sac-a-dos-a-roulettes-bleu-techno-ref-4928-2_1.jpg
1140614574	/s/a/sac-a-dos-a-roulettes-bleu-techno-ref-4928-3_1.jpg
1140614575	/s/a/sac-a-dos-a-roulettes-gris-souris-techno-ref-4929-0.jpg
1140614575	/s/a/sac-a-dos-a-roulettes-gris-souris-techno-ref-4929-1.jpg
1140614575	/s/a/sac-a-dos-a-roulettes-gris-souris-techno-ref-4929-2.jpg
1140614576	/s/a/sac-a-dos-a-roulettes-rose-techno-ref-4930-0.jpg
1140614576	/s/a/sac-a-dos-a-roulettes-rose-techno-ref-4930-1.jpg
1140614576	/s/a/sac-a-dos-a-roulettes-rose-techno-ref-4930-2.jpg
1140614576	/s/a/sac-a-dos-a-roulettes-rose-techno-ref-4930-3.jpg
1140614577	/s/a/sac-a-dos-a-roulettes-violet-techno-ref-4931-0_1.jpg
1140614577	/s/a/sac-a-dos-a-roulettes-violet-techno-ref-4931-1_1.jpg
1140614577	/s/a/sac-a-dos-a-roulettes-violet-techno-ref-4931-2.jpg
1140614982	/s/t/stylo-a-bille-swing-1_0mm-techno-4965-0.jpg
1140614983	/s/t/stylo-a-bille-swing-1_0mm-noir-techno-ref-4966-0.jpg
1140614984	/s/t/stylo-a-bille-swing-1_0mm-rouge-techno-ref-4968-0.jpg
1140614985	/s/t/stylo-a-bille-swing-1_0mm-vert-techno-ref-4967-0.jpg
1140615067	/f/i/fiche-bristol-blanc-05mmx05mm-a4-170g-paquet-de-10-feuilles-techno-ref-9448-0.jpg
1140615319	/s/a/sac-a-gouter-football-world-tiger-family-ref-sg191g.jpg
1140615334	/p/a/papier-a-dessin-pochette-10-couleurs-120g-24cmx32cm-techno-ref-9469.jpg
1140615335	/p/a/papier-a-dessin-noir-pochette-10-feuilles-120g-24cmx32cm-techno-ref-9470-0.jpg
1140615369	/p/r/protege-livre-adhesif-paillete-5-couleurs-36x50-cm-pqt-10feuilles-techno-ref-4981-2.jpg
1140615369	/p/r/protege-livre-adhesif-paillete-5-couleurs-36x50-cm-pqt-10feuilles-techno-ref-4981-1.jpg
1140615370	/p/r/protege-livre-adhesif-5-couleurs-36x50-cm-pqt-10-feuilles-techno-ref-4982-1.jpg
1140615370	/p/r/protege-livre-adhesif-5-couleurs-36x50-cm-pqt-10-feuilles-techno-ref-4982-2.jpg
1140615829	/g/r/graphites-en-barres-carte-6-pcs_2h_hb_2b_4b_6b_8b-techno-ref-4860-0.jpg
1140615830	/f/u/fusains-en-barre-en-carte-de-06-pcs-techno-ref-4861-0.jpg
1140615831	/g/r/graphites-en-barres-carte-3-pcs_-hb_2b_4b-techno-ref-4862-0.jpg
1140615833	/g/r/graphites-en-barres-carte-3-pcs_-4b_6b_10b-techno-ref-4863-0_1.jpg
1140615834	/c/r/crayons-graphite-sans-bois-carte-6-pcs_-2h_hb_2b_4b_6b_8b-techno-ref-4864-0.jpg
1140615835	/c/r/crayons-graphite-sans-bois-carte-3-pcs_6b_8b_10b-techno-ref-4865-0.jpg
1140615836	/c/r/crayons-graphite-sans-bois-carte-3-pcs_2b_4b_6b-techno-ref-4866-0.jpg
1140615837	/f/u/fusains-de-dessin-2-3mm_boites-18-pcs-techno-ref-4867-0.jpg
1140615838	/f/u/fusains-de-dessin-3-4mm_boites-15-pcs-techno-ref-4868-0.jpg
1140615839	/c/r/craies-pastel-carres-techno-ref-4869-0.jpg
1140615840	/f/u/fusains-en-barres-carte-3-pcs-techno-ref-4897-0.jpg
1140615841	/c/r/crayons-au-charbon-sans-bois-carte-3-pcs-techno-ref-4898-0.jpg
1140615844	/s/u/surligneur-couleur-pastel-jaune-win-techno-ref-4905.jpg
1140615844	/s/u/surligneur-couleur-pastel-jaune-win-techno-ref-4905-1.jpg
1140615845	/s/u/surligneur-couleur-pastel-rose-win-techno-ref-4906.jpg
1140615845	/s/u/surligneur-couleur-pastel-rose-win-techno-ref-4906-1.jpg
1140615846	/s/u/surligneur-couleur-pastel-orange-win-techno-ref-4907.jpg
1140615846	/s/u/surligneur-couleur-pastel-orange-win-techno-ref-4907-1.jpg
1140615847	/s/u/surligneur-couleur-pastel-bleu-win-techno-ref-4908.jpg
1140615847	/s/u/surligneur-couleur-pastel-bleu-win-techno-ref-4908-1.jpg
1140615848	/s/u/surligneur-couleur-pastel-vert-win-techno-ref-4909_1.jpg
1140615848	/s/u/surligneur-couleur-pastel-vert-win-techno-ref-4909-1.jpg
1140615849	/s/u/surligneur-couleur-pastel-violet-win-techno-ref-4910.jpg
1140615849	/s/u/surligneur-couleur-pastel-violet-win-techno-ref-4910-1.jpg
1140616065	/f/i/fiche-bristol-5x5-blanc-a5-pqt-100f-de-170g-techno-ref-9478-0.jpg
1140616367	/t/a/tableau-blanc-quadrille-mural-100x200cm-techno-ref-5006-0.jpg
1140616368	/t/a/tableau-blanc-mural-quadrille-60x90cm-techno-ref-5005-0.jpg
1140616369	/t/a/tableau-blanc-mural-quadrille-45x60cm-techno-ref-5004-0.jpg
1140616371	/v/i/vitrine-daffichage-interieur-9xa4-98_2x72_3cm-techno-ref-5002.jpg
1140616372	/v/i/vitrine-daffichage-interieur-6xa4-68_2x72_3cm-techno-ref-5001.jpg
1140616373	/v/i/vitrine-daffichage-interieur-4xa4-68_2x51_2cm-techno-ref-5000.jpg
1140616496	/s/a/sac-a-dos-a-roulettes-14-s-licence-turtles-techno-ref-4984.jpg
1140616548	/s/a/sac-a-dos-12-s-licence-blaze-techno-ref-4874-2.jpg
1140616548	/s/a/sac-a-dos-12-s-licence-blaze-techno-ref-4874-1.jpg
1140616549	/s/a/sac-a-dos-15-s-licence-blaze-techno-ref-4875-2.jpg
1140616549	/s/a/sac-a-dos-15-s-licence-blaze-techno-ref-4875-1.jpg
1140616550	/s/a/sac-a-dos-17-s-licence-blaze-techno-ref-4876-2.jpg
1140616550	/s/a/sac-a-dos-17-s-licence-blaze-techno-ref-4876.jpg
1140616551	/s/a/sac-a-dos-a-roulettes-14-licence-blaze-techno-ref-4877.jpg
1140616552	/s/a/sac-a-dos-15-double-face-dora-et-paw-patrole-techno-ref-4878-3.jpg
1140616552	/s/a/sac-a-dos-15-double-face-dora-et-paw-patrole-techno-ref-4878-2.jpg
1140616553	/s/a/sac-a-dos-15-double-face-dora-et-shimmer-shine-techno-ref-4879-0.jpg
1140616553	/s/a/sac-a-dos-15-double-face-dora-et-shimmer-shine-techno-ref-4879-1.jpg
1140616553	/s/a/sac-a-dos-15-double-face-dora-et-shimmer-shine-techno-ref-4879-3.jpg
1140616554	/s/a/sac-a-dos-15-double-face-paw-patrole-rt-blaze-techno-ref-4884-1.jpg
1140616554	/s/a/sac-a-dos-15-double-face-paw-patrole-rt-blaze-techno-ref-4884-0.jpg
1140616554	/s/a/sac-a-dos-15-double-face-paw-patrole-rt-blaze-techno-ref-4884-2.jpg
1140616557	/c/h/chariot-sac-a-dos-2-roues-techno-ref-4887.jpg
1140616698	/p/a/papier-gomme-paillette-16cmx23cm-10-couleurs-techno-ref-4770-0.jpg
1140616699	/p/a/papier-gomme-paillette-a4_10-couleur-techno-ref-4771-0.jpg
1140616700	/p/a/papier-adhesif-paquet-de-10-couleurs-techno-ref-4772_1.jpg
1140616700	/p/a/papier-adhesif-paquet-de-10-couleurs-techno-ref-4772_2.jpg
1140616701	/c/o/colle-forte-super-glue-3g-techno-ref-4900-0.jpg
1140616701	/c/o/colle-forte-super-glue-3g-techno-ref-4900-1.jpg
1140616826	/c/r/crayons-cire-colorpeps-twist-maped--0.jpg
1140616826	/c/r/crayons-cire-colorpeps-twist-12-couleurs-maped-ref-860612-1.jpg
1140616827	/c/r/crayons-cire-colorpeps-twist-24-couleurs-maped-ref-860624-0.jpg
1140616827	/c/r/crayons-cire-colorpeps-twist-24-couleurs-maped-ref-860624-1.jpg
1140616828	/9/3/936010_r01_imresizer.jpg
1140616829	/p/i/pinceaux-synthetiques-assortis-x4-blister-maped-ref-867810-0.jpg
1140616829	/p/i/pinceaux-synthetiques-assortis-x4-blister-maped-ref-867810-1.jpg
1140616830	/c/r/crayons-couleurs-aquarellables-art-boite-metallique-de-12-couleurs-maped-ref-832412-0.jpg
1140616830	/c/r/crayons-couleurs-aquarellables-art-boite-metallique-de-12-couleurs-maped-ref-832412-1.jpg
1140616830	/c/r/crayons-couleurs-aquarellables-art-boite-metallique-de-12-couleurs-maped-ref-832412-2.jpg
1140616831	/c/r/crayons-couleurs-aquarellables-art-boite-metallique-maped--0.jpg
1140616831	/c/r/crayons-couleurs-aquarellables-art-boite-metallique-de-48-couleurs-maped-ref-832448-1.jpg
1140616831	/c/r/crayons-couleurs-aquarellables-art-boite-metallique-de-12-couleurs-maped-ref-832412-2_1.jpg
1140616832	/c/r/crayons-couleurs-aquarellables-art-boite-metallique-de-48-couleurs-maped-ref-832448-0.jpg
1140616832	/c/r/crayons-couleurs-aquarellables-art-boite-metallique-de-48-couleurs-maped-ref-832448-2_1.jpg
1140616832	/c/r/crayons-couleurs-aquarellables-art-boite-metallique-de-48-couleurs-maped-ref-832448-1_1.jpg
1140616839	/f/e/feutre-graph-peps-medium-pochette-de-12-couleurs-maped-ref-749652-0.jpg
1140616839	/f/e/feutre-graph-peps-medium-pochette-de-12-couleurs-maped-ref-749652-1.jpg
1140616839	/f/e/feutre-graph-peps-medium-pochette-de-12-couleurs-maped-ref-749652-2.jpg
1140616843	/s/u/surligneur-classic-pastel-pochette-de-4-couleurs-maped-ref-742546-2.jpg
1140616843	/s/u/surligneur-classic-pastel-pochette-de-4-couleurs-maped-ref-742546.jpg
1140616843	/s/u/surligneur-classic-pastel-pochette-de-4-couleurs-maped-ref-742546-1.jpg
1140616844	/s/u/surligneur-couleur-pastel-pochette-de-6-couleurs-maped-ref-742558_2.jpg
1140616844	/s/u/surligneur-couleur-pastel-pochette-de-6-couleurs-maped-ref-742558_1.jpg
1140616846	/f/e/feutre-ocean-x12-avec-crayon-x15-h-s-maped-ref-984701.jpg
1140616980	/c/a/cartouche-dencre-pour-marqueur-tableau-blanc-3g-techno--0.jpg
1140616981	/c/a/cartouche-dencre-pour-marqueur-tableau-blanc-3g-noir-techno-ref-4995-0.jpg
1140616982	/c/a/cartouche-dencre-pour-marqueur-tableau-blanc-3g-vert-techno-ref-4996-0.jpg
1140616983	/c/a/cartouche-dencre-pour-marqueur-tableau-blanc-3g-rouge-techno-ref-4997-0.jpg
1140617031	/p/a/papier-mousse-adhesif-paillete-a3-2mm-paquet-de-10-couleurs-techno-ref-4998-0_1.jpg
1140617032	/p/a/papier-mousse-adhesif-paillete-a3-2mm-paquet-de-10-couleurs-techno-ref-4998-0.jpg
1140617033	/c/o/coupons-feutrine-souple-160g-paquet-de-10-couleurs-a4-techno-ref-5120-0.jpg
1140617076	/c/o/coupons-feutrine-souple-a4-160g-paquet-de-10-coupons-rouge-techno-ref-5121-0.jpg
1140617077	/c/o/coupons-feutrine-souple-a4-160g-paquet-de-10-coupons-jaune-citron-techno-ref-5122-0.jpg
1140617078	/c/o/coupons-feutrine-souple-a4-160g-paquet-de-10-coupons-vert-techno-ref-5123-0.jpg
1140617079	/c/o/coupons-feutrine-souple-a4-160g-paquet-de-10-coupons-bleu-fonce-techno-ref-5124-0.jpg
1140617080	/c/o/coupons-feutrine-souple-a4-160g-paquet-de-10-coupons-marron-techno-ref-5125-0.jpg
1140617081	/c/o/coupons-feutrine-souple-a4-160g-paquet-de-10-coupons-noir-techno-ref-5126-0.jpg
1140617082	/c/o/coupons-feutrine-souple-a4-160g-paquet-de-10-coupons-blanc-techno-ref-5127-0.jpg
1140617083	/c/o/coupons-feutrine-souple-a4-160g-paquet-de-10-coupons-orange-techno-ref-5128-0.jpg
1140617084	/c/o/coupons-feutrine-souple-a4-160g-paquet-de-10-coupons-abricot-techno-ref-5129-0.jpg
1140617085	/c/o/coupons-feutrine-souple-a4-160g-paquet-de-10-coupons-rose-techno-ref-5130-0.jpg
1140617086	/c/o/coupons-feutrine-souple-a4-160g-paquet-de-10-coupons-vert-pistache-techno-ref-5131-0.jpg
1140617087	/c/o/coupons-feutrine-souple-a4-160g-paquet-de-10-coupons-bleu-turquoise-techno-ref-5132.jpg
1140617088	/c/o/coupons-feutrine-souple-a4-160g-paquet-de-10-coupons-jaune-techno-ref-5133-0.jpg
1140617089	/c/o/coupons-feutrine-souple-a4-160g-paquet-de-10-coupons-gris-techno-ref-5134-0.jpg
1140617090	/c/o/coupons-feutrine-souple-a4-160g-paquet-de-10-coupons-violet-techno-ref-5135-0.jpg
1140617091	/c/o/coupons-feutrine-souple-160g-paquet-de-10-couleurs-techno--0.jpg
1140617120	/j/e/jeux-de-carte-cats-family-japprends-a-lire-les-animaux-techno-ref-9485-1.jpg
1140617120	/j/e/jeux-de-carte-cats-family-japprends-a-lire-les-animaux-techno-ref-9485-0.jpg
1140617669	/m/a/marqueur-tableau-blanc-rechargable-tete-biseautee-techno--0.jpg
1140617670	/m/a/marqueur-tableau-blanc-rechargable-tete-biseautee-noir-techno-ref-4991-0.jpg
1140617671	/m/a/marqueur-tableau-blanc-rechargable-tete-biseautee-vert-techno-ref-4992-0.jpg
1140617672	/m/a/marqueur-tableau-blanc-rechargable-tete-biseautee-rouge-techno-ref-4993-0.jpg
1140617856	/c/o/colle-forte-super-glue-uhu-ref-34675-0.jpg
1140617856	/c/o/colle-forte-super-glue-uhu-ref-34675-2.jpg
1140617856	/c/o/colle-forte-super-glue-gel-hhr-3ml-sous-blister-uhu-ref-37615-2_1.jpg
1140618099	/b/a/batonnets-en-bois-18x150x1_7mm-couleurs-naturelle-paquet-de-50-pieces-techno-ref-5014-0.jpg
1140618100	/b/a/batonnets-en-bois-18x150x1_7mm-couleurs-paquet-de-50-pieces-techno-ref-5015.jpg
1140618102	/b/a/batonnets-en-bois-10x140x1_7mm-couleurs-paquet-de-50-pieces-techno-ref-5017-0.jpg
1140618103	/t/i/tiges-dallumettes-2mmx42mmx2mm-paquet-de-500-pieces-techno-5018-0.jpg
1140618104	/t/i/tiges-dallumettes-2mmx42mmx2mm-paquet-de-500-pieces-multi-couleurs-techno-ref-5019-0.jpg
1140618142	/m/i/mini-pinces-en-bois-48x7mm-paquet-de-24-pieces-couleurs-naturel-techno-ref-5007-0.jpg
1140618143	/m/i/mini-pinces-en-bois-48x7mm-paquet-de-24-pieces-multi-couleurs-techno-ref-5008-0.jpg
1140618145	/l/e/lettres-en-bois-3cm-paquet-de-156-pieces-techno-ref-5098-0.jpg
1140618146	/c/h/chiffres-en-bois-3cm-paquet-de-60-pieces-techno-ref-5099-0.jpg
1140618153	/m/o/mousse-adhesive-soleils-etoiles-nuages-techno-ref-5037-0.jpg
1140618164	/c/i/ciseaux-creatifs-techno-ref-4950-0.jpg
1140618169	/g/o/gouache-tempera-liquide-flacon-de-250ml-blanc-primo-ref-2025br250100-0.jpg
1140618170	/g/o/gouache-tempera-liquide-flacon-de-250ml-noir-primo-ref-2025br250800-0.jpg
1140618172	/g/o/gouache-tempera-liquide-flacon-de-250ml-jaune-primaire-primo-ref-2025br250201-0.jpg
1140618174	/g/o/gouache-tempera-liquide-flacon-de-250ml-magenta-primo-ref-2025br250301-0.jpg
1140618175	/g/o/gouache-tempera-liquide-flacon-de-250ml-cyan-primo-ref-2025br250501-0.jpg
1140618184	/g/o/gouache-tempera-liquide-flacon-de-250ml-jaune-lemon-primo-ref-2025br250211-0_1.jpg
1140618185	/g/o/gouache-tempera-liquide-flacon-de-250ml-orange-primo-ref-2025br250250-0.jpg
1140618186	/g/o/gouache-tempera-liquide-flacon-de-250ml-vermillion-primo-ref-2025br250300-0.jpg
1140618187	/g/o/gouache-tempera-liquide-flacon-de-500ml-rose-primo-ref-202br500330-0.jpg
1140618188	/g/o/gouache-tempera-liquide-flacon-de-500ml-vert-claire-primo-ref-202br500600-0.jpg
1140618364	/g/o/gouache-tempera-liquide-flacon-de-500ml-vert-brillant-primo-ref-202br500610-0_1.jpg
1140618365	/g/o/gouache-tempera-liquide-flacon-de-500ml-sienne-brulee-primo-ref-202br500730-0.jpg
1140618366	/g/o/gouache-tempera-liquide-flacon-de-500ml-blanc-primo-ref-202br500100-0_1.jpg
1140618367	/g/o/gouache-tempera-liquide-flacon-de-500ml-noir-primo-ref-202br500800-0.jpg
1140618368	/g/o/gouache-tempera-liquide-flacon-de-500ml-jaune-primaire-primo-ref-202br500201-0.jpg
1140618369	/g/o/gouache-tempera-liquide-flacon-de-500ml-magenta-primo-ref-202br500301-0.jpg
1140618370	/g/o/gouache-tempera-liquide-flacon-de-500ml-cyan-primo-ref-202br500501-0.jpg
1140618371	/g/o/gouache-tempera-liquide-flacon-de-1000ml-blanc-primo-ref-204br1000100-0.jpg
1140618372	/g/o/gouache-tempera-liquide-flacon-de-1000ml-jaune-primaire-primo-ref-204br1000201-0.jpg
1140618373	/g/o/gouache-tempera-liquide-flacon-de-1000ml-magenta-primo-ref-204br1000301-0.jpg
1140618374	/g/o/gouache-tempera-liquide-flacon-de-1000ml-cyan-primo-ref-204br1000501-0.jpg
1140618375	/g/o/gouache-tempera-liquide-flacon-de-1000ml-noir-primo-ref-204br1000800-0.jpg
1140618513	/f/e/feutre-pen-68-argente-metallic-stabilo-ref-68-805.png
1140618513	/f/e/feutre-pen-68-argente-metallic-stabilo-ref-68-805-1.png
1140618514	/f/e/feutre-pen-68-dore-metallic-stabilo-ref-68-810.png
1140618514	/f/e/feutre-pen-68-dore-metallic-stabilo-ref-68-810-1.png
1140618515	/f/e/feutre-pen-68-cuivre-metallic-stabilo-ref-68-820.png
1140618515	/f/e/feutre-pen-68-cuivre-metallic-stabilo-ref-68-820-1.png
1140618516	/f/e/feutre-pen-68-vert-metallic-stabilo-ref-68-836.png
1140618516	/f/e/feutre-pen-68-vert-metallic-stabilo-ref-68-836-1.png
1140618519	/f/e/feutre-pen-68-bleu-metallic-stabilo-ref-68-841.jpg
1140618519	/f/e/feutre-pen-68-bleu-metallic-stabilo-ref-68-841-1.jpg
1140618521	/f/e/feutre-pen-68-de-06-couleurs-metalise-stabilo-ref-6806-8-32.png
1140618521	/f/e/feutre-pen-68-de-06-couleurs-metalise-stabilo-ref-6806-8-32-1.png
1140618521	/f/e/feutre-pen-68-de-06-couleurs-metalise-stabilo-ref-6806-8-32-2.png
1140618523	/s/u/surligneur-swing-cool-pastel-bleu-pastel-stabilo-ref-275-113-8-0.jpg
1140618523	/s/u/surligneur-swing-cool-pastel-bleu-pastel-stabilo-ref-275-113-8-2.jpg
1140618523	/s/u/surligneur-swing-cool-pastel-bleu-pastel-stabilo-ref-275-113-8-3.jpg
1140618538	/s/u/surligneur-swing-cool-pastel-vert-pastel-stabilo-ref-275-116-8-0.jpg
1140618538	/s/u/surligneur-swing-cool-pastel-vert-pastel-stabilo-ref-275-116-8-2.jpg
1140618538	/s/u/surligneur-swing-cool-pastel-vert-pastel-stabilo-ref-275-116-8-3.jpg
1140618539	/s/u/surligneur-swing-cool-pastel-orange-pastel-stabilo-ref-275-126-8-3.jpg
1140618539	/s/u/surligneur-swing-cool-pastel-orange-pastel-stabilo-ref-275-126-8-0.jpg
1140618539	/s/u/surligneur-swing-cool-pastel-orange-pastel-stabilo-ref-275-126-8-2.jpg
1140618540	/s/u/surligneur-swing-cool-pastel-rose-pastel-stabilo-ref-275-129-8-0.jpg
1140618540	/s/u/surligneur-swing-cool-pastel-rose-pastel-stabilo-ref-275-129-8-2.jpg
1140618540	/s/u/surligneur-swing-cool-pastel-rose-pastel-stabilo-ref-275-129-8-3.jpg
1140618550	/s/u/surligneur-swing-cool-pastel-jaune-pastel-stabilo-ref-275-144-8-0.jpg
1140618550	/s/u/surligneur-swing-cool-pastel-jaune-pastel-stabilo-ref-275-144-8-2.jpg
1140618550	/s/u/surligneur-swing-cool-pastel-jaune-pastel-stabilo-ref-275-144-8-3.jpg
1140618551	/s/u/surligneur-swing-cool-pastel-violet-pastel-stabilo-ref-275-155-8-0.jpg
1140618551	/s/u/surligneur-swing-cool-pastel-violet-pastel-stabilo-ref-275-155-8-2.jpg
1140618551	/s/u/surligneur-swing-cool-pastel-violet-pastel-stabilo-ref-275-155-8-3.jpg
1140618552	/s/u/surligneur-swing-cool-pastel-en-pochette-de-04-couleurs-stabilo-ref-275-4-08-0.jpg
1140618553	/1/1/1140618553.jpg
1140618869	/7/4/742576.jpg
1140618869	/7/4/742576-1.jpg
1140618870	/7/4/742571.jpg
1140618870	/7/4/742571-1.jpg
1140618871	/7/4/742570.jpg
1140618871	/7/4/742570-1_1.jpg
1140618912	/p/e/peinture-acrylique-120ml-argente-amsterdam-ref-17098002-0.jpg
1140618913	/p/e/peinture-acrylique-120ml-blanc-titane-amsterdam-ref-17091052-0_1.jpg
1140618914	/p/e/peinture-acrylique-120ml-bleu-brillant-amsterdam-ref-17095642-0.jpg
1140618915	/p/e/peinture-acrylique-120ml-bleu-cobalt-outremere-amsterdam-ref-17095122-0.jpg
1140618916	/p/e/peinture-acrylique-120ml-bleu-gris-amsterdam-ref-17095622-0.jpg
1140618917	/p/e/peinture-acrylique-120ml-bleu-phtalocyanine-amsterdam-ref-17095702-0.jpg
1140618918	/p/e/peinture-acrylique-120ml-bleu-turquoise-amsterdam-ref-17095222-0.jpg
1140618919	/p/e/peinture-acrylique-120ml-bleu-vert-amsterdam-ref-17095572-0.jpg
1140618920	/p/e/peinture-acrylique-120ml-bronze-amsterdam-ref-17098112-0.jpg
1140618921	/p/e/peinture-acrylique-120ml-carmin-amsterdam-ref-17093182-0.jpg
1140618922	/p/e/peinture-acrylique-120ml-cyan-primaire-amsterdam-ref-17095722-0.jpg
1140618923	/p/e/peinture-acrylique-120ml-graphite-amsterdam-ref-17098402-0.jpg
1140618924	/p/e/peinture-acrylique-120ml-gris-neutre-amsterdam-ref-17097102-0.jpg
1140618925	/p/e/peinture-acrylique-120ml-jaune-azo-citron-amsterdam-ref-17092672-0.jpg
1140618926	/p/e/peinture-acrylique-120ml-jaune-azo-fonce-amsterdam-ref-17092702-0.jpg
1140618927	/p/e/peinture-acrylique-120ml-jaune-naples-fonce-amsterdam-ref-17092232-0.jpg
1140618928	/p/e/peinture-acrylique-120ml-jaune-naples-rouge-claire-amsterdam-ref-17092922-0.jpg
1140618929	/p/e/peinture-acrylique-120ml-jaune-primaire-amsterdam-ref-17092752-0.jpg
1140618930	/c/a/calculatrice-a-ruban-12-chiffres-noire-casio-ref-dr-120r-bk-e-dc.jpg
1140618931	/c/a/calculatrice-a-ruban-12-chiffres-noire-casio-ref-hr-150rc-dc-1.jpg
1140618931	/c/a/calculatrice-a-ruban-12-chiffres-noire-casio-ref-hr-150rc-dc-0.jpg
1140618933	/p/e/peinture-acrylique-120ml-jaune-vert-amsterdam-ref-17092432-0.jpg
1140618934	/p/e/peinture-acrylique-120ml-magenta-primaire-amsterdam-ref-17093692-0.jpg
1140618935	/p/e/peinture-acrylique-120ml-noir-oxyde-amsterdam-ref-17097352-0.jpg
1140618936	/p/e/peinture-acrylique-120ml-ocre-dor-amsterdam-ref-17092312-0.jpg
1140618937	/p/e/peinture-acrylique-120ml-ocre-jaune-amsterdam-ref-17092272-0.jpg
1140618938	/p/e/peinture-acrylique-120ml-or-claire-amsterdam-ref-17098022-0.jpg
1140618939	/p/e/peinture-acrylique-120ml-outremer-violet-amsterdam-ref-17095072-0.jpg
1140618951	/p/e/peinture-acrylique-120ml-outremer-amsterdam-ref-17095042-0.jpg
1140618952	/p/e/peinture-acrylique-120ml-rouge-naphtalo-moyen-amsterdam-ref-17093962-0.jpg
1140618953	/p/e/peinture-acrylique-120ml-rouge-napht-claire-amsterdam-ref-17093982-0.jpg
1140618954	/p/e/peinture-acrylique-120ml-ombre-brulee-amsterdam-ref-17094092-0.jpg
1140618955	/p/e/peinture-acrylique-120ml-sienne-brulee-amsterdam-ref-17094112-0.jpg
1140618956	/p/e/peinture-acrylique-120ml-sienne-naturel-amsterdam-ref-17092342-0.jpg
1140618957	/p/e/peinture-acrylique-120ml-vert-jaune-amsterdam-ref-17096172-0.jpg
1140618958	/p/e/peinture-acrylique-120ml-vert-emeraude-amsterdam-ref-17096152-0.jpg
1140618959	/p/e/peinture-acrylique-120ml-vert-permanant-claire-amsterdam-ref-17096182-0.jpg
1140618960	/p/e/peinture-acrylique-120ml-vert-turquoise-amsterdam-ref-17096612-0.jpg
1140618961	/p/e/peinture-acrylique-120ml-violet-bleu-atre-amsterdam-ref-17095682-0.jpg
1140618962	/p/e/peinture-acrylique-120ml-violet-rouge-permanant-claire-amsterdam-ref-17095772-0.jpg
1140618963	/p/e/peinture-acrylique-500ml-jaune-primaire-amsterdam-ref-17722752-0.jpg
1140618964	/p/e/peinture-acrylique-500ml-magenta-primaire-amsterdam-ref-17723692-0.jpg
1140618965	/p/e/peinture-acrylique-500ml-noir-oxyde-amsterdam-ref-17727352-0.jpg
1140618966	/p/e/peinture-acrylique-500ml-ocre-jaune-amsterdam-ref-17722272-0.jpg
1140618967	/p/e/peinture-acrylique-500ml-or-claire-amsterdam-ref-17728022-0.jpg
1140618968	/p/e/peinture-acrylique-500ml-or-fonce-amsterdam-ref-17728032-0.jpg
1140618969	/p/e/peinture-acrylique-500ml-vert-permanant-fonce-amsterdam-ref-17726192-0.jpg
1140618970	/p/e/peinture-acrylique-75ml-argente-talens-art-creation--ref-3511800m-0.jpg
1140618971	/p/e/peinture-acrylique-75ml-blanc-titane-talens-art-creation--ref-3511105m-0.jpg
1140618972	/p/e/peinture-acrylique-75ml-bleu-brillant-talens-art-creation--ref-3511564m-0.jpg
1140618973	/p/e/peinture-acrylique-75ml-bleu-cobalt-outremere-talens-art-creation--ref-3511512m-0.jpg
1140618974	/p/e/peinture-acrylique-75ml-bleu-gris-talens-art-creation--ref-3511562m-0.jpg
1140618975	/p/e/peinture-acrylique-75ml-bleu-phtalocyanine-talens-art-creation--ref-3511570m-0.jpg
1140618976	/p/e/peinture-acrylique-75ml-carmin-talens-art-creation--ref-3511318m-0.jpg
1140618977	/p/e/peinture-acrylique-75ml-cyan-primaire-talens-art-creation--ref-3511572m-0.jpg
1140618978	/p/e/peinture-acrylique-75ml-jaune-azo-citron-talens-art-creation--ref-3511267m-0.jpg
1140618980	/p/e/peinture-acrylique-75ml-jaune-azo-fonce-talens-art-creation--ref-3511270m-0.jpg
1140618981	/p/e/peinture-acrylique-75ml-jaune-naples-fonce-talens-art-creation--ref-3511223m-0.jpg
1140618984	/p/e/peinture-acrylique-75ml-jaune-naples-rouge-claire-talens-art-creation--ref-3511292m-0.jpg
1140618985	/p/e/peinture-acrylique-75ml-jaune-primaire-talens-art-creation--ref-3511275m-0.jpg
1140618986	/p/e/peinture-acrylique-75ml-jaune-vert-talens-art-creation--ref-3511243m-0.jpg
1140618987	/p/e/peinture-acrylique-75ml-magenta-primaire-talens-art-creation--ref-3511369m-0.jpg
1140618988	/p/e/peinture-acrylique-75ml-noir-ivoire-talens-art-creation--ref-3511701m-0.jpg
1140618989	/p/e/peinture-acrylique-75ml-ocre-jaune-talens-art-creation--ref-3511227m-0_1.jpg
1140618990	/p/e/peinture-acrylique-75ml-or-talens-art-creation--ref-3511801m-0.jpg
1140618991	/p/e/peinture-acrylique-75ml-outremer-talens-art-creation--ref-3511504m-0.jpg
1140618992	/p/e/peinture-acrylique-75ml-rouge-naphtalo-moyen-talens-art-creation--ref-3511396m-0.jpg
1140618993	/p/e/peinture-acrylique-75ml-rouge-napht-claire-talens-art-creation--ref-3511398m-0.jpg
1140618994	/p/e/peinture-acrylique-75ml-ombre-brulee-talens-art-creation--ref-3511409m-0.jpg
1140618995	/p/e/peinture-acrylique-75ml-sienne-brulee-talens-art-creation--ref-3511411m-0.jpg
1140618998	/p/e/peinture-acrylique-75ml-sienne-naturel-talens-art-creation--ref-3511234m-0.jpg
1140618999	/p/e/peinture-acrylique-75ml-vert-emeraude-talens-art-creation--ref-3511616m-0.jpg
1140619000	/p/e/peinture-acrylique-75ml-vert-jaune-talens-art-creation--ref-3511617m-0.jpg
1140619001	/p/e/peinture-acrylique-75ml-vert-paul-veronese-talens-art-creation--ref-3511615m-0.jpg
1140619002	/p/e/peinture-acrylique-75ml-vert-permanant-claire-talens-art-creation--ref-3511618m-0.jpg
1140619003	/p/e/peinture-acrylique-75ml-vert-permanant-fonce-talens-art-creation--ref-3511619m-0.jpg
1140619004	/p/e/peinture-acrylique-75ml-vert-turquoise-talens-art-creation--ref-3511661m-0.jpg
1140619005	/p/e/peinture-acrylique-75ml-violet-bleu-permanant-talens-art-creation--ref-3511568m-0.jpg
1140619006	/p/e/peinture-acrylique-75ml-violet-rouge-permanant-claire-talens-art-creation--ref-3511577m-0.jpg
1140619007	/p/e/peinture-acrylique-75ml-violet-rouge-permanant-talens-art-creation--ref-3511567m-0.jpg
1140619008	/a/c/acrylique-gesso-blanc-250ml-amsterdam-ref-24173001.jpg
1140619009	/a/c/acrylique-gesso-blanc-500ml-amsterdam-ref-24183001-0.jpg
1140619010	/a/c/acrylique-gesso-noir-250ml-amsterdam-ref-24173007-0.jpg
1140619011	/a/c/acrylique-gesso-transparent-250ml-amsterdam-ref-24173000-0.jpg
1140619012	/p/o/pocket-box-aquarelle-12-avec-3-godets-van-gogh-ref-20808632_1.jpg
1140619012	/p/o/pocket-box-aquarelle-12-avec-3-godets-van-gogh-ref-20808632-2.jpg
1140619013	/e/c/ecoline-set-primaire-5x30ml-ecoline-ref-11259900.jpg
1140619014	/a/q/aquarellele-pocket-boite-12-couleurs-avec-3-godets-amsterdam-ref-9022113m-0.jpg
1140619014	/a/q/aquarellele-pocket-boite-12-couleurs-avec-3-godets-amsterdam-ref-9022113m-1.jpg
1140619016	/0/8/08820407.jpg
1140619018	/h/u/huile-lin-cuite-250ml-talens-ref-24300026.jpg
1140619019	/h/u/huile-lin-cuite-75ml-talens-ref-24280026.jpg
1140619020	/h/u/huile-lin-decoloree-250ml-talens-ref-24300025.jpg
1140619021	/h/u/huile-lin-decoloree-75ml-talens-ref-24280025.jpg
1140619022	/c/l/classeur-a-4-anneaux-personnalisable-16-mm-techno-ref-5159.jpg
1140619023	/c/l/classeur-a-4-anneaux-personnalisable-25-mm-techno-ref-5160.jpg
1140619024	/c/l/classeur-a-4-anneaux-personnalisable-38-mm-techno-ref-5161.jpg
1140619025	/c/l/classeur-a-4-anneaux-personnalisable-50-mm-techno-ref-5163.jpg
1140619026	/c/l/classeur-a-4-anneaux-personnalisable-80-mm-techno-ref-5165.jpg
1140619027	/c/l/classeur-a-4-anneaux-personnalisable-100-mm-techno-ref-5166.jpg
1140619028	/s/e/set-6-pieces-doutils-manga-pigma-tool-sakura-ref-poxsdkman6.jpg
1140619029	/m/e/medium-acrylique-gel-epais-mat-250ml-amsterdam-ref-24173020_1.jpg
1140619030	/m/e/medium-acrylique-gel-epais-mat-250ml-amsterdam-ref-24173020-.png
1140619031	/m/e/medium-acrylique-perles-de-verre-250ml-amsterdam-ref-24173125-0.jpg
1140619032	/m/e/medium-acrylique-retardateur-250ml-amsterdam-ref-24173071-0.jpg
1140619033	/m/e/medium-acrylique-retardateur-75ml-amsterdam-ref-24283070-0_1.jpg
1140619035	/m/e/medium-peindre-normal-75ml-talens-ref-24285083.jpg
1140619037	/p/e/peinture-aqrylique-boite-12-tubes-de-12ml-talens-art-creation--ref-9021712m-0.jpg
1140619038	/p/e/peinture-a-lhuile-200ml-blanc-titane-talens-art-creation--ref-9016105m-0.jpg
1140619039	/p/e/peinture-a-lhuile-200ml-bleu-cobalt-outremere-talens-art-creation--ref-9016512m-0.jpg
1140619040	/p/e/peinture-a-lhuile-200ml-carmin-talens-art-creation--ref-9016318m-0.jpg
1140619041	/p/e/peinture-a-lhuile-200ml-ecarlate-talens-art-creation--ref-9016334m-0.jpg
1140619042	/p/e/peinture-a-lhuile-200ml-jaune-talens-art-creation--ref-9016200m-0.jpg
1140619043	/p/e/peinture-a-lhuile-200ml-jaune-citron-talens-art-creation--ref-9016205m-0.jpg
1140619044	/p/e/peinture-a-lhuile-200ml-jaune-fonce-talens-art-creation--ref-9016202m-0.jpg
1140619045	/p/e/peinture-a-lhuile-200ml-jaune-naples-rouge-talens-art-creation--ref-9016224m-0.jpg
1140619046	/p/e/peinture-a-lhuile-200ml-noir-ivoire-talens-art-creation--ref-9016701m-0.jpg
1140619047	/p/e/peinture-a-lhuile-200ml-ocre-jaune-talens-art-creation--ref-9016227m-0.jpg
1140619048	/p/e/peinture-a-lhuile-200ml-orange-talens-art-creation--ref-9016235m-0.jpg
1140619049	/p/e/peinture-a-lhuile-200ml-outremer-talens-art-creation--ref-9016504m-0.jpg
1140619050	/p/e/peinture-a-lhuile-200ml-rose-fonce-talens-art-creation--ref-9016362m-0.jpg
1140619051	/p/e/peinture-a-lhuile-200ml-ombre-brulee-talens-art-creation--ref-9016409m-0.jpg
1140619052	/p/e/peinture-a-lhuile-200ml-sienne-brulee-talens-art-creation--ref-9016411m-0.jpg
1140619053	/p/e/peinture-a-lhuile-200ml-sienne-naturel-talens-art-creation--ref-9016234m-0.jpg
1140619054	/p/e/peinture-a-lhuile-200ml-vert-emeraude-talens-art-creation--ref-9016616m-0.jpg
1140619055	/p/e/peinture-a-lhuile-200ml-vert-jaune-talens-art-creation--ref-9016617m-0.jpg
1140619056	/p/e/peinture-a-lhuile-40ml-blanc-titane-talens-art-creation--ref-9019105m-0.jpg
1140619057	/p/e/peinture-a-lhuile-40ml-bleu-cobalt-outremere-talens-art-creation--ref-9019512m-0.jpg
1140619058	/p/e/peinture-a-lhuile-40ml-orange-talens-art-creation--ref-9019570m-0.jpg
1140619059	/p/e/peinture-a-lhuile-40ml-bleu-prusse-talens-art-creation--ref-9019508m-0.jpg
1140619060	/p/e/peinture-a-lhuile-40ml-bleu-sevres-talens-art-creation--ref-9019530m-0.jpg
1140619061	/p/e/peinture-a-lhuile-40ml-bleu-turquoi-phtalocyanine-talens-art-creation--ref-9019565m-0.jpg
1140619062	/p/e/peinture-a-lhuile-40ml-carmin-talens-art-creation--ref-9019318m-0.jpg
1140619063	/p/e/peinture-a-lhuile-40ml-ecarlate-talens-art-creation--ref-9019334m-0.jpg
1140619064	/p/e/peinture-a-lhuile-40ml-jaune-talens-art-creation--ref-9019200m-0.jpg
1140619065	/p/e/peinture-a-lhuile-40ml-jaune-citron-talens-art-creation--ref-9019205m-0.jpg
1140619066	/p/e/peinture-a-lhuile-40ml-jaune-fonce-talens-art-creation--ref-9019202m-0.jpg
1140619067	/p/e/peinture-a-lhuile-40ml-jaune-naples-rouge-talens-art-creation--ref-9019224m-0.jpg
1140619068	/p/e/peinture-a-lhuile-40ml-noir-bougie-talens-art-creation--ref-9019702m-0.jpg
1140619070	/p/e/peinture-a-lhuile-40ml-ocre-jaune-talens-art-creation--ref-9019227m-0.jpg
1140619072	/p/e/peinture-a-lhuile-40ml-outremer-talens-art-creation--ref-9019504m-0.jpg
1140619073	/p/e/peinture-a-lhuile-40ml-rouge-anglais-talens-art-creation--ref-9019339m-0.jpg
1140619074	/p/e/peinture-a-lhuile-40ml-rose-fonce-talens-art-creation--ref-9019362m-0.jpg
1140619077	/p/e/peinture-a-lhuile-40ml-talens-art-creation--0.jpg
1140619078	/p/e/peinture-a-lhuile-40ml-ombre-naturel-talens-art-creation--ref-9019408m-0.jpg
1140619079	/p/e/peinture-a-lhuile-40ml-sienne-brulee-talens-art-creation--ref-9019411m-0.jpg
1140619080	/p/e/peinture-a-lhuile-40ml-sienne-naturel-talens-art-creation--ref-9019234m-0.jpg
1140619081	/p/e/peinture-a-lhuile-40ml-vermillion-talens-art-creation--ref-9019311m-0.jpg
1140619082	/p/e/peinture-a-lhuile-40ml-vert-bleu-fonce-talens-art-creation--ref-9019637m-0.jpg
1140619083	/p/e/peinture-a-lhuile-40ml-vert-claire-talens-art-creation--ref-9019601m-0.jpg
1140619084	/p/e/peinture-a-lhuile-40ml-vert-emeraude-talens-art-creation--ref-9019616m-0.jpg
1140619086	/p/e/peinture-a-lhuile-40ml-vert-jaune-talens-art-creation--ref-9019617m-0.jpg
1140619087	/p/e/peinture-a-lhuile-40ml-vert-olive-talens-art-creation--ref-9019620m-0.jpg
1140619088	/p/e/peinture-a-lhuile-40ml-vert-paul-veronese-talens-art-creation--ref-9019615m-0.jpg
1140619089	/p/e/peinture-a-lhuile-40ml-vert-permanant-talens-art-creation--ref-9019662m-0.jpg
1140619090	/p/e/peinture-a-lhuile-40ml-violet-talens-art-creation--ref-9019536m-0.jpg
1140619091	/p/e/peinture-a-lhuile-boite-de-12-tubes-de-12ml-talens-art-creation--ref-9020112m-0.jpg
1140619092	/p/i/pinceau-aquarelle-130-2-fsc-n_-2-van-gogh-ref-90913002-0_1.jpg
1140619093	/p/i/pinceau-aquarelle-130-4-fsc-n-4-van-gogh-ref-90913004-0.jpg
1140619094	/p/i/pinceau-aquarelle-130-4-fsc-n_-4-van-gogh-ref-90913004-0.jpg
1140619095	/p/i/pinceau-aquarelle-191-0-n-0-van-gogh-ref-90919199-0.jpg
1140619096	/p/i/pinceau-aquarelle-191-000-n_-000-van-gogh-ref-90919197-0.jpg
1140619099	/p/i/pinceau-aquarelle-191-000-n-000-van-gogh-ref-90919197-0.jpg
1140619100	/p/i/pinceau-aquarelle-191-1-n-1-van-gogh-ref-90919101-0.jpg
1140619101	/p/i/pinceau-aquarelle-191-2-n-2-van-gogh-ref-90919102-0.jpg
1140619102	/p/i/pinceau-aquarelle-191-4-n_-4-van-gogh-ref-90919104-0.jpg
1140619103	/p/i/pinceau-aquarelle-191-5-n_-5-van-gogh-ref-90919105-0.jpg
1140619104	/p/i/pinceau-aquarelle-191-0-n_-0-van-gogh-ref-90919199-0_1.jpg
1140619105	/p/i/pinceau-aquarelle-191-7-n_-7-van-gogh-ref-90919107-0.jpg
1140619107	/p/i/pinceau-aquarelle-194-4-n_-4-van-gogh-ref-90919404-0.jpg
1140619108	/p/i/pinceau-aquarelle-194-6-n-6-van-gogh-ref-90919406-0.jpg
1140619114	/p/i/pinceau-aquarelle-191-3-n_-3-van-gogh-ref-90919103-0_1.jpg
1140619115	/p/i/pinceau-aquarelle-jeux-de-03-pieces-191-000-0-2-van-gogh-ref-90919132-0.jpg
1140619126	/s/i/siccatif-fonce-75ml-talens-ref-24285085.jpg
1140619127	/s/i/siccatif-clair-75ml-talens-ref-24285030.jpg
1140619128	/v/e/vernis-aquarelle-mat-75ml-talens-ref-24285050.jpg
1140619130	/v/e/vernis-tableaux-mat-250ml-talens-ref-24305003.jpg
1140619134	/s/t/stylo-de-calligraphie-pigmentaire-noir-pointe-coudee-1_0mm-sakura-ref-xcmkn1049.jpg
1140619135	/s/t/stylo-de-calligraphie-pigmentaire-noir-pointe-coudee-1_0mm-sakura-ref-xcmkn1049_1.jpg
1140619136	/s/t/stylo-de-calligraphie-pigmentaire-noir-pointe-coudee-3_0mm-sakura-ref-xcmkn3049.jpg
1140619145	/s/e/set-brush-pens-5-couleurs-primaire-ecoline-ref-11509900-2.jpg
1140619146	/s/e/set-brush-pens-5-couleurs-pastel-ecoline-ref-11509901-2.jpg
1140619146	/s/e/set-brush-pens-5-couleurs-pastel-ecoline-ref-11509901.jpg
1140619149	/f/e/feutre-manga-pochette-de-06-pieces-sakura-ref-poxbrman6.jpg
1140619150	/s/e/set-de-6-fineliners-couleur-pigma-micron-05-0_45mm-sakura-ref-poxsdk056a.jpg
1140619151	/s/e/set-de-9-fineliners-couleur-pigma-micron-05-0_45mm-sakura-ref-poxsdk059.jpg
1140619152	/s/e/set-de-6-fineliners-couleur-terre-pigma-micron-05-0_45mm-sakura-ref-poxsdk056b.jpg
1140619154	/p/e/peinture-acrylique-120ml-jaune-naples-rouge-amsterdam-ref-17092242-0.jpg
1140619155	/p/a/paillettes-decoratives-jeux-12-couleurs-techno-ref-5054-0.jpg
1140619156	/p/a/paillettes-decoratives-jeux-06-couleurs-techno-ref-5055-0.jpg
1140619157	/p/a/paillettes-decoratives-jeux-10-elements-techno-ref-5057-0.jpg
1140619158	/r/o/rouleau-tampons-techno-ref-5033-0.jpg
1140619159	/l/e/lettres-en-mousse-techno-ref-5065-0.jpg
1140619160	/c/h/chiffres-en-mousse-techno-ref-5066-0.jpg
1140619161	/f/o/formes-en-mousse-techno-ref-5067-0.jpg
1140619163	/r/o/rouleau-tampons-mousse-techno-ref-5069-0.jpg
1140619164	/p/l/plumes-de-decoration-paquet-20-pieces-techno-ref-5030-0.jpg
1140619165	/p/l/plumes-de-decoration-paquet-30-pieces-techno-ref-5031-0.jpg
1140619166	/p/a/paillettes-decoratives-jeux-08-motifs-techno-ref-5056-0.jpg
1140619167	/t/a/tampons-fantisies-09-tampons-avec-03-boites-dencre-techno-ref-5059-0.jpg
1140619171	/y/e/yeux-remuants-jeux-de-08-pieces-techno-ref-5040-0.jpg
1140619172	/y/e/yeux-remuants-jeux-de-101-pieces-techno-ref-5032-0.jpg
1140619176	/m/o/mousse-adhesive-pailletee-papillons-techno-ref-5044-0.jpg
1140619182	/a/i/aimants-jeux-de-02-pieces-techno-ref-5050-0.jpg
1140619184	/c/h/chiffres-magnetiques-techno-ref-5077-0.jpg
1140619185	/c/h/chiffres-magnetiques-techno-ref-5078-0.jpg
1140619202	/s/u/surligneur-boss-mini-pastellove-violet-pastel-stabilo-ref-07-155-7-0.jpg
1140619202	/s/u/surligneur-boss-mini-pastellove-violet-pastel-stabilo-ref-07-155-7-2.jpg
1140619202	/s/u/surligneur-boss-mini-pastellove-stabilo-ref-07-50-07-3_5.jpg
1140619202	/s/u/surligneur-boss-mini-pastellove-stabilo-ref-07-50-07-5_5.jpg
1140619202	/s/u/surligneur-boss-mini-pastellove-stabilo-ref-07-50-07-6_5.jpg
1140619202	/s/u/surligneur-boss-mini-pastellove-stabilo-ref-07-50-07-4_5.jpg
1140619202	/s/u/surligneur-boss-mini-pastellove-stabilo-ref-07-50-07-2_5.jpg
1140619203	/s/u/surligneur-boss-mini-pastellove-vert-pastel-stabilo-ref-07-113-7-0.jpg
1140619203	/s/u/surligneur-boss-mini-pastellove-vert-pastel-stabilo-ref-07-113-7-2.jpg
1140619203	/s/u/surligneur-boss-mini-pastellove-stabilo-ref-07-50-07-3_7.jpg
1140619203	/s/u/surligneur-boss-mini-pastellove-stabilo-ref-07-50-07-5_7.jpg
1140619203	/s/u/surligneur-boss-mini-pastellove-stabilo-ref-07-50-07-6_7.jpg
1140619203	/s/u/surligneur-boss-mini-pastellove-stabilo-ref-07-50-07-4_7.jpg
1140619203	/s/u/surligneur-boss-mini-pastellove-stabilo-ref-07-50-07-2_7.jpg
1140619204	/s/u/surligneur-boss-mini-pastellove-bleu-pastel-stabilo-ref-07-116-7-0.jpg
1140619204	/s/u/surligneur-boss-mini-pastellove-bleu-pastel-stabilo-ref-07-116-7-2.jpg
1140619204	/s/u/surligneur-boss-mini-pastellove-stabilo-ref-07-50-07-3_4.jpg
1140619204	/s/u/surligneur-boss-mini-pastellove-stabilo-ref-07-50-07-5_4.jpg
1140619204	/s/u/surligneur-boss-mini-pastellove-stabilo-ref-07-50-07-6_4.jpg
1140619204	/s/u/surligneur-boss-mini-pastellove-stabilo-ref-07-50-07-4_4.jpg
1140619204	/s/u/surligneur-boss-mini-pastellove-stabilo-ref-07-50-07-2_4.jpg
1140619205	/s/u/surligneur-boss-mini-pastellove-orange-pastel-stabilo-ref-07-126-7-0.jpg
1140619205	/s/u/surligneur-boss-mini-pastellove-orange-pastel-stabilo-ref-07-126-7-2.jpg
1140619205	/s/u/surligneur-boss-mini-pastellove-stabilo-ref-07-50-07-4_3.jpg
1140619205	/s/u/surligneur-boss-mini-pastellove-stabilo-ref-07-50-07-2_3.jpg
1140619205	/s/u/surligneur-boss-mini-pastellove-stabilo-ref-07-50-07-3_3.jpg
1140619205	/s/u/surligneur-boss-mini-pastellove-stabilo-ref-07-50-07-5_3.jpg
1140619205	/s/u/surligneur-boss-mini-pastellove-stabilo-ref-07-50-07-6_3.jpg
1140619206	/s/u/surligneur-boss-mini-pastellove-jaune-pastel-stabilo-ref-07-144-7-0.jpg
1140619206	/s/u/surligneur-boss-mini-pastellove-jaune-pastel-stabilo-ref-07-144-7-2.jpg
1140619206	/s/u/surligneur-boss-mini-pastellove-stabilo-ref-07-50-07-3_6.jpg
1140619206	/s/u/surligneur-boss-mini-pastellove-stabilo-ref-07-50-07-5_6.jpg
1140619206	/s/u/surligneur-boss-mini-pastellove-stabilo-ref-07-50-07-6_6.jpg
1140619206	/s/u/surligneur-boss-mini-pastellove-stabilo-ref-07-50-07-4_6.jpg
1140619206	/s/u/surligneur-boss-mini-pastellove-stabilo-ref-07-50-07-2_6.jpg
1140619207	/s/u/surligneur-boss-mini-pastellove-rose-pastel-stabilo-ref-07-129-7-0.jpg
1140619207	/s/u/surligneur-boss-mini-pastellove-rose-pastel-stabilo-ref-07-129-7-2.jpg
1140619207	/s/u/surligneur-boss-mini-pastellove-stabilo-ref-07-50-07-3_8.jpg
1140619207	/s/u/surligneur-boss-mini-pastellove-stabilo-ref-07-50-07-5_8.jpg
1140619207	/s/u/surligneur-boss-mini-pastellove-stabilo-ref-07-50-07-6_8.jpg
1140619207	/s/u/surligneur-boss-mini-pastellove-stabilo-ref-07-50-07-4_8.jpg
1140619207	/s/u/surligneur-boss-mini-pastellove-stabilo-ref-07-50-07-2_8.jpg
1140619218	/e/t/etiquettes-blanches-paquet-de-100-f-a4-_-01--techno-ref-5215.jpg
1140619219	/e/t/etiquettes-blanches-paquet-de-100-f-a4-_-65--techno-ref-5200_1.jpg
1140619220	/e/t/etiquettes-blanches-paquet-de-100-f-a4-_-44--techno-ref-5202.jpg
1140619221	/e/t/etiquettes-blanches-paquet-de-100-f-a4-_-24--techno-ref-5205.jpg
1140619222	/e/t/etiquettes-blanches-paquet-de-100-f-a4-_-04--techno-ref-5213.jpg
1140619223	/e/t/etiquettes-blanches-paquet-de-100-f-a4-_-56--techno-ref-5201.jpg
1140619224	/e/t/etiquettes-blanches-paquet-de-100-f-a4-_-08--techno-ref-5212.jpg
1140619225	/e/t/etiquettes-blanches-paquet-de-100-f-a4-_-21--techno-ref-5206.jpg
1140619226	/e/t/etiquettes-blanches-paquet-de-100-f-a4-_-18--techno-ref-5207.jpg
1140619228	/e/t/etiquettes-blanches-paquet-de-100-f-a4-_-12--techno-ref-5210.jpg
1140619229	/e/t/etiquettes-blanches-paquet-de-100-f-a4-_-10--techno-ref-5211.jpg
1140619230	/e/t/etiquettes-blanches-paquet-de-100-f-a4-_-16--techno-ref-5208.jpg
1140619231	/e/t/etiquettes-blanches-paquet-de-100-f-a4-_-02--techno-ref-5214.jpg
1140619232	/e/t/etiquettes-blanches-paquet-de-100-f-a4-_-14--techno-ref-5209.jpg
1140619233	/e/t/etiquettes-blanches-paquet-de-100-f-a4-_-27--techno-ref-5204.jpg
1140619234	/e/t/etiquettes-blanches-paquet-de-100-f-a4-_-40--techno-ref-5203.jpg
1140619235	/e/t/etiquettes-blanches-paquet-de-100-f-a4-_-02-cd-techno-ref-5216.jpg
1140619525	/p/e/peinture-acrylique-120ml-violet-rouge-permanant-amsterdam-ref-17095672-0.jpg
1140619530	/p/e/peinture-acrylique-500ml-blanc-titane-amsterdam.jpg
1140619531	/p/e/peinture-acrylique-500ml-cyan-primaire-amsterdam-ref-17725722-0.jpg
1140619808	/m/a/masque-en-mousse-techno-ref-5061-0.jpg
1140619833	/s/u/surligneur-couleur-pastel-win-techno-.jpg
1140619834	/c/e/cerne_setacolor_3d_20ml_brod_perle_blanc_pebeo_ref_557201.jpg
1140619835	/c/e/cerne_setacolor_3d_20ml_brod_perle_noir_ref_557205.jpg
1140619836	/c/e/cerne_setacolor_3d_20ml_brod_perle_or_pebeo_ref_557206.jpg
1140619837	/c/e/cerne_setacolor_3d_20ml_brod_perle_argent_pebeo_ref_557207.jpg
1140619838	/a/c/acrylics-studio-medium-lissage-250ml-pebeo-ref-524551.jpg
1140619839	/a/c/acrylics-studio-huile-silicone-50-ml-pebeo-ref-524568.jpg
1140620122	/p/a/papier-a-dessin-aquarelle-pochette-12-feuilles-24cmx32cm-200g-techno-ref-9518-0.jpg
1140620289	/a/l/album-aquarelle-12f-a4-21x29_7cm-300g-techno-ref-9506-0.jpg
1140620290	/a/l/album-aquarelle-12-feuilles-a3-42x29_7cm-300g-techno-ref-9507.jpg
1140620290	/a/l/album-aquarelle-12-feuilles-a3-42x29_7cm-300g-techno-ref-9507_1.jpg
1140620291	/a/l/album-croquis-48f-a5-14_8x21cm-90g-techno-ref-9508-0.jpg
1140620293	/a/l/album-croquis-36f-a4-21x29_7cm-90g-techno-ref-9509-0.jpg
1140620294	/a/l/album-croquis-36f-90g-techno--0.jpg
1140620295	/a/l/album-marker-48f-a4-21x29_7cm-70g-techno-ref-9515-0.jpg
1140620296	/a/l/album-papier-noir-30f-120g-techno--0.jpg
1140620297	/a/l/album-papier-noir-30f-a5-120g-techno-ref-9526-0.jpg
1140621030	/p/r/protege-livre-adhesif-36x50-cm-cristal-transparent-pqt-10-pcs-techno-ref-5219.jpg
1140621034	/s/a/sac-a-dos-bleu-fonce-noir-techno-ref-5281-1.jpg
1140621034	/s/a/sac-a-dos-bleu-fonce-noir-techno-ref-5281-2.jpg
1140621034	/s/a/sac-a-dos-bleu-fonce-noir-techno-ref-5281-3.jpg
1140621034	/s/a/sac-a-dos-bleu-fonce-noir-techno-ref-5281-4.jpg
1140621035	/f/e/feuilles-en-mousse-adhesives-metalliques-a4-paquet-de-10-couleurs-techno-ref-5185-0.jpg
1140621036	/f/e/feuilles-en-mousse-adhesives-holographiques-a4-paquet-10-couleurs-techno-ref-5186-0.jpg
1140621037	/f/e/feuilles-velour-adhesives-paquet-10-couleurs-techno-ref-5187-0_1.jpg
1140621038	/f/e/feuilles-velour-adhesives-paquet-10-couleurs-techno-ref-5187-0.jpg
1140621039	/p/a/papier-ondule-pailette-a3-paquet-10-couleurs-techno-ref-5189-0.jpg
1140621040	/p/a/papier-pailette-adhesif-a4-paquet-10-couleurs-techno-ref-5190-0.jpg
1140621041	/f/e/feuilles-aluminium-adhesives-a4-paquet-10-couleurs-unicolor-techno-ref-5191-0.jpg
1140621042	/f/e/feuilles-aluminium-adhesives-a4-paquet-10-couleurs-etoile-techno-ref-5192-0.jpg
1140621043	/f/e/feuilles-aluminium-adhesives-a4-paquet-10-couleurs-techno--0.jpg
1140621044	/p/a/papier-ondule-a3-paquet-10-couleurs-techno-ref-5194-0.jpg
1140621045	/p/a/papier-ondule-metalise-a3-paquet-10-couleurs-techno-ref-5195-0.jpg
1140621072	/s/t/stylo-gel-retractable-palette-bleu-corps-bleu-stabilo-ref-268-1-41_1.jpg
1140621072	/s/t/stylo-gel-retractable-palette-stabilo_2_4.jpg
1140621072	/s/t/stylo-gel-retractable-palette-stabilo_3_4.jpg
1140621072	/s/t/stylo-gel-retractable-palette-stabilo_4_4.jpg
1140621072	/s/t/stylo-gel-retractable-palette-stabilo_5_4.jpg
1140621072	/s/t/stylo-gel-retractable-palette-stabilo_6_3.jpg
1140621072	/s/t/stylo-gel-retractable-palette-stabilo_7_3.jpg
1140621073	/s/t/stylo-gel-retractable-palette-noir-corps-noir-stabilo-ref-268-1-46_1.jpg
1140621073	/s/t/stylo-gel-retractable-palette-stabilo_5_5_2.jpg
1140621073	/s/t/stylo-gel-retractable-palette-stabilo_4_5_2.jpg
1140621073	/s/t/stylo-gel-retractable-palette-stabilo_2_5_2.jpg
1140621073	/s/t/stylo-gel-retractable-palette-stabilo_3_5_2.jpg
1140621073	/s/t/stylo-gel-retractable-palette-stabilo_6_4_2.jpg
1140621073	/s/t/stylo-gel-retractable-palette-stabilo_7_3_3.jpg
1140621144	/s/t/stylo-gel-retractable-palette-bleu-corps-bleu-ciel-stabilo-ref-268-1-41-1_1.jpg
1140621144	/s/t/stylo-gel-retractable-palette-stabilo_2_3.jpg
1140621144	/s/t/stylo-gel-retractable-palette-stabilo_3_3.jpg
1140621144	/s/t/stylo-gel-retractable-palette-stabilo_4_3.jpg
1140621144	/s/t/stylo-gel-retractable-palette-stabilo_5_3.jpg
1140621144	/s/t/stylo-gel-retractable-palette-stabilo_6_3_1.jpg
1140621144	/s/t/stylo-gel-retractable-palette-stabilo_7_3_1.jpg
1140621145	/s/t/stylo-gel-retractable-palette-bleu-corps-vert-stabilo-ref-268-1-41-2_1.jpg
1140621145	/s/t/stylo-gel-retractable-palette-stabilo_2_7.jpg
1140621145	/s/t/stylo-gel-retractable-palette-stabilo_3_5_1.jpg
1140621145	/s/t/stylo-gel-retractable-palette-stabilo_4_5_1.jpg
1140621145	/s/t/stylo-gel-retractable-palette-stabilo_5_5_1.jpg
1140621145	/s/t/stylo-gel-retractable-palette-stabilo_6_4_1.jpg
1140621145	/s/t/stylo-gel-retractable-palette-stabilo_7_4_1.jpg
1140621146	/s/t/stylo-gel-retractable-palette-noir-corps-rose-stabilo-ref-268-1-46-3_1.jpg
1140621146	/s/t/stylo-gel-retractable-palette-stabilo_6_4_5.jpg
1140621146	/s/t/stylo-gel-retractable-palette-stabilo_7_3_6.jpg
1140621146	/s/t/stylo-gel-retractable-palette-stabilo_3_5_5.jpg
1140621146	/s/t/stylo-gel-retractable-palette-stabilo_2_5_5.jpg
1140621146	/s/t/stylo-gel-retractable-palette-stabilo_4_5_5.jpg
1140621146	/s/t/stylo-gel-retractable-palette-stabilo_5_5_5.jpg
1140621147	/s/t/stylo-gel-retractable-palette-noir-corps-orange-stabilo-ref-268-1-46-4_1.jpg
1140621147	/s/t/stylo-gel-retractable-palette-stabilo_7_3_5.jpg
1140621147	/s/t/stylo-gel-retractable-palette-stabilo_6_4_4.jpg
1140621147	/s/t/stylo-gel-retractable-palette-stabilo_3_5_4.jpg
1140621147	/s/t/stylo-gel-retractable-palette-stabilo_2_5_4.jpg
1140621147	/s/t/stylo-gel-retractable-palette-stabilo_4_5_4.jpg
1140621147	/s/t/stylo-gel-retractable-palette-stabilo_5_5_4.jpg
1140621148	/s/t/stylo-gel-retractable-palette-rouge-corps-rouge-stabilo-ref-268-1-40_1.jpg
1140621148	/s/t/stylo-gel-retractable-palette-stabilo_6_4_7.jpg
1140621148	/s/t/stylo-gel-retractable-palette-stabilo_7_3_8.jpg
1140621148	/s/t/stylo-gel-retractable-palette-stabilo_3_5_7.jpg
1140621148	/s/t/stylo-gel-retractable-palette-stabilo_2_5_7.jpg
1140621148	/s/t/stylo-gel-retractable-palette-stabilo_4_5_7.jpg
1140621148	/s/t/stylo-gel-retractable-palette-stabilo_5_5_7.jpg
1140621252	/e/t/etiquettes-magiques-renard-printemps-soie-herma-ref-15213-0.jpg
1140621253	/e/t/etiquettes-magiques-fleurs-ailes-3d-herma-ref-15144-0.jpg
1140621254	/e/t/etiquettes-magiques-petits-extra-terrestres-stone-herma-ref-15221-0.jpg
1140621255	/e/t/etiquettes-magiques-vie-marine-film-prismatique-herma-ref-3669-0.jpg
1140621256	/e/t/etiquettes-magiques-chevaux-stone-scintillant-herma-ref-3259-0.jpg
1140621258	/e/t/etiquettes-magiques-petits-diamants-stone-herma-ref-15220-0.jpg
1140621259	/e/t/etiquettes-magiques-abeilles-ailes-3d-herma-ref-3227-0.jpg
1140621260	/e/t/etiquettes-magiques-fleurs-diamant-scintillant-herma-ref-6293-0.jpg
1140621261	/e/t/etiquettes-magiques-papillons-jewel-herma-ref-6934-0.jpg
1140621262	/e/t/etiquettes-magiques-coccinelle-yeux-mobiles-herma-ref-6823-0.jpg
1140621263	/e/t/etiquettes-magiques-petit-dino-yeux-mobiles-herma-ref-15512-0.jpg
1140621264	/e/t/etiquettes-magiques-petits-pirates-stone-herma-ref-15218-0.jpg
1140621265	/e/t/etiquettes-magiques-petits-bonbons-stone-herma-ref-15219-0.jpg
1140621266	/e/t/etiquettes-lettres-en-crystal-herma--0_1.jpg
1140621267	/e/t/etiquettes-crystal-lettre-b-herma-ref-15331-0.jpg
1140621268	/e/t/etiquettes-crystal-lettre-c-herma-ref-15332-0.jpg
1140621287	/e/t/etiquettes-crystal-lettre-d-herma-ref-15333-0.jpg
1140621288	/e/t/etiquettes-crystal-lettre-e-herma-ref-15334-0.jpg
1140621289	/e/t/etiquettes-crystal-lettre-f-herma-ref-15335-0.jpg
1140621290	/e/t/etiquettes-crystal-lettre-g-herma-ref-15336-0.jpg
1140621291	/e/t/etiquettes-crystal-lettre-h-herma-ref-15337-0.jpg
1140621292	/e/t/etiquettes-crystal-lettre-i-herma-ref-15338-0.jpg
1140621293	/e/t/etiquettes-crystal-lettre-j-herma-ref-15339-0.jpg
1140621294	/e/t/etiquettes-crystal-lettre-k-herma-ref-15340-0.jpg
1140621295	/e/t/etiquettes-crystal-lettre-l-herma-ref-15341-0.jpg
1140621296	/e/t/etiquettes-crystal-lettre-m-herma-ref-15342-0.jpg
1140621297	/e/t/etiquettes-crystal-lettre-n-herma-ref-15343-0.jpg
1140621298	/e/t/etiquettes-crystal-lettre-o-herma-ref-15344-0.jpg
1140621299	/e/t/etiquettes-crystal-lettre-p-herma-ref-15345-0.jpg
1140621300	/e/t/etiquettes-crystal-lettre-q-herma-ref-15346-0.jpg
1140621301	/e/t/etiquettes-crystal-lettre-r-herma-ref-15347-0.jpg
1140621302	/e/t/etiquettes-crystal-lettre-s-herma-ref-15348-0.jpg
1140621303	/e/t/etiquettes-crystal-lettre-t-herma-ref-15349-0.jpg
1140621304	/e/t/etiquettes-crystal-lettre-u-herma-ref-15350-0.jpg
1140621305	/e/t/etiquettes-crystal-lettre-v-herma-ref-15351-0.jpg
1140621306	/e/t/etiquettes-crystal-lettre-w-herma-ref-15352-0_2.jpg
1140621307	/e/t/etiquettes-crystal-lettre-x-herma-ref-15353-0.jpg
1140621308	/e/t/etiquettes-crystal-lettre-y-herma-ref-15354-0.jpg
1140621309	/e/t/etiquettes-crystal-lettre-z-herma-ref-15355-0.jpg
1140621310	/e/t/etiquettes-symboles-en-crystal-herma--0_1.jpg
1140621311	/e/t/etiquettes-crystal-symbole-_-herma-ref-15367-0.jpg
1140621312	/e/t/etiquettes-crystal-poussette-herma-ref-15368-0.jpg
1140621313	/e/t/etiquettes-crystal-etoile-herma-ref-15370-0.jpg
1140621314	/e/t/etiquettes-crystal-poisson-herma-ref-15371-0.jpg
1140621315	/e/t/etiquettes-crystal-happy-face-herma-ref-15374-0.jpg
1140621316	/e/t/etiquettes-crystal-anneau-herma-ref-15375-0.jpg
1140621317	/e/t/etiquettes-crystal-fleur-herma-ref-15376-0.jpg
1140621318	/e/t/etiquettes-crystal-ballon-herma-ref-15377.jpg
1140621319	/e/t/etiquettes-crystal-feuille-de-trefle-herma-ref-15378-0.jpg
1140621320	/e/t/etiquettes-crystal-papillon-herma-ref-15379-0.jpg
1140621321	/e/t/etiquettes-crystal-friends-herma-ref-15380-0.jpg
1140621322	/e/t/etiquettes-crystal-peace-herma-ref-15381-0.jpg
1140621323	/e/t/etiquettes-crystal-love-herma-ref-15383-0.jpg
1140621324	/e/t/etiquettes-crystal-doubles-c_urs-herma-ref-15385-0.jpg
1140621325	/e/t/etiquettes-crystal-pieds-de-bebe-herma-ref-15387-0.jpg
1140621326	/e/t/etiquettes-crystal-etoile-argent-et-bleu-herma-ref-15388-0.jpg
1140621327	/e/t/etiquettes-crystal-lezard-herma-ref-15389-0.jpg
1140621328	/e/t/etiquettes-chiffres-en-crystal-herma--0_1.jpg
1140621329	/e/t/etiquettes-crystal-chiffre-2-herma-ref-15358-0.jpg
1140621330	/e/t/etiquettes-crystal-chiffre-3-herma-ref-15359-0.jpg
1140621331	/e/t/etiquettes-crystal-chiffre-4-herma-ref-15360-0.jpg
1140621332	/e/t/etiquettes-crystal-chiffre-6-herma-ref-15362-0.jpg
1140621333	/e/t/etiquettes-crystal-chiffre-7-herma-ref-15363-0.jpg
1140621334	/e/t/etiquettes-crystal-chiffre-8-herma-ref-15364-0.jpg
1140621335	/e/t/etiquettes-crystal-chiffre-9-herma-ref-15365-0.jpg
1140621336	/e/t/etiquettes-magiques-funny-faces-yeux-mobiles-herma-ref-15210-0.jpg
1140621437	/s/t/stylo-a-bille-wave-1_0-mm-bleu-techno-ref-5140-1.jpg
1140621437	/s/t/stylo-a-bille-wave-1_0-mm-bleu-techno-ref-5140-2.jpg
1140621437	/s/t/stylo-a-bille-wave-1_0-mm-bleu-techno-ref-5140.jpg
1140621437	/s/t/stylo-a-bille-wave-1_0-mm-techno-3.jpg
1140621438	/s/t/stylo-a-bille-wave-1_0-mm-noir-techno-ref-5141-4.jpg
1140621438	/s/t/stylo-a-bille-wave-1_0-mm-noir-techno-ref-5141.jpg
1140621438	/s/t/stylo-a-bille-wave-1_0-mm-noir-techno-ref-5141-3.jpg
1140621438	/s/t/stylo-a-bille-wave-1_0-mm-techno-3_1.jpg
1140621439	/s/t/stylo-a-bille-wave-1_0-mm-vert-techno-ref-5142-1.jpg
1140621439	/s/t/stylo-a-bille-wave-1_0-mm-vert-techno-ref-5142-2.jpg
1140621439	/s/t/stylo-a-bille-wave-1_0-mm-vert-techno-ref-5142-4.jpg
1140621439	/s/t/stylo-a-bille-wave-1_0-mm-techno-3_3.jpg
1140621440	/s/t/stylo-a-bille-wave-1_0-mm-rouge-techno-ref-5143-1.jpg
1140621440	/s/t/stylo-a-bille-wave-1_0-mm-rouge-techno-ref-5143.jpg
1140621440	/s/t/stylo-a-bille-wave-1_0-mm-rouge-techno-ref-5143-3.jpg
1140621440	/s/t/stylo-a-bille-wave-1_0-mm-techno-3_2.jpg
1140621441	/s/t/stylo-a-bille-trirow-1_0-mm-bleu-techno-ref-5144.jpg
1140621441	/s/t/stylo-a-bille-trirow-1_0-mm-bleu-techno-ref-5144-1.jpg
1140621441	/s/t/stylo-a-bille-trirow-1_0-mm-bleu-techno-ref-5144-2.jpg
1140621441	/s/t/stylo-a-bille-trirow-1_0-mm-bleu-techno-ref-5144-3.jpg
1140621441	/s/t/stylo-a-bille-trirow-1_0-mm-techno-4.jpg
1140621442	/s/t/stylo-a-bille-trirow-1_0-mm-noir-techno-ref-5145.jpg
1140621442	/s/t/stylo-a-bille-trirow-1_0-mm-noir-techno-ref-5145-1.jpg
1140621442	/s/t/stylo-a-bille-trirow-1_0-mm-noir-techno-ref-5145-2.jpg
1140621442	/s/t/stylo-a-bille-trirow-1_0-mm-techno-4_1.jpg
1140621443	/s/t/stylo-a-bille-trirow-1_0-mm-vert-techno-ref-5146.jpg
1140621443	/s/t/stylo-a-bille-trirow-1_0-mm-vert-techno-ref-5146-1.jpg
1140621443	/s/t/stylo-a-bille-trirow-1_0-mm-vert-techno-ref-5146-2.jpg
1140621443	/s/t/stylo-a-bille-trirow-1_0-mm-techno-4_1_2.jpg
1140621444	/s/t/stylo-a-bille-trirow-1_0-mm-rouge-techno-ref-5147_1.jpg
1140621444	/s/t/stylo-a-bille-trirow-1_0-mm-rouge-techno-ref-5147-1_1.jpg
1140621444	/s/t/stylo-a-bille-trirow-1_0-mm-rouge-techno-ref-5147-2_1.jpg
1140621444	/s/t/stylo-a-bille-trirow-1_0-mm-techno-4_1_1.jpg
1140621445	/c/o/colle-universal-colmax-17g-techno-ref-5237-0.jpg
1140621446	/c/o/colle-universal-colmax-35g-techno-ref-5238-0.jpg
1140621447	/c/o/colle-universal-colmax-techno--0.jpg
1140621447	/c/o/colle-universal-colmax-techno--1.jpg
1140621449	/p/o/pochettes-kraft-f23-adhesive-229x324-pqt-25-techno-ref-5513-0.jpg
1140621451	/p/o/pochettes-blanchesadhesive-f23-229x324-pqt-25-techno-ref-5511-0.jpg
1140621453	/p/o/pochettes-kraft-techno--0.jpg
1140621455	/p/o/pochettes-blanches-adhesive-techno--0_1.jpg
1140621457	/p/o/pochettes-kraft-f26-adhesive-280x365-pqt-25-techno-ref-5521-0.jpg
1140621459	/p/o/pochettes-blanchesadhesive-f26-280x365-pqt-25-techno-ref-5519-0.jpg
1140621461	/p/o/pochettes-kraft-f24-adhesive-260x330-pqt-25-techno-ref-5517-0.jpg
1140621463	/p/o/pochettes-blanchesadhesive-f24-260x330-pqt-25-techno-ref-5515-0.jpg
1140621465	/e/n/enveloppes-blanches-techno--0.jpg
1140621468	/e/n/enveloppes-blanches-f16-adhesive-162x229-pqt-25-techno-ref-5505-0.jpg
1140621470	/e/n/enveloppes-blanches-f15-adhesive-110x220-pqt-25-techno-ref-5503-0.jpg
1140621544	/a/g/agrafeuse-geante-metallique-100-feuilles-80g-m2-techno-ref-5224.jpg
1140621544	/a/g/agrafeuse-geante-metallique-100-feuilles-80g-m2-techno-ref-5224-2.jpg
1140621545	/a/g/agrafeuse-geante-metallique-100-feuilles-80g-m2-techno-ref-5224_1.jpg
1140621545	/a/g/agrafeuse-geante-metallique-100-feuilles-80g-m2-techno-ref-5224-2_1.jpg
1140621555	/p/i/pistolet-de-colle-10-w-techno-ref-5464_cyan.jpg
1140621555	/p/i/pistolet-de-colle-10-w-techno-ref-5464_vert.jpg
1140621555	/p/i/pistolet-de-colle-10-w-techno-ref-5464_noir.jpg
1140621555	/p/i/pistolet-de-colle-10-w-techno-ref-5464_rose.jpg
1140621555	/p/i/pistolet-de-colle-10-w-techno-ref-5464_cyan_1.jpg
1140621555	/p/i/pistolet-de-colle-10-w-techno-ref-5464_noir_1.jpg
1140621555	/p/i/pistolet-de-colle-10-w-techno-ref-5464_rose_1.jpg
1140621555	/p/i/pistolet-de-colle-10-w-techno-ref-5464_vert_1.jpg
1140621556	/p/i/pistolet-de-colle-10-w-avec-switch-on-off-techno-ref-5437_rose.jpg
1140621556	/p/i/pistolet-de-colle-10-w-avec-switch-on-off-techno-ref-5437_rose_1.jpg
1140621556	/p/i/pistolet-de-colle-10-w-avec-switch-on-off-techno-ref-5437_vert.jpg
1140621556	/p/i/pistolet-de-colle-10-w-avec-switch-on-off-techno-ref-5437_vert_1.jpg
1140621556	/p/i/pistolet-de-colle-10-w-avec-switch-on-off-techno-ref-5437_cyan.jpg
1140621556	/p/i/pistolet-de-colle-10-w-avec-switch-on-off-techno-ref-5437_cyan_1.jpg
1140621557	/p/i/pistolet-de-colle-20-w-techno-ref-5465_vert.jpg
1140621557	/p/i/pistolet-de-colle-20-w-techno-ref-5465_noir.jpg
1140621557	/p/i/pistolet-de-colle-20-w-techno-ref-5465_noir_1.jpg
1140621557	/p/i/pistolet-de-colle-20-w-techno-ref-5465_rose_1.jpg
1140621557	/p/i/pistolet-de-colle-20-w-techno-ref-5465_vert_1.jpg
1140621558	/p/i/pistolet-de-colle-40-w-techno-ref-5466_bleu.jpg
1140621558	/p/i/pistolet-de-colle-40-w-techno-ref-5466_noir.jpg
1140621558	/p/i/pistolet-de-colle-40-w-techno-ref-5466_bleu_1.jpg
1140621558	/p/i/pistolet-de-colle-40-w-techno-ref-5466_noir_1.jpg
1140621559	/p/i/pistolet-de-colle-60-w-techno-ref-5467_noir.jpg
1140621559	/p/i/pistolet-de-colle-60-w-techno-ref-5467_bleu.jpg
1140621559	/p/i/pistolet-de-colle-60-w-techno-ref-5467_noir_1.jpg
1140621559	/p/i/pistolet-de-colle-60-w-techno-ref-5467_bleu_1.jpg
1140621564	/c/a/calculatrice-scientifique-252-fonctions-2eme-edition-casio-ref-fx-82esplus-2-1.jpg
1140621565	/c/a/calculatrice-scientifique-417-fonctions-2eme-edition-casio-ref-fx-991esplus-2-1.jpg
1140621565	/c/a/casio_offre_1_semaine-01.png
1140621572	/v/e/vernis-acrylique-satin-aerosol-de-200-ml-pebeo-ref-520235.png
1140621607	/s/t/stylo-roller-worker-avec-medium-vert-stabilo-ref-2018-368_1.jpg
1140621607	/s/t/stylo-roller-worker-avec-medium-vert-stabilo-ref-2018-36_2.jpg
1140621608	/s/t/stylo-roller-worker-avec-medium-rouge-stabilo-ref-2018-40_1.jpg
1140621608	/s/t/stylo-roller-worker-avec-medium-rouge-stabilo-ref-2018-40_2.jpg
1140621609	/s/t/stylo-roller-worker-avec-medium-bleu-stabilo-ref-2018-41_1.jpg
1140621609	/s/t/stylo-roller-worker-avec-medium-bleu-stabilo-ref-2018-41_3.jpg
1140621609	/s/t/stylo-roller-worker-avec-medium-bleu-stabilo-ref-2018-41_2.jpg
1140621611	/s/t/stylo-roller-worker-avec-medium-noir-stabilo-ref-2018-46_1.jpg
1140621611	/s/t/stylo-roller-worker-avec-medium-noir-stabilo-ref-2018-46_3.jpg
1140621611	/s/t/stylo-roller-worker-avec-medium-noir-stabilo-ref-2018-46_2.jpg
1140621612	/c/r/crayon-pastel-carbothello-blanc-titane-stabilo-ref-1400-100-0.jpg
1140621619	/c/r/crayons-de-couleur-stabilo-original-stabilo-0.jpg
1140621622	/f/e/feutre-pen-68-metallic-en-pochette-de-8-pcs-stabilo-ref-6808-8-11_1.jpg
1140621622	/f/e/feutre-pen-68-metallic-en-pochette-de-8-pcs-stabilo-ref-6808-8-1_2.jpg
1140621622	/f/e/feutre-pen-68-metallic-en-pochette-de-8-pcs-stabilo-ref-6808-8-1_3.jpg
1140621623	/f/e/feutre-pinceau-pen-68-brush-jaune-stabilo-ref-568-44-1.jpg
1140621623	/f/e/feutre-pinceau-pen-68-brush-jaune-stabilo-ref-568-44.jpg
1140621624	/f/e/feutre-pinceau-pen-68-brush-orange-stabilo-ref-568-54-1.jpg
1140621624	/f/e/feutre-pinceau-pen-68-brush-orange-stabilo-ref-568-54.jpg
1140621625	/f/e/feutre-pinceau-pen-68-brush-carmine-stabilo-ref-568-48-1.jpg
1140621625	/f/e/feutre-pinceau-pen-68-brush-carmine-stabilo-ref-568-48.jpg
1140621626	/f/e/feutre-pinceau-pen-68-brush-rouge-fonce-stabilo-ref-568-50-1.jpg
1140621626	/f/e/feutre-pinceau-pen-68-brush-rouge-fonce-stabilo-ref-568-50.jpg
1140621627	/f/e/feutre-pinceau-pen-68-brush-rose-fluo-stabilo-ref-568-19.jpg
1140621627	/f/e/feutre-pinceau-pen-68-brush-rose-fluo-stabilo-ref-568-19-1.jpg
1140621628	/f/e/feutre-pinceau-pen-68-brush-lilas-stabilo-ref-568-58.jpg
1140621628	/f/e/feutre-pinceau-pen-68-brush-lilas-stabilo-ref-568-58-1.jpg
1140621629	/f/e/feutre-pinceau-pen-68-brush-violet-stabilo-ref-568-55-1.jpg
1140621629	/f/e/feutre-pinceau-pen-68-brush-violet-stabilo-ref-568-55.jpg
1140621630	/f/e/feutre-pinceau-pen-68-brush-bleu-de-prusse-stabilo-ref-568-22-1.jpg
1140621630	/f/e/feutre-pinceau-pen-68-brush-bleu-de-prusse-stabilo-ref-568-22.jpg
1140621632	/f/e/feutre-pinceau-pen-68-brush-bleu-outremer-stabilo-ref-568-32_1.jpg
1140621632	/f/e/feutre-pinceau-pen-68-brush-bleu-outremer-stabilo-ref-568-32_2.jpg
1140621633	/f/e/feutre-pinceau-pen-68-brush-bleu-fonce-stabilo-ref-568-41-1.jpg
1140621633	/f/e/feutre-pinceau-pen-68-brush-bleu-fonce-stabilo-ref-568-41.jpg
1140621636	/f/e/feutre-pinceau-pen-68-brush-vert-clair-stabilo-ref-568-33-1.jpg
1140621636	/f/e/feutre-pinceau-pen-68-brush-vert-clair-stabilo-ref-568-33.jpg
1140621637	/f/e/feutre-pinceau-pen-68-brush-vert-feuille-stabilo-ref-568-43-1.jpg
1140621637	/f/e/feutre-pinceau-pen-68-brush-vert-feuille-stabilo-ref-568-43.jpg
1140621638	/f/e/feutre-pinceau-pen-68-brush-vert-stabilo-ref-568-36-1.jpg
1140621638	/f/e/feutre-pinceau-pen-68-brush-vert-stabilo-ref-568-36.jpg
1140621639	/f/e/feutre-pinceau-pen-68-brush-turquoise-stabilo-ref-568-51-1.jpg
1140621639	/f/e/feutre-pinceau-pen-68-brush-turquoise-stabilo-ref-568-51.jpg
1140621640	/f/e/feutre-pinceau-pen-68-brush-ocre-fonce-stabilo-ref-568-89-1.jpg
1140621640	/f/e/feutre-pinceau-pen-68-brush-ocre-fonce-stabilo-ref-568-89.jpg
1140621641	/f/e/feutre-pinceau-pen-68-brush-abricot-stabilo-ref-568-26-1.jpg
1140621641	/f/e/feutre-pinceau-pen-68-brush-abricot-stabilo-ref-568-26.jpg
1140621642	/f/e/feutre-pinceau-pen-68-brush-marron-stabilo-ref-568-45-1.jpg
1140621642	/f/e/feutre-pinceau-pen-68-brush-marron-stabilo-ref-568-45.jpg
1140621643	/f/e/feutre-pinceau-pen-68-brush-gris-moyennement-clair-stabilo-ref-568-95-1.jpg
1140621643	/f/e/feutre-pinceau-pen-68-brush-gris-moyennement-clair-stabilo-ref-568-95.jpg
1140621645	/s/t/st_28151_568_46_pen68-brush_closed-pen_side-view_c_rgb_jpg_300dpi.jpg
1140621645	/s/t/st_28150_568_46_pen68-brush_open-pen_side-view_c_rgb_jpg_300dpi_1.jpg
1140621647	/f/e/feutre-pinceau-pen-68-brush-en-pochette-de-12-pcs-stabilo-ref-568-12-21_1_1.jpg
1140621647	/f/e/feutre-pinceau-pen-68-brush-en-pochette-de-12-pcs-stabilo-ref-568-12-21_2_1.jpg
1140621647	/f/e/feutre-pinceau-pen-68-brush-en-pochette-de-12-pcs-stabilo-ref-568-12-21_3_1.jpg
1140621647	/f/e/feutre-pinceau-pen-68-brush-en-pochette-de-12-pcs-stabilo-ref-568-12-21_4_1.jpg
1140621675	/s/u/surligneur-boss-mini-pastellove-en-pochette-de-03-couleurs-stabilo-ref-07-03-47-0.jpg
1140621675	/s/u/surligneur-boss-mini-pastellove-en-pochette-de-03-couleurs-stabilo-ref-07-03-47-1.jpg
1140621675	/s/u/surligneur-boss-mini-pastellove-en-pochette-de-03-couleurs-stabilo-ref-07-03-47-2.jpg
1140621675	/s/u/surligneur-boss-mini-pastellove-stabilo-ref-07-50-07-5_2.jpg
1140621675	/s/u/surligneur-boss-mini-pastellove-stabilo-ref-07-50-07-6_2.jpg
1140621675	/s/u/surligneur-boss-mini-pastellove-stabilo-ref-07-50-07-4_2.jpg
1140621675	/s/u/surligneur-boss-mini-pastellove-stabilo-ref-07-50-07-2_2.jpg
1140621675	/s/u/surligneur-boss-mini-pastellove-stabilo-ref-07-50-07-3_2.jpg
1140621676	/s/u/surligneur-fluo-boss-pastellove-en-pochette-de-03-couleurs-stabilo-ref-07-03-57-0.jpg
1140621676	/s/u/surligneur-fluo-boss-pastellove-en-pochette-de-03-couleurs-stabilo-ref-07-03-57-1.jpg
1140621676	/s/u/surligneur-fluo-boss-pastellove-en-pochette-de-03-couleurs-stabilo-ref-07-03-57-2.jpg
1140621676	/s/u/surligneur-boss-mini-pastellove-stabilo-ref-07-50-07-3_1.jpg
1140621676	/s/u/surligneur-boss-mini-pastellove-stabilo-ref-07-50-07-5_1.jpg
1140621676	/s/u/surligneur-boss-mini-pastellove-stabilo-ref-07-50-07-6_1.jpg
1140621676	/s/u/surligneur-boss-mini-pastellove-stabilo-ref-07-50-07-4_1.jpg
1140621676	/s/u/surligneur-boss-mini-pastellove-stabilo-ref-07-50-07-2_1.jpg
1140621677	/s/u/surligneur-fluo-boss-pastellove-en-pochette-de-06-couleurs-stabilo-ref-07-06-27-0.jpg
1140621677	/s/u/surligneur-boss-mini-pastellove-stabilo-ref-07-50-07-0.jpg
1140621677	/s/u/surligneur-boss-mini-pastellove-stabilo-ref-07-50-07-1.jpg
1140621677	/s/u/surligneur-boss-mini-pastellove-stabilo-ref-07-50-07-2.jpg
1140621677	/s/u/surligneur-boss-mini-pastellove-stabilo-ref-07-50-07-3.jpg
1140621677	/s/u/surligneur-boss-mini-pastellove-stabilo-ref-07-50-07-5.jpg
1140621677	/s/u/surligneur-boss-mini-pastellove-stabilo-ref-07-50-07-6.jpg
1140621677	/s/u/surligneur-boss-mini-pastellove-stabilo-ref-07-50-07-4.jpg
1140621687	/5/2/5283-4.jpg
1140621687	/5/2/5283-2.jpg
1140621687	/5/2/5283-3.jpg
1140621687	/5/2/5283-1.jpg
1140621688	/4/_/4.jpg
1140621688	/5/2/5284-2.jpg
1140621688	/3/_/3.jpg
1140621688	/5/2/5284-1.jpg
1140621689	/s/a/sac-a-dos-compartiment-laptop-avec-usb-gris-fonce-techno-ref-5285.jpg
1140621689	/s/a/sac-a-dos-compartiment-laptop-avec-usb-gris-fonce-techno-ref-5285-1.jpg
1140621689	/s/a/sac-a-dos-compartiment-laptop-avec-usb-gris-fonce-techno-ref-5285-2.jpg
1140621689	/s/a/sac-a-dos-compartiment-laptop-avec-usb-gris-fonce-techno-ref-5285-3.jpg
1140621698	/f/e/feutre-de-coloriage-trio-scribbi-set-de-bureau-de-12-couleurs-stabilo-ref-368-12-01_1.jpg
1140621698	/f/e/feutre-de-coloriage-trio-scribbi-set-de-bureau-de-12-couleurs-stabilo-ref-368-12-01_2.jpg
1140621698	/f/e/feutre-de-coloriage-trio-scribbi-set-de-bureau-de-12-couleurs-stabilo-ref-368-12-01_3.jpg
1140621698	/f/e/feutre-de-coloriage-trio-scribbi-set-de-bureau-de-12-couleurs-stabilo-ref-368-12-01_4.jpg
1140621698	/f/e/feutre-de-coloriage-trio-scribbi-set-de-bureau-de-12-couleurs-stabilo-ref-368-12-01-5.jpg
1140621698	/f/e/feutre-de-coloriage-trio-scribbi-set-de-bureau-de-12-couleurs-stabilo-ref-368-12-01-6.jpg
1140621698	/f/e/feutre-de-coloriage-trio-scribbi-set-de-bureau-de-12-couleurs-stabilo-ref-368-12-01-7.jpg
1140621698	/f/e/feutre-de-coloriage-trio-scribbi-set-de-bureau-de-12-couleurs-stabilo-ref-368-12-01-8.jpg
1140621698	/f/e/feutre-de-coloriage-trio-scribbi-set-de-bureau-de-12-couleurs-stabilo-ref-368-12-01-9.jpg
1140621698	/f/e/feutre-de-coloriage-trio-scribbi-set-de-bureau-de-12-couleurs-stabilo-ref-368-12-01-10.jpg
1140621698	/f/e/feutre-de-coloriage-trio-scribbi-set-de-bureau-de-12-couleurs-stabilo-ref-368-12-01-11.jpg
1140621698	/f/e/feutre-de-coloriage-trio-scribbi-set-de-bureau-de-12-couleurs-stabilo-ref-368-12-01-12.jpg
1140621698	/f/e/feutre-de-coloriage-trio-scribbi-set-de-bureau-de-12-couleurs-stabilo-ref-368-12-01-13.jpg
1140621698	/f/e/feutre-de-coloriage-trio-scribbi-set-de-bureau-de-12-couleurs-stabilo-ref-368-12-01-14.jpg
1140621698	/f/e/feutre-de-coloriage-trio-scribbi-set-de-bureau-de-12-couleurs-stabilo-ref-368-12-01-15.jpg
1140621698	/f/e/feutre-de-coloriage-trio-scribbi-set-de-bureau-de-12-couleurs-stabilo-ref-368-12-01-16.jpg
1140621830	/n/o/note_book_reliure_integrale_200_p_a4_5x5_mm_70g_techno_ref_9552.png
1140621832	/n/o/note_book_reliure_integrale_300p_a4_5x5_mm_70g_techno_ref_9553.png
1140621833	/n/o/note_book_reliure_integrale_192p_a4_seyes_70g_techno_ref_9554.png
1140621837	/n/o/note_book_reliure_integrale_288p_a4_seyes_70g_techno_ref_9555.png
1140621997	/n/o/notebook_reliure_9556.png
1140622006	/e/t/etiquettes-magic-butterflies-3d-wings-herma-ref-15515-0.jpg
1140622007	/e/t/etiquettes-magic-blossoms-3d-wings-herma-ref-15516-0.jpg
1140622008	/e/t/etiquettes-stickers-magic-sweeties-glittery-herma-ref-15517-0.jpg
1140622009	/e/t/etiquettes-stickers-magic-balloons-glittery-herma-ref-15518-0.jpg
1140622010	/e/t/etiquettes-stickers-magic-flower-love-jewel-herma-ref-15519-0.jpg
1140622011	/e/t/etiquettes-stickers-magic-i-love-summer-jewel-herma-ref-15520-0.jpg
1140622187	/e/t/etiquettes-pour-crayons-herma-ref-15238-0.jpg
1140622241	/b/o/boite-dejeuner-pink-origins-maped-ref-870101_1.jpg
1140622241	/b/o/boite-dejeuner-pink-origins-maped-ref-870101.jpg
1140622242	/b/o/boite-dejeuner-turquoise-origins-maped-ref-870102.jpg
1140622242	/b/o/boite-dejeuner-turquoise-origins-maped-ref-870102_1.jpg
1140622243	/b/o/boite-dejeuner-rouge-origins-maped-ref-870103.jpg
1140622243	/b/o/boite-dejeuner-rouge-origins-maped-ref-870103_1.jpg
1140622244	/b/o/boite-dejeuner-blue-green-origins-maped-ref-870104.jpg
1140622244	/b/o/boite-dejeuner-blue-green-origins-maped-ref-870104_1.jpg
1140622245	/b/o/boite-a-gouter-kids-pink-origins-maped-ref-870301_1.jpg
1140622245	/b/o/boite-a-gouter-kids-pink-origins-maped-ref-870301.jpg
1140622246	/b/o/boite-a-gouter-kids-turquoise-origins-maped-ref-870302.jpg
1140622246	/b/o/boite-a-gouter-kids-turquoise-origins-maped-ref-870302_1.jpg
1140622247	/b/o/boite-a-gouter-kids-red-origins-maped-ref-870303.jpg
1140622247	/b/o/boite-a-gouter-kids-red-origins-maped-ref-870303_1.jpg
1140622248	/b/o/boite-a-gouter-kids-blue-green-origins-maped-ref-870304.jpg
1140622248	/b/o/boite-a-gouter-kids-blue-green-origins-maped-ref-870304_1.jpg
1140622248	/b/o/boite-a-gouter-kids-blue-green-origins-maped-ref-870304_2.jpg
1140622592	/c/r/crayons-de-couleurs-de-12-pcs-effacable-wow-techno-ref-5399.jpg
1140622614	/p/e/peinture-vitrea-160-brillant-flacon-de-45ml-rose-vif-pebeo-ref-111021.jpg
1140622615	/p/e/peinture_vitrea_160_brillant_flacon_de_45ml_cyan_pebeo_ref_111022.jpg
1140622616	/p/e/peinture-vitrea-160-brillant-flacon-de-45ml-rose-clair-pebeo-ref-111030.jpg
1140622633	/p/e/peinture_vitrea_160_flacon_de_45ml_or_moire_pebeo_ref_113067.jpg
1140622647	/s/a/sac-a-dos-orthopedique-next-adventure-tiger-family-ref-2051-g-0.jpg
1140622648	/s/a/sac-a-dos-orthopedique-glittery-night-tiger-family-ref-2053-f-0.jpg
1140622649	/s/a/sac-a-dos-orthopedique-super-galaxy-tiger-family-ref-2053-g-0.jpg
1140622650	/s/a/sac-a-dos-ergonomique-glittery-night-tiger-family-ref-2032-f-0.png
1140622651	/s/a/sac-a-dos-ergonomique-glittery-night-tiger-family-ref-2032-g-0.png
1140622652	/s/a/sac-a-dos-ergonomique-glittery-night-tiger-family-ref-2002-f-0.jpg
1140622653	/s/a/sac-a-dos-ergonomique-super-galaxy-tiger-family-ref-2002-g-0_1.jpg
1140622669	/t/r/trousse-ovale-a-rabat-purple-divine-tiger-family-ref-tr200-f-0.jpg
1140622687	/t/r/trousse-pot-a-crayons-crazy-car-tiger-family-ref-tr205-g-0.jpg
1140622688	/a/q/aquarelle-12-pastilles-de-25mm-avec-pinceau-primo-ref-101a12to.jpg
1140622689	/a/q/aquarelle-12-pastilles-de-25mm-avec-pinceau-primo-ref-110a12b.jpg
1140622698	/a/q/aquarelle-12-pastilles-de-44mm-avec-pinceau-primo-ref-102a12tom.jpg
1140622699	/a/q/aquarelle-12-pastilles-fluo-metal-de-30mm-avec-pinceau-primo-ref-115a12fm.jpg
1140622700	/g/o/gouache-en-pot-14x4_5ml-avec-pinceau-primo-ref-439t14bl.jpg
1140622701	/g/o/gouache-en-tube-12x12ml-04-fluo-avec-08-metalise-primo-ref-450t12fmp.jpg
1140622702	/g/o/gouache-en-pot-18-x-25ml-fluo-et-metalise-primo-ref-258tb18fmp.jpg
1140622703	/g/o/gouache-haute-qualite-flacon-de-300ml-blanc-primo-ref-233tm300100.jpg
1140622704	/g/o/gouache-haute-qualite-flacon-de-300ml-jaune-primo-ref-233tm300210.jpg
1140622772	/g/o/gouache-haute-qualite-flacon-de-300ml-rouge-primo-ref-233tm300300.jpg
1140622773	/g/o/gouache-haute-qualite-flacon-de-300ml-violet-primo-ref-233tm300400.jpg
1140622774	/g/o/gouache-haute-qualite-flacon-de-300ml-bleu-primo-ref-233tm300500.jpg
1140622775	/g/o/gouache-haute-qualite-flacon-de-300ml-vert-primo-ref-233tm300610.jpg
1140622776	/g/o/gouache-haute-qualite-flacon-de-300ml-noir-primo-ref-233tm300800.jpg
1140622777	/g/o/gouache-haute-qualite-flacon-de-300ml-argentee-primo-ref-233tm300910.jpg
1140622778	/g/o/gouache-haute-qualite-flacon-de-300ml-doree-primo-ref-233tm300920.jpg
1140622779	/g/o/gouache-haute-qualite-flacon-de-300ml-cuivre-primo-ref-233tm300930.jpg
1140622780	/g/o/gouache-haute-qualite-flacon-de-300ml-jaune-fluo-primo-ref-255tf300210.jpg
1140622781	/g/o/gouache-haute-qualite-flacon-de-300ml-orange-fluo-primo-ref-255tf300250.jpg
1140622782	/g/o/gouache-haute-qualite-flacon-de-300ml-rouge-fluo-primo-ref-255tf300300.jpg
1140622783	/g/o/gouache-haute-qualite-flacon-de-300ml-rose-fluo-primo-ref-255tf300370.jpg
1140622784	/g/o/gouache-haute-qualite-flacon-de-300ml-bleu-turquoi-fluo-primo-ref-255tf300560.jpg
1140622785	/g/o/gouache-haute-qualite-flacon-de-300ml-vert-fluo-primo-ref-255tf300610.jpg
1140622786	/g/o/gouache-tempera-liquide-flacon-de-250-ml-vert-brillant-primo-ref-2025br250610.jpg
1140622787	/g/o/gouache-tempera-liquide-flacon-de-250-ml-burnt-siena-primo-ref-2025br250730.jpg
1140622789	/g/o/gouache-tempera-liquide-flacon-de-500-ml-orange-primo-ref-202br500250.jpg
1140622790	/g/o/gouache-tempera-liquide-flacon-de-500-ml-vermillion-primo-ref-202br500300.jpg
1140622791	/g/o/gouache-tempera-liquide-flacon-de-500-ml-violet-primo-ref-202br500400.jpg
1140622792	/g/o/gouache-tempera-liquide-flacon-de-1000-ml-vermillion-primo-ref-204br1000300.jpg
1140622793	/g/o/gouache-tempera-liquide-flacon-de-1000-ml-vert-clair-primo-ref-204br1000600.jpg
1140622794	/g/o/gouache-tempera-liquide-flacon-de-1000ml-vert-brillant-primo-ref-204br1000610.jpg
1140622810	/c/r/crayons-de-couleurs-trino-mini-boite-de-06-pieces-techno-ref-5292.jpg
1140622811	/c/r/crayons-de-couleurs-trino-boite-de-06-pcs-techno-ref-5293.jpg
1140622812	/c/r/crayons-de-couleurs-trino-mini-boite-de-12-pieces-techno-ref-5294.png
1140622812	/c/r/crayons-de-couleurs-trino-mini-boite-de-12-pieces-techno-ref-5294-1.png
1140622812	/c/r/crayons-de-couleurs-trino-mini-boite-de-12-pieces-techno-ref-5294-3.jpg
1140622813	/c/r/crayons-de-couleurs-trino-boite-de-12-pieces-techno-ref-5295.jpg
1140622813	/c/r/crayons-de-couleurs-trino-boite-de-12-pieces-techno-ref-5295-2.jpg
1140622813	/c/r/crayons-de-couleurs-trino-boite-de-12-pieces-techno-ref-5295-1.jpg
1140622814	/c/r/crayons-de-couleurs-trino-bicolores-boite-de-12-24pieces-techno-ref-5296.jpg
1140622814	/c/r/crayons-de-couleurs-trino-bicolores-boite-de-12-24pieces-techno-ref-5296-2.jpg
1140622814	/c/r/crayons-de-couleurs-trino-bicolores-boite-de-12-24pieces-techno-ref-5296-1.jpg
1140622815	/c/r/crayons-de-couleurs-trino-jumbo-boite-de-12-pieces-techno-ref-5297.jpg
1140622815	/c/r/crayons-de-couleurs-trino-jumbo-boite-de-12-pieces-techno-ref-5297-1.jpg
1140622816	/c/r/crayons-de-couleurs-trino-boite-ronde-de-12-pcs-techno-ref-5298-2.jpg
1140622816	/c/r/crayons-de-couleurs-trino-boite-ronde-de-12-pcs-techno-ref-5298.jpg
1140622817	/c/r/crayons-de-couleurs-trino-boite-metal-de-12-pieces-techno-ref-5299.jpg
1140622817	/c/r/crayons-de-couleurs-trino-boite-metal-de-12-pieces-techno-ref-5299-1.jpg
1140622817	/c/r/crayons-de-couleurs-trino-boite-metal-de-12-pieces-techno-ref-5299-2.jpg
1140622818	/c/r/crayons-de-couleurs-artcolor-boite-metal-de-24-pieces-techno-ref-5300.jpg
1140622818	/c/r/crayons-de-couleurs-artcolor-boite-metal-de-24-pieces-techno-ref-5300-2.jpg
1140622822	/c/r/crayons_de_couleurs_artcolor_boite_metal_de_36_pieces_techno_ref_5301.jpg
1140622823	/c/r/crayons-de-couleurs-artcolor-boite-metal-de-72-pieces-techno-ref-5302.jpg
1140622823	/c/r/crayons-de-couleurs-artcolor-boite-metal-de-72-pieces-techno-ref-5302-1.jpg
1140622824	/c/r/crayons_graphite_sketch_art_boite_metal_de_18_pieces_techno_ref_5303.jpg
1140622824	/c/r/crayons_graphite_sketch_art_boite_metal_de_18_pieces_techno_ref_5303-1.jpg
1140622844	/c/r/crayon-noir-crystalo-hb_2-techno-ref-5323.jpg
1140622844	/c/r/crayon-noir-crystalo-hb_2-techno-ref-5323-2.jpg
1140622893	/f/e/feutre-pen-68-vert-clair-metallic-stabilo-ref-68-843_1.jpg
1140622893	/f/e/feutre-pen-68-vert-clair-metallic-stabilo-ref-68-843_2.jpg
1140622894	/f/e/feutre-pen-68-rose-metallic-stabilo-ref-68-856_1.jpg
1140622894	/f/e/feutre-pen-68-rose-metallic-stabilo-ref-68-856_2.jpg
1140622895	/f/e/feutre-pen-68-violet-metallic-stabilo-ref-68-855_1.jpg
1140622895	/f/e/feutre-pen-68-violet-metallic-stabilo-ref-68-855_2.jpg
1140622906	/s/a/sac-a-main-kids-sparkle-wishes-tiger-family-ref-sm201-f-0.jpg
1140622940	/t/a/taille-crayons-easy-start-pour-droitiers-vert-stabilo-ref-4502-4-1.jpg
1140622940	/t/a/taille-crayons-easy-start-pour-droitiers-vert-stabilo-ref-4502-4-2.jpg
1140622940	/t/a/taille-crayons-easy-start-pour-droitiers-vert-stabilo-ref-4502-4-3.jpg
1140622940	/t/a/taille-crayons-easy-start-pour-droitiers-vert-petrol-stabilo-ref-4502-1-2.jpg
1140622941	/t/a/taille-crayons-easy-start-pour-droitiers-rose-stabilo-ref-4502-1-1.jpg
1140622941	/t/a/taille-crayons-easy-start-pour-droitiers-rose-stabilo-ref-4502-1-2.jpg
1140622941	/t/a/taille-crayons-easy-start-pour-droitiers-rose-stabilo-ref-4502-1-3.jpg
1140622941	/t/a/taille-crayons-easy-start-pour-droitiers-vert-petrol-stabilo-ref-4502-1-2_4.jpg
1140622942	/t/a/taille-crayons-easy-start-pour-droitiers-orange-stabilo-ref-4502-3-1.jpg
1140622942	/t/a/taille-crayons-easy-start-pour-droitiers-orange-stabilo-ref-4502-3-2.jpg
1140622942	/t/a/taille-crayons-easy-start-pour-droitiers-orange-stabilo-ref-4502-3-3.jpg
1140622942	/t/a/taille-crayons-easy-start-pour-droitiers-vert-petrol-stabilo-ref-4502-1-2_2.jpg
1140622943	/t/a/taille-crayons-easy-start-pour-droitiers-bleu-stabilo-ref-4502-2-1.jpg
1140622943	/t/a/taille-crayons-easy-start-pour-droitiers-bleu-stabilo-ref-4502-2-2-.jpg
1140622943	/t/a/taille-crayons-easy-start-pour-droitiers-bleu-stabilo-ref-4502-2-3_1.jpg
1140622943	/t/a/taille-crayons-easy-start-pour-droitiers-vert-petrol-stabilo-ref-4502-1-2_5.jpg
1140622944	/t/a/taille-crayons-easy-start-pour-droitiers-vert-petrol-stabilo-ref-4502-1.jpg
1140622944	/t/a/taille-crayons-easy-start-pour-droitiers-vert-petrol-stabilo-ref-4502-2.jpg
1140622944	/t/a/taille-crayons-easy-start-pour-droitiers-vert-petrol-stabilo-ref-4502-3.jpg
1140622944	/t/a/taille-crayons-easy-start-pour-droitiers-vert-petrol-stabilo-ref-4502-1-2_3.jpg
1140622945	/t/a/taille-crayons-easy-start-pour-gauchers-rose-stabilo-ref-4501-1-2.jpg
1140622945	/t/a/taille-crayons-easy-start-pour-gauchers-rose-stabilo-ref-4501-1-1.jpg
1140622945	/t/a/taille-crayons-easy-start-pour-gauchers-rose-stabilo-ref-4501-1-3.jpg
1140622946	/t/a/taille-crayons-easy-start-pour-gauchers-bleu-stabilo-ref-4501-2-2.jpg
1140622946	/t/a/taille-crayons-easy-start-pour-gauchers-bleu-stabilo-ref-4501-2-1.jpg
1140622946	/t/a/taille-crayons-easy-start-pour-droitiers-bleu-stabilo-ref-4502-2-3.jpg
1140622988	/5/0/5094bln_imresizer.jpg
1140622989	/5/0/5095bln_imresizer.jpg
1140622990	/5/0/5096bln_imresizer.jpg
1140622991	/5/0/5097trn_imresizer.jpg
1140623058	/t/r/trousse-duo-aloha-tiger-family-ref-tr204-f-0.jpg
1140623110	/t/a/taille-crayons-easy-start-pour-gauchers-vert-petrol-stabilo-ref-4501-1.jpg
1140623110	/t/a/taille-crayons-easy-start-pour-gauchers-vert-petrol-stabilo-ref-4501-3.jpg
1140623110	/t/a/taille-crayons-easy-start-pour-gauchers-vert-petrol-stabilo-ref-4501-2.jpg
1140623203	/g/o/gomme-blanche-b30-pm-techno-ref-5291-0.jpg
1140623204	/g/o/gomme-blanche-techno--0.jpg
1140623738	/s/t/stylo-a-bille-acroball-begreen-noir-1_0mm-pilot-ref-bab-15m-b-bg-0.jpg
1140623739	/s/t/stylo-a-bille-acroball-begreen-vert-1_0mm-pilot-ref-bab-15m-g-bg-0.jpg
1140623740	/s/t/stylo-a-bille-rexgrip-begreen-bleu-1_0mm-pilot-ref-brg-10m-ll-bg-0.jpg
1140623741	/s/t/stylo-a-bille-rexgrip-begreen-noir-1_0mm-pilot-ref-brg-10m-bb-bg-0.jpg
1140623742	/s/e/set2go-4-stylos-gel-frixion-ball-n-b-r-v-0_7mm-pilot-ref-s4-0546795-0.jpg
1140623742	/s/e/set2go-4-stylos-gel-frixion-ball-n-b-r-v-0_7mm-pilot-ref-s4-0546795-1.jpg
1140623743	/s/e/set2go-4-stylos-gel-frixion-clicker-n-b-r-v-0_7mm-pilot-ref-s4-0547938-0.jpg
1140623743	/s/e/set2go-4-stylos-gel-frixion-clicker-n-b-r-v-0_7mm-pilot-ref-s4-0547938-1.jpg
1140623744	/s/e/set2go-4-stylos-gel-frixion-clicker-tatoo-n-b-r-v-0_7mm-pilot-ref-s4-0546801-0.jpg
1140623744	/s/e/set2go-4-stylos-gel-frixion-clicker-tatoo-n-b-r-v-0_7mm-pilot-ref-s4-0546801-1.jpg
1140623745	/s/t/stylo-gel-retractable-g-2-bleu-1_0mm-pilot-ref-bl-g2-10-l-0.jpg
1140623745	/s/t/stylo-gel-retractable-g-2-bleu-1_0mm-pilot-ref-bl-g2-10-l-1.jpg
1140623746	/s/t/stylo-gel-retractable-g-2-noir-1_0mm-pilot-ref-bl-g2-10-b-0.jpg
1140623746	/s/t/stylo-gel-retractable-g-2-noir-1_0mm-pilot-ref-bl-g2-10-b-1.jpg
1140623747	/r/e/recharge-stylo-gel-bls-g2-bleu-01mm-pilot-ref-bls-g2-10-l-0.jpg
1140623748	/r/e/recharge-stylo-gel-bls-g2-noir-01mm-pilot-ref-bls-g2-10-b-0.jpg
1140623749	/s/t/stylo-roller-retractable-encre-liquide-v-ball-bleu-0_7mm-pilot-ref-blrt-vb7-l-0.jpg
1140623749	/s/t/stylo-roller-retractable-encre-liquide-v-ball-bleu-0_7mm-pilot-ref-blrt-vb7-l-1.jpg
1140623750	/s/t/stylo-roller-retractable-encre-liquide-v-ball-noir-0_7mm-pilot-ref-blrt-vb7-b-0.jpg
1140623751	/s/e/set2go-4-stylos-feutre-frixion-fineliner-1_3mm-n-b-r-v-pilot-ref-s4-0537175-2.jpg
1140623751	/s/e/set2go-4-stylos-feutre-frixion-fineliner-1_3mm-n-b-r-v-pilot-ref-s4-0537175-3.jpg
1140623751	/s/e/set2go-4-stylos-feutre-frixion-fineliner-1_3mm-n-b-r-v-pilot-ref-s4-0537175-4.jpg
1140623752	/s/t/stylo-feutre-drawing-pen-bleu-pointe-extra-fine-0_5mm-pilot-ref-swn-dr-01-l-0.jpg
1140623753	/s/t/stylo-feutre-drawing-pen-noir-pointe-extra-fine-0_5mm-pilot-ref-swn-dr-01-b-0.jpg
1140623754	/s/t/stylo-feutre-drawing-pen-noir-pointe-fine-0_6mm-pilot-ref-swn-dr-02-b-0.jpg
1140623755	/s/t/stylo-feutre-drawing-pen-bleu-pointe-moyenne-0_8mm-pilot-ref-swn-dr-03-l-0.jpg
1140623756	/s/t/stylo-feutre-drawing-pen-noir-pointe-moyenne-0_8mm-pilot-ref-swn-dr-03-b-0.jpg
1140623757	/s/t/stylo-feutre-drawing-pen-noir-pointe-large-1_0mm-pilot-ref-swn-dr-05-b-0.jpg
1140623758	/s/t/stylo-feutre-drawing-pen-rouge-pointe-large-1_0mm-pilot-ref-swn-dr-05-r-0.jpg
1140623759	/s/t/stylo-feutre-drawing-pen-noir-pointe-extra-large-1_2mm-pilot-ref-swn-dr-08-b-0.jpg
1140623760	/s/t/stylo-feutre-drawing-pen-rouge-pointe-extra-large-1_2mm-pilot-ref-swn-dr-08-r-0.jpg
1140623846	/t/r/trousse_pour_fille_tiger_family_ref_gtppr-1-f_1140623846.png
1140623847	/t/r/trousse_pour_gar_on_tiger_family_ref_gtppr-1-g_1140623847.png
1140623848	/t/r/trousse_remplie_gratuite_de_3_ou_4_compartiments_fille_tiger_ref_gt-ppr-2.jpg
1140623849	/t/r/trousse_remplie_gratuite_de_3_ou_4_compartiments_gar_on_tiger_ref_gt-ppr-2.jpg
1140624086	/p/o/pochette-de-plastification-a7-2x80-_-pqt-de-100-pochettes-techno-ref-5384.jpg
1140624087	/p/o/pochette-de-plastification-a5-2x80-_-pqt-de-100-pochettes-techno-ref-5385.jpg
1140624088	/p/o/pochette-de-plastification-a4-2x80-_-pqt-de-100-pochettes-techno-ref-5386.jpg
1140624089	/p/o/pochette-de-plastification-a3-2x80-_-pqt-de-100-pochettes-techno-ref-5387.jpg
1140624090	/c/a/calculatrice-de-bureau-12-chiffres-techno-ref-4951.jpg
1140624091	/c/a/calculatrice-de-bureau-12-chiffres-techno-ref-4952.jpg
1140624092	/c/a/calculatrice-de-bureau-12-chiffres-techno-ref-4953.jpg
1140624093	/c/a/calculatrice-de-bureau-12-chiffres-techno-ref-4954.jpg
1140624094	/c/a/calculatrice-de-bureau-12-chiffres-techno-ref-4955.jpg
1140624095	/c/a/calculatrice-de-bureau-12-chiffres-techno-ref-4956.jpg
1140624096	/c/a/calculatrice-de-bureau-12-chiffres-techno-ref-4957.jpg
1140624097	/c/a/calculatrice-de-bureau-12-chiffres-techno-ref-4958.jpg
1140624098	/c/a/calculatrice-scientifique-401-fonctions-techno-ref-4959_1.jpg
1140624098	/c/a/calculatrice-scientifique-401-fonctions-techno-ref-4959.jpg
1140624099	/c/a/calculatrice-scientifique-244-fonctions-techno-ref-4960.jpg
1140624100	/c/a/calculatrice-scientifique-279-fonctions-techno-ref-4961.jpg
1140624101	/c/a/calculatrice-scientifique-401-fonctions-techno-ref-4962.jpg
1140624103	/c/a/calculatrice-de-bureau-14-chiffres-techno-ref-4964.jpg
1140624104	/c/a/calculatrice-scientifique-417-fonctions-techno-ref-5438.jpg
1140624114	/c/r/crayons_de_couleurs_colorpeps_effacables_oops_x24_maped_ref_832824_2_1.jpg
1140624114	/c/r/crayons_de_couleurs_colorpeps_effacables_oops_x24_maped_ref_832824-1_1.jpg
1140624118	/c/r/crayons-de-couleurs-colorpeps-jumbo-strong-x12-boite-carton-maped-ref-863312.jpg
1140624120	/c/r/crayons_de_couleurs_colorpeps_effacables_oops_x12_maped_ref_832812_1.jpg
1140624120	/c/r/crayons_de_couleurs_colorpeps_effacables_oops_x12_maped_ref_832812-1_1.jpg
1140624123	/c/r/crayons_de_couleur_colorpeps_strong_x12_maped_ref_862712_1.jpg
1140624123	/c/r/crayons_de_couleur_colorpeps_strong_x12_maped_ref_862712-1_1.jpg
1140624124	/c/r/crayons_de_couleurs_colorpeps_mini_strong_x12_maped_ref_862812_2_1.jpg
1140624124	/c/r/crayons_de_couleurs_colorpeps_mini_strong_x12_maped_ref_862812-1_1.jpg
1140624130	/f/e/feutres-jungle-cosmic-12-couleurs-maped-ref-845442.jpg
1140624130	/f/e/feutres-jungle-cosmic-12-couleurs-maped-ref-845442-2.jpg
1140624754	/c/r/crayon_noir_black_peps_navy_hb_embout_gomme_bte_de_12_pcs_1.jpg
1140624754	/c/r/crayon_noir_black_peps_navy_hb_embout_gomme_bte_de_12_pcs-1_1.jpg
1140624809	/c/u/cutteur_de_precision_bistouri_2_lames_techno_ref_5495.jpg
1140624810	/c/u/cutter.png
1140624811	/c/u/cutteur_de_precision_bistouri_avec_grip_6_lames_techno_ref_5497.jpg
1140624812	/l/a/lames_cutteur_de_precision_bistouri_5_lames_techno_ref_5439.jpg
1140624840	/m/a/marqueur-permanent-indelibile-double-tete-bleu-techno-ref-5170-3.jpg
1140624840	/m/a/marqueur-permanent-indelibile-double-tete-bleu-techno-ref-5170-2.jpg
1140624840	/m/a/marqueur-permanent-indelibile-double-tete-bleu-techno-ref-5170-1.jpg
1140624841	/m/a/marqueur-permanent-indelibile-double-tete-noir-techno-ref-5171-3.jpg
1140624841	/m/a/marqueur-permanent-indelibile-double-tete-noir-techno-ref-5171-4.jpg
1140624841	/m/a/marqueur-permanent-indelibile-double-tete-noir-techno-ref-5171-1.jpg
1140624843	/m/a/marqueur-permanent-indelibile-double-tete-vert-techno-ref-5172-1.jpg
1140624843	/m/a/marqueur-permanent-indelibile-double-tete-vert-techno-ref-5172-5.jpg
1140624843	/m/a/marqueur-permanent-indelibile-double-tete-vert-techno-ref-5172-2.jpg
1140624844	/m/a/marqueur-permanent-indelibile-double-tete-rouge-techno-ref-5173-4.jpg
1140624844	/m/a/marqueur-permanent-indelibile-double-tete-rouge-techno-ref-5173-3.jpg
1140624844	/m/a/marqueur-permanent-indelibile-double-tete-rouge-techno-ref-5173-1.jpg
1140624946	/e/n/encre-acrylic-60ml-jaune-primaire-techno-ref-5600.jpg
1140624947	/e/n/encre-acrylic-60ml-orange-techno-ref-5601.jpg
1140624948	/e/n/encre-acrylic-60ml-rouge-vif-techno-ref-5602.jpg
1140624949	/e/n/encre-acrylic-60ml-rouge-primaire-techno-ref-5603.jpg
1140624950	/e/n/encre-acrylic-60ml-rose-techno-ref-5604.jpg
1140624951	/e/n/encre-acrylic-60ml-violet-techno-ref-5605.jpg
1140624952	/e/n/encre-acrylic-60ml-bleu-primaire-techno-ref-5606.jpg
1140624953	/e/n/encre-acrylic-60ml-bleu-outremer-techno-ref-5607.jpg
1140624954	/e/n/encre-acrylic-60ml-vert-printemps-techno-ref-5608.jpg
1140624955	/e/n/encre-acrylic-60ml-vert-emeraude-techno-ref-5609.jpg
1140624956	/e/n/encre-acrylic-60ml-terre-de-sienne-techno-ref-5610.jpg
1140624958	/e/n/encre-acrylic-coffret-de-5x30ml-techno-ref-5611.jpg
1140624959	/e/n/encre-de-chine-60ml-noir-techno-ref-5612.jpg
1140624960	/e/n/encre-de-chine-250ml-noir-techno-ref-5613_1.jpg
1140624961	/e/n/encre-de-chine-1000ml-noir-techno-ref-5614.jpg
1140624962	/d/r/drawing_gum_60ml_bleu_techno_ref_5615.jpg
1140624965	/5/6/5616_1.jpg
1140624966	/e/n/encre-aquarelle-30ml-jaune-primaire-techno-ref-5617.jpg
1140624967	/e/n/encre-aquarelle-30ml-jaune-dor-techno-ref-5618.jpg
1140624968	/e/n/encre-aquarelle-30ml-orange-techno-ref-5619.jpg
1140624969	/e/n/encre-aquarelle-30ml-rouge-vermillon-techno-ref-5620.jpg
1140624970	/e/n/encre-aquarelle-30ml-rouge-vif-techno-ref-5621.jpg
1140624971	/e/n/encre-aquarelle-30ml-rose-techno-ref-5622.jpg
1140624972	/e/n/encre-aquarelle-30ml-rouge-primaire-techno-ref-5623.jpg
1140624973	/e/n/encre-aquarelle-30ml-violet-techno-ref-5624.jpg
1140624974	/e/n/encre-aquarelle-30ml-bleu-primaire-techno-ref-5625.jpg
1140624975	/e/n/encre-aquarelle-30ml-bleu-cobalt-techno-ref-5626.jpg
1140624976	/e/n/encre-aquarelle-30ml-bleu-outremer-techno-ref-5627.jpg
1140624977	/e/n/encre-aquarelle-30ml-vert-printemps-techno-ref-5628.jpg
1140624978	/e/n/encre-aquarelle-30ml-vert-moyen-techno-ref-5629.jpg
1140624979	/e/n/encre-aquarelle-30ml-vert-emeraude-techno-ref-5630.jpg
1140624980	/e/n/encre-aquarelle-30ml-terre-de-sienne-techno-ref-5631.jpg
1140624981	/e/n/encre-aquarelle-30ml-noir-techno-ref-5632.jpg
1140624982	/e/n/encre_aquarelle_coffret_de_5x30ml_techno_ref_5633.jpg
1140624983	/e/n/encre-aquarelle-metallique-30ml-dorree-techno-ref-5634.jpg
1140624984	/e/n/encre-aquarelle-metallique-30ml-argentee-techno-ref-5635.jpg
1140624985	/e/n/encre-aquarelle-metallique-30ml-bronze-techno-ref-5636.jpg
1140624986	/e/n/encre-aquarelle-metallique-30ml-cuivre-techno-ref-5637.jpg
1140625201	/c/r/crayons_de_couleurs_cosmic_x12_maped_ref_862242_1.jpg
1140625201	/c/r/crayons_de_couleurs_cosmic_x12_maped_ref_862242-1_1.jpg
1140625202	/c/r/crayons_de_couleur_color_peps_monster_x12_maped_ref_862612_1.jpg
1140625202	/c/r/crayons_de_couleur_color_peps_monster_x12_maped_ref_862612-1_1.jpg
1140625203	/c/r/crayons_de_couleur_color_peps_monster_x24_1_1.jpg
1140625204	/c/r/crayons_de_couleur_color_peps_strong_x24_maped_ref_862724_1.jpg
1140625255	/a/c/acrylic-studio-pot-de-500ml-jaune-azo-pebeo-ref-171013.jpg
1140625256	/a/c/acrylic-studio-pot-de-500ml-bleu-outr-pebeo-ref-171015.jpg
1140625257	/a/c/acrylic-studio-pot-de-500ml-bleu-turquoise-pebeo-ref-171030.jpg
1140625258	/a/c/acrylic-studio-pot-de-500ml-bleu-vert-iredescent-pebeo-ref-172357.jpg
1140625259	/m/a/marqueur-acrylic-set-5-couleurs-1_2mm-pebeo-ref-201211.jpg
1140625260	/m/a/marqueur-acrylic-set-2-couleurs-1_2mm-pebeo-ref-201222.jpg
1140625261	/a/c/acrylique-studio-gesso-pot-1000ml-pebeo-ref-524120.jpg
1140625262	/a/c/acrylique-studio-gesso-pot-4000ml-pebeo-ref-524140.jpg
1140625263	/a/c/acrylic-studio-medium-lissage-500ml-pebeo-ref-524561.jpg
1140625264	/a/c/acrylic-studio-medium-lissage-1000ml-pebeo-ref-524571.jpg
1140625270	/p/a/pack-acrylique-studio-primaire-5x100ml-pebeo-ref-833000.jpg
1140625271	/c/o/coffret-metal-studio-acrylic-pebeo-ref-834610-1.jpg
1140625272	/c/o/coffret-en-metal-huile-fine-xl-pebeo-ref-920610.jpg
1140625273	/h/u/huile-fine-xl-_tui-20-tubes-de-20ml-assortis-et-pinceau-pebeo-ref-920221.jpg
1140625325	/a/c/acrylic-studio-pot-de-500ml-jaune-cadiminum-moyen-pebeo-ref-171023.jpg
1140625909	/n/o/notes-adhesives-jaune-pastel-100f-75x75mm-stick-it-techno-ref-5079_0.jpg
1140625909	/n/o/notes-adhesives-jaune-pastel-100f-75x75mm-stick-it-techno-ref-5079_1.jpg
1140625912	/n/o/notes-adhesives-jaune-pastel-100f-75x100mm-stick-it-techno-ref-5080_0.jpg
1140625912	/n/o/notes-adhesives-jaune-pastel-100f-75x100mm-stick-it-techno-ref-5080_1.jpg
1140625913	/n/o/notes-adhesives-jaune-pastel-100f-75x125mm-stick-it-techno-ref-5081_0.jpg
1140625913	/n/o/notes-adhesives-jaune-pastel-100f-75x125mm-stick-it-techno-ref-5081_1.jpg
1140625917	/n/o/notes-adhesives-400f-50-x-50-mm-5-couleurs-fluorescentes-stick-it-techno-ref-5149.jpg
1140625918	/n/o/notes-adhesives-400f-75-x-100-mm-5-couleurs-fluorescentes-stick-it-techno-ref-5150.jpg
1140625919	/n/o/notes-adhesives-jaune-pastel-100f-38x51mm-stick-it-techno-ref-5152_0.jpg
1140625919	/n/o/notes-adhesives-jaune-pastel-100f-38x51mm-stick-it-techno-ref-5152_1.jpg
1140625920	/n/o/notes-adhesives-jaune-pastel-100f-50x75-mm-stick-it-techno-ref-5153_0.jpg
1140625920	/n/o/notes-adhesives-jaune-pastel-100f-50x75-mm-stick-it-techno-ref-5153_1.jpg
1140625923	/n/o/notes-adhesives-100f-75-x-75-mm-5-couleurs-fluorescentes-stick-it-techno-ref-5274_0.jpg
1140625923	/n/o/notes-adhesives-100f-75-x-75-mm-5-couleurs-fluorescentes-stick-it-techno-ref-5274_1.jpg
1140625924	/n/o/notes-adhesives-400f-75-x-75-mm-5-couleurs-fluorescentes-stick-it-techno-ref-5275.jpg
1140625928	/t/o/toile-sur-chassis-280g-en-coton150-x-200cm-techno-ref-5471.jpg
1140625930	/t/o/toile-sur-chassis-280-g-en-coton-30-x-90cm-techno-ref-5473_1.jpg
1140625931	/t/o/toile-sur-chassis-280g-en-coton-100-x-100cm-techno-ref-5474.jpg
1140625932	/t/o/toile-sur-chassis-280g-en-coton-80-x-80cm-techno-ref-5475.jpg
1140625933	/t/o/toile-sur-chassis-280g-en-coton-70-x70cm-techno-ref-5476.jpg
1140625934	/t/o/toile-sur-chassis-280-g-en-coton-60-x60cm-techno-ref-5477.jpg
1140625936	/t/o/toile-sur-chassis-280g-en-coton40-x80cm-techno-ref-5479.jpg
1140625937	/t/o/toile-sur-chassis-280g-en-coton-120-x60cm-techno-ref-5480.jpg
1140625939	/c/a/carton-toile-280g-en-coton-10x10cm-techno-ref-5482.jpg
1140626030	/t/a/tac-beton-100ml-ardoise-fonce-talens-art-creation-ref-422575100.jpg
1140626031	/t/a/tac-beton-100ml-ardoise-claire-talens-art-creation-ref-422575110.jpg
1140626032	/t/a/tac-beton-100ml-gris-clair-talens-art-creation-ref-422575070.jpg
1140626033	/t/a/tac-beton-100ml-taupe-fonce-talens-art-creation-ref-422540240.jpg
1140626034	/t/a/tac-beton-100ml-gris-pierre-talens-art-creation-ref-422575080.jpg
1140626035	/b/l/blackboard-250-ml-noir-elegant-talens-art-creation-ref-421670010.jpg
1140626036	/p/o/pocket-box-aquarelle-24-godets-van-gogh-ref-20808624.jpg
1140626037	/e/c/ecoline-melangeur-de-pinceaux-ecoline-ref-11509020.jpg
1140626038	/f/i/fixatif-concentre-en-spray-150ml-talens-ref-95160006.jpg
1140626039	/f/i/fixatif-concentre-en-spray-400ml-talens-ref-95160016.jpg
1140626040	/a/c/acrylique-gesso-blanc-1000ml-amsterdam-ref-24194001.jpg
1140626042	/h/u/huile-doeillette-75ml-talens-ref-24280028.jpg
1140626043	/h/u/huile-lin-purifiee-250ml-talens-ref-24300027.jpg
1140626044	/m/e/medium-peindre-normal-1000ml-talens-ref-24325083.jpg
1140626045	/p/e/peinture-a-lhuile-200ml-bleu-prusse-talens-art-creation-ref-9016508m.jpg
1140626046	/p/e/peinture-a-lhuile-200ml-bleu-sevres-talens-art-creation-ref-9016530m.jpg
1140626047	/p/e/peinture-a-lhuile-200ml-bleu-turquoise-phtalo-talens-art-creation-ref-9016565m.jpg
1140626048	/p/e/peinture-a-lhuile-200ml-vermillon-talens-art-creation-ref-9016311m.jpg
1140626049	/p/e/peinture-a-lhuile-200ml-vert-permanent-talens-art-creation-ref-9016662m.jpg
1140626050	/p/e/peinture-a-lhuile-200ml-violet-talens-art-creation-ref-9016536m.jpg
1140626051	/p/e/peinture-a-lhuile-200ml-bleu-phtalo-talens-art-creation-ref-9016570m.jpg
1140626057	/p/e/peinture_acrylique_120ml_bleu_mangan_amsterdam_ref_17095822.jpg
1140626059	/s/p/spalters-polyamide-brun-pochette-3pcs-n-25_40_50--pebeo-ref-950551.jpg
1140626060	/a/l/album-papier-noir-30-feuilles-a5-14_8-x-21-cm-160g-techno-ref-9604.jpg
1140626060	/a/l/album-papier-noir-30-feuilles-a5-14_8-x-21-cm-160g-techno-ref-9604_1.jpg
1140626061	/a/l/album-papier-noir-30-feuilles-a4-21-x-29_7-cm-160g-techno-ref-9603.jpg
1140626061	/a/l/album-papier-noir-30-feuilles-a4-21-x-29_7-cm-160g-techno-ref-9603_1.jpg
1140626062	/a/l/album-papier-noir-30-feuilles-a3-42-x-29_7-cm-120g-techno-ref-9602.jpg
1140626062	/a/l/album-papier-noir-30-feuilles-a3-42-x-29_7-cm-120g-techno-ref-9602_1.jpg
1140626063	/p/e/peinture_acrylique_120ml_or_fonce_amsterdam_ref_17098032.jpg
1140626065	/p/e/peinture_acrylique_120ml_blanc_perle_amsterdam_ref_17098172.jpg
1140626066	/p/e/peinture_acrylique_120ml_bleu_perle_amsterdam_ref_17098202.jpg
1140626067	/p/e/peinture-acrylique-120-ml-bleu-prusse-amsterdam-ref-17095662.jpg
1140626068	/p/e/peinture_acrylique_120ml_brun_van_dyck_amsterdam_ref_17094032.jpg
1140626069	/p/e/peinture_acrylique_120ml_cuivre_amsterdam_ref_17098052_1.jpg
1140626070	/p/e/peinture_acrylique_120ml_etain_amsterdam_ref_17098152.jpg
1140626073	/p/e/peinture_acrylique_120ml_gris_chaud_amsterdam_ref_17097182.jpg
1140626074	/p/e/peinture_acrylique_120ml_gris_payne_amsterdam_ref_17097082.jpg
1140626075	/p/e/peinture_acrylique_120ml_jaune_azo_moyen_amsterdam_ref_17092692.jpg
1140626076	/p/e/peinture_acrylique_120ml_jaune_d_or_amsterdam_ref_17092532_1.jpg
1140626077	/p/e/peinture_acrylique_120ml_jaune_napl_claire_amsterdam_ref_17092222.jpg
1140626078	/p/e/peinture_acrylique_120ml_jaune_perle_amsterdam_ref_17098182.jpg
1140626079	/p/e/peinture_acrylique_120ml_jaune_reflex_amsterdam_ref_17092562.jpg
1140626084	/p/e/peinture_acrylique_120ml_jaune_transparent_moyen_amsterdam_ref_17092722.jpg
1140626085	/p/e/peinture_acrylique_120ml_violet_perle_amsterdam_ref_17098212.jpg
1140626086	/p/e/peinture_acrylique_120ml_orange_reflex_amsterdam_ref_17092572.jpg
1140626087	/p/e/peinture_acrylique_120ml_outremer.violet_claire_amsterdam_ref_17095192.jpg
1140626088	/p/e/peinture_acrylique_120ml_rouge_naphtalo_fonce_amsterdam_ref_17093992.jpg
1140626089	/p/e/peinture_acrylique_120ml_rouge_pyrrole_amsterdam_ref_17093152.jpg
1140626090	/p/e/peinture_acrylique_120ml_rouge_transparent_moyen_amsterdam_ref_17093172.jpg
1140626091	/p/e/peinture_acrylique_120ml_rose_persique_amsterdam_ref_17093302.jpg
1140626092	/p/e/peinture_acrylique_120ml_rose_quinacridone_amsterdam_ref_17093662.jpg
1140626093	/p/e/peinture_acrylique_120ml_quinacridone_rose_light_amsterdam_ref_17093852.jpg
1140626094	/p/e/peinture_acrylique_120ml_rose_venise_amsterdam_ref_17093162.jpg
1140626097	/p/e/peinture_acrylique_120ml_rouge_perle_amsterdam_ref_17098192.jpg
1140626116	/p/e/peinture_acrylique_120ml_vert_permnent_fonce_amsterdam_ref_17096192.jpg
1140626122	/p/e/peinture_acrylique_120ml_vermillon_amsterdam_ref_17093112.jpg
1140626127	/p/e/peinture_acrylique_120ml_vert_vessie_amsterdam_ref_17096232.jpg
1140626128	/p/e/peinture_acrylique_500ml_jaune_naple_amsterdam_ref_17722922.jpg
1140626129	/p/e/peinture_acrylique_500ml_bleu_phtalo_amsterdam_ref_17725702.jpg
1140626130	/1/7/17725572.jpg
1140626131	/p/e/peinture_acrylique_500ml_carmin_amsterdam_ref_17723182.jpg
1140626132	/p/e/peinture_acrylique_500ml_rouge_pyrrole_amsterdam_ref_17723152.jpg
1140626133	/p/e/peinture_acrylique_500ml_terre_sienne_brulee_amsterdam_ref_17724112.jpg
1140626134	/p/e/peinture_acrylique_500ml_vermillon_amsterdam_ref_17723112.jpg
1140626160	/p/i/pigma-micron-noir-display-36-pieces-sakura-ref-cdxsdk36.jpg
1140626161	/p/r/protecting-en-spray-150ml-talens-ref-95165680.jpg
1140626162	/p/r/protecting-en-spray-400ml-talens-ref-95166680.jpg
1140626163	/s/e/set-3-marqueurs-acrylique-metal-amsterdam-ref-17519004.jpg
1140626164	/s/e/set_4_marqueurs_acrylique_reflex_amsterdam_ref_17519003.jpg
1140626167	/s/e/set-acrylique-primaire-5x120ml-amsterdam-ref-17790905.jpg
1140626168	/s/e/set-acrylique-tube-5x75ml-talens-art-creation-ref-3582805m.jpg
1140626169	/s/e/set-acrylique-tube-12x75ml-talens-art-creation-ref-3582812m.jpg
1140626170	/s/e/set-brush-pens-10-couleurs-gris-ecoline-ref-11509805_2_.jpg
1140626170	/s/e/set-brush-pens-10-couleurs-gris-ecoline-ref-11509805.jpg
1140626171	/s/e/set-brush-pens-10-couleurs-peau-ecoline-ref-11509806.jpg
1140626172	/s/e/set-brush-pens-10-couleurs-illustration-ecoline-ref-11509807.jpg
1140626173	/s/e/set-brush-pens-10-couleurs-mode-ecoline-ref-11509808.jpg
1140626173	/s/e/set-brush-pens-10-couleurs-mode-ecoline-ref-11509808-2.jpg
1140626176	/s/e/set-brush-pens-30-pieces-ecoline-ecoline-ref-11509005-2.jpg
1140626176	/s/e/set-brush-pens-30-pieces-ecoline-ecoline-ref-11509005.jpg
1140626177	/s/e/set-encre-aquarelle-6x30ml-amsterdam-ref-17209001.jpg
1140626178	/s/e/set_encre_lettering_aquarelle_6x30ml_amsterdam_ref_17209003.jpg
1140626179	/s/t/stylo-gelly-basic-blanc-05-sakura-ref-xpgb0550.jpg
1140626179	/s/t/stylo_gelly_basic_blanc_05_sakura_ref_xpgb0550-2.jpg
1140626180	/s/t/stylo-gelly-basic-blanc-08-sakura-ref-xpgb50.jpg
1140626180	/s/t/stylo-gelly-basic-blanc-08-sakura-ref-xpgb50-2_1.jpg
1140626181	/s/t/stylo-gelly-basic-blanc-10-sakura-ref-xpgb1050.jpg
1140626181	/s/t/stylo-gelly-basic-blanc-10-sakura-ref-xpgb1050-2.jpg
1140626182	/v/e/vernis-retoucher-1000ml-talens-ref-24325004.jpg
1140626183	/v/e/vernis-retoucher-250ml-talens-ref-24305004.jpg
1140626184	/2/4/24325003.jpg
1140626185	/v/e/vernis-acrylic-mat-en-spray-400ml-talens-ref-95165115.jpg
1140626186	/v/e/vernis-acrylique-mat-75ml-talens-ref-24285115_1.jpg
1140626187	/v/e/vernis-brillant-en-spray-400ml-talens-ref-95165002.jpg
1140626188	/v/e/vernis-damar-brillant-75ml-talens-ref-24280081.jpg
1140626189	/v/e/vernis-damar-mat-75ml-talens-ref-24280082.jpg
1140626190	/v/e/vernis-mat-en-spray-400ml-talens-ref-95165003.jpg
1140626191	/v/e/vernis-retouche-en-spray-400ml-talens-ref-95165004.jpg
1140626192	/v/e/vernis-retoucher-75ml-talens-ref-24285004.jpg
1140626193	/v/e/vernis-tableaux-brilliant-75ml-talens-ref-24285002.jpg
1140626194	/v/e/vernis-tableaux-mat-75ml-talens-ref-24285003.jpg
1140626238	/p/a/papier-mousse-adhesif-paillete-a4-2mm-paquet-10-feuilles-rouge-techno-ref-5483.jpg
1140626239	/p/a/papier-mousse-adhesif-paillete-a4-2mm-paquet-10feuilles-blanc-techno-ref-5484.jpg
1140626240	/p/a/papier-mousse-adhesif-paillete-a4-2mm-paquet-10-feuilles-noir-techno-ref-5485.jpg
1140626241	/p/a/papier-mousse-adhesif-paillete-a4-2mm-paquet10-feuilles-bleu-fonce-techno-ref-5486.jpg
1140626242	/p/a/papier-mousse-adhesif-paillete-a4-2mm-paquet-10-feuilles-bleu-clair-techno-ref-5487.jpg
1140626243	/p/a/papier-mousse-adhesif-paillete-a4-2mm-paquet-10-feuilles-argent-techno-ref-5488.jpg
1140626244	/p/a/papier-mousse-adhesif-paillete-a4-2mm-paquet-10-feuilles-vert-techno-ref-5489.jpg
1140626245	/p/a/papier-mousse-adhesif-paillete-a4-2mm-paquet10-feuilles-pourpre-techno-ref-5490.jpg
1140626246	/p/a/papier-mousse-adhesif-paillete-a4-2mm-paquet-10-feuilles-rose-techno-ref-5491.jpg
1140626247	/p/a/papier-mousse-adhesif-paillete-a4-2mm-paquet10-feuilles-doree-techno-ref-5492.jpg
1140626248	/p/a/papier-mousse-adhesif-paillete-a4-2mm-paquet-10-feuilles-beige-techno-ref-5493.jpg
1140626249	/p/a/papier-mousse-adhesif-paillete-a4-2mm-paquet-10-feuilles-orange-techno-ref-5494.jpg
1140626250	/p/a/papier-mousse-adhesif-a4-2mm-paquet-10-feuilles-marron-techno-ref-5534.jpg
1140626255	/p/a/papier-mousse-adhesif-a4-2mm-paquet-10f-orange-techno-ref-5535.jpg
1140626256	/p/a/papier-mousse-adhesif-a4-2mm-pqt-10-feuilles-jaune-techno-ref-5536.jpg
1140626257	/p/a/papier-mousse-adhesif-a4-2mm-paquet-10-feuilles-violet-techno-ref-5537.jpg
1140626258	/p/a/papier-mousse-adhesif-a4-2mm-paquet-10-feuilles-rose-techno-ref-5538.jpg
1140626274	/p/a/papier-mousse-adhesif-a4-2mm-paquet-10-feuilles-bleu-techno-ref-5539.jpg
1140626275	/p/a/papier-mousse-adhesif-a4-2mm-paquet-10-feuilles-vert-techno-ref-5540.jpg
1140626276	/p/a/papier-mousse-adhesif-a4-2mm-paquet-10-feuilles-rouge-techno-ref-5541.jpg
1140626277	/p/a/papier-mousse-adhesif-a4-2mm-paquet-10-feuilles-noir-techno-ref-5542.jpg
1140626278	/p/a/papier-mousse-adhesif-a4-2mm-paquet-10-feuilles-blanc-techno-ref-5543.jpg
1140626279	/p/a/papier-mousse-adhesif-a4-2mm-paquet-10-feuilles-beige-techno-ref-5544.jpg
1140626280	/p/a/papier-mousse-adhesif-paillete-50x65cm-2mm-paquet-10-coueurs-techno-ref-5545.jpg
1140626281	/p/a/papier-ondule-50x65cm-160g-orange-techno-ref-5524.jpg
1140626285	/p/a/papier-ondule-50x65cm-160g-noir-techno-ref-5525.jpg
1140626286	/p/a/papier-ondule-50x65cm-160g-blanc-techno-ref-5526.jpg
1140626287	/p/a/papier-ondule-50x65cm-160g-vert-techno-ref-5527.jpg
1140626288	/p/a/papier-ondule-50x65cm-160g-bleu-claire-techno-ref-5528.jpg
1140626289	/p/a/papier-ondule-50x65cm-160g-violet-techno-ref-5529.jpg
1140626290	/p/a/papier-ondule-50x65cm-160g-rose-techno-ref-5530.jpg
1140626291	/p/a/papier-ondule-50x65cm-160g-jaune-techno-ref-5531.jpg
1140626292	/p/a/papier-ondule-50x65cm-160g-rouge-techno-ref-5532.jpg
1140626293	/p/a/papier-ondule-50x65cm-160g-blanc-techno-ref-5526_1.jpg
1140626402	/e/t/etui-de-6-couleurs-de-base-pigma-micron-01-sakura-ref-poxsdk016.jpg
1140626403	/s/e/set-de-6-fineliners-pigma-micron-noir-sakura-ref-poxsdk6.jpg
1140626405	/s/e/set-de-6-pigma-brush-basic-sakura-ref-poxsdkbr6.jpg
1140626406	/s/e/set-de-9-pigma-brush-basic-sakura-ref-poxsdkbr9.jpg
1140626407	/s/e/set-3-stylo-pigma-micron-outils-manga-sakura-ref-poxsdkman3.jpg
1140626408	/s/e/set-4-pieces-doutils-pigma-micron-sepia-sakura-ref-poxsdkman4.jpg
1140626409	/_/t/_tui-de-3-fineliners-noirs-005-01-03-designe-sakura-ref-xsdk3fd.jpg
1140626410	/s/e/set-4-pieces-manga-pigma-sensei-sakura-ref-popigsen4.jpg
1140626411	/p/e/peinture-acrylique-120ml-noir-bougie-amsterdam-ref-17097022_1.jpg
1140626412	/p/e/peinture_acrylique_500ml_bleu_turquoise_amsterdam_ref_17725222.jpg
1140626482	/c/a/calculatrice-de-poche-couleur-rose-claire-techno-ref-4963.jpg
1140626483	/c/a/calculatrice-de-poche-couleur-rose-fonce-techno-ref-4963.jpg
1140626484	/c/a/calculatrice-de-poche-couleur-bleu-techno-ref-4963.jpg
1140626485	/c/a/calculatrice-de-poche-couleur-blanche-techno-ref-4963.jpg
1140626486	/a/g/agrafeuse-de-bureau-24-6-26-6-20-feuilles-bleu-techno-ref-5220.jpg
1140626486	/a/g/agrafeuse-de-bureau-24-6-26-6-20-feuilles-bleu-techno-ref-5220-2.jpg
1140626487	/a/g/agrafeuse-de-bureau-24-6-26-6-20-feuilles-gris-techno-ref-5220.jpg
1140626488	/a/g/agrafeuse-de-bureau-24-6-26-6-20-feuilles-noir-techno-ref-5220.jpg
1140626489	/a/g/agrafeuse-de-bureau-24-6-26-6-20-feuilles-rouge-techno-ref-5220.jpg
1140626490	/b/o/boite-classement-dos-25mm-carton-450g-avec-elastique-bleu-techno-ref-9366.jpg
1140626491	/b/o/boite-classement-dos-25mm-carton-450g-avec-elastique-vert-techno-ref-9366.jpg
1140626492	/b/o/boite-classement-dos-25mm-carton-450g-avec-elastique-jaune-techno-ref-9366.jpg
1140626493	/b/o/boite-classement-dos-25mm-carton-450g-avec-elastique-rouge-techno-ref-9366.jpg
1140626494	/b/o/boite-darchives-plate-en-carton-ondule-dos-09-cm-bleu-techno-ref-9176.jpg
1140626495	/b/o/boite-darchives-plate-en-carton-ondule-dos-09-cm-gris-techno-ref-9176.jpg
1140626495	/b/o/boite-darchives-plate-en-carton-ondule-dos-09-cm-gris-techno-ref-9176-2.jpg
1140626496	/b/o/boite-darchives-plate-en-carton-ondule-dos-09cm-rouge-techno-ref-9176.jpg
1140626496	/b/o/boite-darchives-plate-en-carton-ondule-dos-09cm-rouge-techno-ref-9176-2.jpg
1140626499	/b/o/boite-darchives-plate-en-carton-ondule-dos-09cm-vert-techno-ref-9176.jpg
1140626499	/b/o/boite-darchives-plate-en-carton-ondule-dos-09cm-vert-techno-ref-9176-2.jpg
1140626500	/b/o/boite-darchives-plate-en-carton-ondule-dos-09cm-orange-techno-ref-9176.jpg
1140626501	/c/h/chemise-a-rabat-en-pp-bleu-techno-ref-1361.jpg
1140626502	/c/h/chemise-a-rabat-en-pp-vert-techno-ref-1361.jpg
1140626503	/c/h/chemise-a-rabat-en-pp-gris-techno-ref-1361.jpg
1140626504	/c/h/chemise-a-rabat-en-pp-rouge-techno-ref-1361.jpg
1140626505	/c/h/chemise-a-rabat-en-pp-noir-techno-ref-1361.jpg
1140626506	/c/h/chemise-a-rabats-31x24cm-personalisable-en-pp-bleu-techno-ref-3360-0.jpg
1140626507	/c/h/chemise-a-rabats-31x24cm-personalisable-en-pp-vert-techno-ref-3360-0.jpg
1140626508	/c/h/chemise-a-rabats-31x24cm-personalisable-en-pp-rouge-techno-ref-3360-0.jpg
1140626509	/c/h/chemise-a-rabats-31x24cm-personalisable-en-pp-transparent-techno-ref-3360-0.jpg
1140626695	/a/r/argile-autodurcissante-blanche-500g-techno-ref-5701.jpg
1140626697	/a/r/argile-autodurcissante-blanche-1500g-techno-ref-5703.jpg
1140626698	/a/r/argile-autodurcissante-blanche-5000g-techno-ref-5705.jpg
1140626699	/a/r/argile-autodurcissante-rouge-500g-techno-ref-5700.jpg
1140626700	/a/r/argile-autodurcissante-rouge-1500g-techno-ref-5702.jpg
1140626701	/a/r/argile-autodurcissante-rouge-5000g-techno-ref-5704.jpg
1140626702	/a/r/argile-naturelle-1050-_-blanche-1500g-techno-ref-5758.jpg
1140626703	/a/r/argile-naturelle-1050-_-rouge-1500g-techno-ref-5757.jpg
1140626704	/a/r/argile-naturelle-1050-_-blanche-5000g-techno-ref-5760.jpg
1140626705	/a/r/argile-naturelle-1050-_-rouge-5000g-techno-ref-5759.jpg
1140627088	/c/o/compas_study_a_bague_pastel_rose_maped_ref_194111_1.jpg
1140627089	/c/o/compas_study_a_bague_pastel_mauve_maped_ref_194111_1.jpg
1140627090	/c/o/compas_study_a_bague_pastel_bleu_maped_ref_194111_1.jpg
1140627091	/c/i/ciseaux_cosmic_kids_13cm_bleu_maped_ref_464914_1.jpg
1140627092	/c/i/ciseaux_cosmic_kids_13cm_rose_maped_ref_464914_1.jpg
1140627093	/c/i/ciseaux_essentials_soft_pastel_13cm_rose_maped_ref_464413_1.jpg
1140627094	/c/i/ciseaux_essentials_soft_pastel_13cm_mauve_maped_ref_464413_1.jpg
1140627095	/c/i/ciseaux_essentials_soft_pastel_13cm_bleu_maped_ref_464413_1.jpg
1140627096	/c/r/crayon_graphite_pastel_embout_gomme_hb_mauve_maped_ref_851730_1.jpg
1140627104	/c/r/crayon_graphite_pastel_embout_gomme_hb_rose_maped_ref_851730_1_1.jpg
1140627105	/c/r/crayon_graphite_pastel_embout_gomme_hb_bleu_maped_ref_851730_1.jpg
1140627107	/c/r/crayon_noir_cosmic_teens_hb_embout_gommme_bleu_maped_ref_851812_1.jpg
1140627108	/c/r/crayon_noir_cosmic_teens_hb_embout_gommme_rose_maped_ref_851812_1.jpg
1140627163	/g/o/gomme_cosmic_kids_pyramide_bleu_maped_ref_119513_1.jpg
1140627164	/g/o/gomme_cosmic_kids_pyramide_rose_maped_ref_119513_1.jpg
1140627165	/g/o/gomme_cosmic_kids_pyramide_bleu_fonce_maped_ref_119513_1.jpg
1140627166	/g/o/gomme_cosmic_kids_pyramide_rose_fonce_maped_ref_119513_1.jpg
1140627167	/k/i/kit_de_tra_age_cosmic_teens_4_pcs_30cm_sachet_maped_ref_981731_1.jpg
1140627167	/k/i/kit_de_tra_age_cosmic_teens_4_pcs_30cm_bleu_maped_ref_981731-2_1.jpg
1140627167	/k/i/kit_de_tra_age_cosmic_teens_4_pcs_30cm_bleu_maped_ref_981731-4_1.jpg
1140627167	/k/i/kit_de_tra_age_cosmic_teens_4_pcs_30cm_bleu_maped_ref_981731-1_1.jpg
1140627167	/k/i/kit_de_tra_age_cosmic_teens_4_pcs_30cm_bleu_maped_ref_981731-3_1.jpg
1140627168	/k/i/kit_de_tra_age_cosmic_teens_4_pcs_30cm_violet_maped_ref_981731_1.jpg
1140627168	/k/i/kit_de_tra_age_cosmic_teens_4_pcs_30cm_violet_maped_ref_981731-3_1.jpg
1140627168	/k/i/kit_de_tra_age_cosmic_teens_4_pcs_30cm_violet_maped_ref_981731-4_1.jpg
1140627168	/k/i/kit_de_tra_age_cosmic_teens_4_pcs_30cm_violet_maped_ref_981731-1_1.jpg
1140627168	/k/i/kit_de_tra_age_cosmic_teens_4_pcs_30cm_violet_maped_ref_981731-2_1.jpg
1140627170	/t/a/taille_crayons_cosmic_kids_canette_reserve_2_trous_bleu_maped_ref_044113_1_1.jpg
1140627171	/t/a/taille_crayons_cosmic_kids_canette_reserve_2_trous_violet_maped_ref_044113_2.jpg
1140627172	/t/a/taille_crayons_vivo_monsters_1t_violet_maped_ref_063511_1.jpg
1140627173	/t/a/taille_crayons_vivo_monsters_1t_vert_maped_ref_063511_1.jpg
1140627174	/t/a/taille_crayons_vivo_monsters_1t_bleu_turquoise_maped_ref_063511_1.jpg
1140627175	/t/a/taille_crayons_vivo_pastel_1_trou_rose_maped_ref_063011_1_1.jpg
1140627176	/t/a/taille_crayons_vivo_pastel_1_trou_mauve_maped_ref_063011_1_3.jpg
1140627177	/t/a/taille_crayons_vivo_pastel_1_trou_bleu_maped_ref_063011_1_1.jpg
1140627180	/0/5/050050.jpg
1140627181	/0/5/050052_imresizer.jpg
1140627182	/0/5/050053.jpg
1140627183	/0/5/050054.jpg
1140627184	/0/5/050055.jpg
1140627185	/0/5/050056.jpg
1140627186	/0/5/050057.jpg
1140627187	/0/5/050058.jpg
1140627188	/0/5/050059.jpg
1140627189	/0/5/050060.jpg
1140627200	/c/e/cerne_relief_tube_20ml_blanc_pebeo_ref_778000.jpg
1140627222	/s/t/stylo-encre-gel-retractable-i-pen-e-0_7mm-noir-techno-ref-5731-2.jpg
1140627222	/s/t/stylo-encre-gel-retractable-i-pen-e-0_7mm-noir-techno-ref-5731.jpg
1140627222	/s/t/stylo-encre-gel-retractable-i-pen-techno-2_1.jpg
1140627222	/s/t/stylo-encre-gel-retractable-i-pen-techno-1_1.jpg
1140627223	/s/t/stylo-encre-gel-retractable-i-pen-e-0_7mm-bleu-techno-ref-5730-2.jpg
1140627223	/s/t/stylo-encre-gel-retractable-i-pen-e-0_7mm-bleu-techno-ref-5730.jpg
1140627223	/s/t/stylo-encre-gel-retractable-i-pen-techno-2.jpg
1140627223	/s/t/stylo-encre-gel-retractable-i-pen-techno-1.jpg
1140627305	/a/g/agrafes-24-6-techno-ref-5690_0.jpg
1140627305	/a/g/agrafes-24-6-techno-ref-5690_1.jpg
1140627305	/a/g/agrafes-24-6-techno-ref-5690_2.jpg
1140627824	/p/e/peinture-aquarelle-12x12-ml-crea-color-techno-ref-5336.jpg
1140627825	/p/e/peinture-gouache-12x12-ml-crea-color-techno-ref-5337.jpg
1140627826	/p/e/peinture-acrylique-12x12-ml-crea-color-techno-ref-5338.jpg
1140627827	/p/e/peinture-a-lhuile-12x12-ml-crea-color-techno-ref-5339.jpg
1140627834	/p/e/peinture-acrylique-100-ml-blanc-crea-color-techno-ref-5660_1_1.jpg
1140627834	/p/e/peinture-acrylique-100-ml-blanc-crea-color-techno-ref-5660_2_1.jpg
1140627834	/p/e/peinture-acrylique-100-ml-blanc-crea-color-techno-ref-5660_3.jpg
1140627844	/p/e/peinture-acrylique-100-ml-noir-crea-color-techno-ref-5661_1_1.jpg
1140627844	/p/e/peinture-acrylique-100-ml-noir-crea-color-techno-ref-5661_2_1.jpg
1140627845	/p/e/peinture-acrylique-100-ml-magenta-crea-color-techno-ref-5662_1.jpg
1140627845	/p/e/peinture-acrylique-100-ml-magenta-crea-color-techno-ref-5662_2.jpg
1140627846	/p/e/peinture-acrylique-100-ml-cyan-crea-color-techno-ref-5663_1.jpg
1140627846	/p/e/peinture-acrylique-100-ml-cyan-crea-color-techno-ref-5663_2.jpg
1140627847	/p/e/peinture-acrylique-100-ml-jaune-primaire-crea-color-techno-ref-5664_1.jpg
1140627847	/p/e/peinture-acrylique-100-ml-jaune-primaire-crea-color-techno-ref-5664_2.jpg
1140627848	/p/e/peinture-acrylique-100-ml-dore-primaire-crea-color-techno-ref-5665_1.jpg
1140627848	/p/e/peinture-acrylique-100-ml-dore-primaire-crea-color-techno-ref-5665_2.jpg
1140627851	/p/e/peinture-acrylique-100-ml-argente-crea-color-techno-ref-5666_1.jpg
1140627851	/p/e/peinture-acrylique-100-ml-argente-crea-color-techno-ref-5666_2.jpg
1140627852	/p/e/peinture-acrylique-100-ml-bleu-crea-color-color-techno-ref-5667_1.jpg
1140627852	/p/e/peinture-acrylique-100-ml-bleu-crea-color-color-techno-ref-5667_2.jpg
1140627853	/p/e/peinture-acrylique-100-ml-ombre-brulee-crea-color-techno-ref-5668_1.jpg
1140627853	/p/e/peinture-acrylique-100-ml-ombre-brulee-crea-color-techno-ref-5668_2.jpg
1140627854	/p/e/peinture-acrylique-100-ml-bleu-outrmer-crea-color-techno-ref-5669_1.jpg
1140627854	/p/e/peinture-acrylique-100-ml-bleu-outrmer-crea-color-techno-ref-5669_2.jpg
1140627855	/p/e/peinture-acrylique-100-ml-cramoisi-crea-color-techno-ref-5670_1.jpg
1140627855	/p/e/peinture-acrylique-100-ml-cramoisi-crea-color-techno-ref-5670_2.jpg
1140627856	/p/e/peinture-acrylique-100-ml-rose-crea-color-techno-ref-5671_1.jpg
1140627856	/p/e/peinture-acrylique-100-ml-rose-crea-color-techno-ref-5671_2.jpg
1140627857	/p/e/peinture-acrylique-100-ml-jaune-clair-crea-color-techno-ref-5672.jpg
1140627858	/p/e/peinture-acrylique-100-ml-rouge-ecarlate-crea-color-techno-ref-5673_1.jpg
1140627858	/p/e/peinture-acrylique-100-ml-rouge-ecarlate-crea-color-techno-ref-5673_2.jpg
1140627859	/p/e/peinture-acrylique-100-ml-bleu-outremer-claire-cr-techno-ref-5674_1.jpg
1140627859	/p/e/peinture-acrylique-100-ml-bleu-outremer-claire-cr-techno-ref-5674_2.jpg
1140627860	/p/e/peinture-acrylique-100-ml-sienne-brulee-crea-color-techno-ref-5675_1.jpg
1140627860	/p/e/peinture-acrylique-100-ml-sienne-brulee-crea-color-techno-ref-5675_2.jpg
1140627861	/p/e/peinture-acrylique-100-ml-cuivre-crea-color-techno-ref-5676_1.jpg
1140627861	/p/e/peinture-acrylique-100-ml-cuivre-crea-color-techno-ref-5676_2.jpg
1140627862	/p/e/peinture-acrylique-100-ml-ocre-jaune-crea-color-techno-ref-5677_1.jpg
1140627862	/p/e/peinture-acrylique-100-ml-ocre-jaune-crea-color-techno-ref-5677_2.jpg
1140627863	/p/e/peinture-acrylique-100-ml-bleu-cobalt-opaque-crea-color-techno-ref-5678_1.jpg
1140627863	/p/e/peinture-acrylique-100-ml-bleu-cobalt-opaque-crea-color-techno-ref-5678_2.jpg
1140627864	/p/e/peinture-acrylique-100-ml-jaune-cadmium-moyen-techno-ref-5679.jpg
1140627865	/p/e/peinture-acrylique-100-ml-vert-cadmium-crea-color-techno-ref-5680_1.jpg
1140627865	/p/e/peinture-acrylique-100-ml-vert-cadmium-crea-color-techno-ref-5680_2.jpg
1140627866	/p/e/peinture-acrylique-100-ml-bleu-phtalocyanine-crea-color-techno-ref-5681_1.jpg
1140627866	/p/e/peinture-acrylique-100-ml-bleu-phtalocyanine-crea-color-techno-ref-5681_2.jpg
1140627867	/p/e/peinture-acrylique-100-ml-orange-crea-color-techno-ref-5682_1.jpg
1140627867	/p/e/peinture-acrylique-100-ml-orange-crea-color-techno-ref-5682_2.jpg
1140627868	/p/e/peinture-acrylique-100-ml-violet-cobalt-crea-color-techno-ref-5683_1.jpg
1140627868	/p/e/peinture-acrylique-100-ml-violet-cobalt-crea-color-techno-ref-5683_2.jpg
1140627869	/p/e/peinture-acrylique-100-ml-rouge-vermillon-crea-color-techno-ref-5684.jpg
1140627877	/p/a/papier-a-dessin-noir-pochette-10f-29_7-x-42-120g-techno-ref-9599.jpg
1140627878	/a/l/album-papier-noir-30-feuilles-a3-29_7x42-cm-160g-techno-ref-9605_1.jpg
1140627878	/a/l/album-papier-noir-30-feuilles-a3-29_7x42-cm-160g-techno-ref-9605_2.jpg
1140628265	/r/u/ruban-adhesif-double-face-ivy-gripe-30mmx4m-transparent-techno-ref-5728.jpg
1140628266	/r/u/ruban-adhesif-double-face-ivy-gripe-30mmx2m-transparent-techno-ref-5727_0.jpg
1140628267	/r/u/ruban-adhesif-double-face-ivy-gripe-30mmx1m-transparent-techno-ref-5726.jpg
1140628313	/c/o/correcteur-liquide-en-flacon-12-ml-te-correct-techno-ref-4651-4.jpg
1140628313	/c/o/correcteur-liquide-en-flacon-12-ml-te-correct-techno-ref-4651-3.jpg
1140628330	/m/a/marqueur-double-tete-artmark-boite-12-couleurs-techno-ref-5706.jpg
1140628330	/1/2/12psc.png
1140628330	/1/2/12.png
1140628331	/m/a/marqueur-double-tete-artmark-boite-24-couleurs-techno-ref-5707.jpg
1140628331	/2/4/24psc.png
1140628331	/2/4/24.png
1140628332	/m/a/marqueur-double-tete-artmark-boite-36-couleurs-techno-ref-5708.jpg
1140628332	/3/6/36psc.png
1140628332	/3/6/36.png
1140628333	/m/a/marqueur-double-tete-artmark-boite-60-couleurs-techno-ref-5709.jpg
1140628333	/6/0/60psc.png
1140628333	/6/0/60.png
1140628848	/a/l/album-marker-48-feuilles-a3-42x29_7-cm-70g-techno-ref-9627.jpg
1140628848	/a/l/album-marker-48-feuilles-a3-42x29_7-cm-70g-techno-ref-9627_1.jpg
1140628897	/s/t/stylo-a-bille-vario-0_7-mm-bleu-techno-ref-5793-1.jpg
1140628897	/s/t/stylo-a-bille-vario-0_7-mm-bleu-techno-ref-5793-2.jpg
1140628897	/s/t/stylo-a-bille-vario-0_7-mm-bleu-techno-ref-5793.jpg
1140628897	/s/t/stylo-a-bille-vario-0_7-mm-techno--2.jpg
1140628898	/s/t/stylo-a-bille-vario-0_7-mm-noir-techno-ref-5794-2.jpg
1140628898	/s/t/stylo-a-bille-vario-0_7-mm-noir-techno-ref-5794-3.jpg
1140628898	/s/t/stylo-a-bille-vario-0_7-mm-noir-techno-ref-5794.jpg
1140628898	/s/t/stylo-a-bille-vario-0_7-mm-techno--2_1.jpg
1140629176	/a/l/album-croquis-1557-a-grain-fin-adouci-50f-a5-120g-canson-ref-31412a000-4127-417.jpg
1140629282	/c/r/crayon-de-couleurs-a-cire-yippy-wax-jumbo-en-bte-de-8-pcs-stabilo-ref-2808j-3_1.jpg
1140629282	/c/r/crayon-de-couleurs-a-cire-yippy-wax-en-bte-de-12-pcs-stabilo-ref-2812-1.png
1140629282	/c/r/crayons_de_couleurs_a_cire.png
1140629283	/c/r/crayon-de-couleurs-a-cire-yippy-wax-jumbo-en-bte-de-8-pcs-stabilo-ref-2808j-1_1.jpg
1140629283	/c/r/crayon-de-couleurs-a-cire-yippy-wax-jumbo-en-bte-de-8-pcs-stabilo-ref-2808j-2_1.jpg
1140629283	/c/r/crayon-de-couleurs-a-cire-yippy-wax-jumbo-en-bte-de-8-pcs-stabilo-ref-2808j-3.jpg
1140629284	/c/r/crayon-de-couleur-pastel-carbothello-terre-dombre-stabilo-ref-1400-640.jpg
1140629285	/c/r/crayon-de-couleur-pastel-carbothello-ocre-rouge-stabilo-ref-1400-645.jpg
1140629286	/c/r/crayon-de-couleur-pastel-carbothello-rouge-egyptien-stabilo-ref-1400-655.jpg
1140629287	/c/r/crayon-de-couleur-pastel-carbothello-brun-dorient-stabilo-ref-1400-670.jpg
1140629288	/c/r/crayon-de-couleur-pastel-carbothello-safran-stabilo-ref-1400-675.jpg
1140629289	/c/r/crayon-de-couleur-pastel-carbothello-chair-clair-stabilo-ref-1400-681.jpg
1140629290	/c/r/crayon-de-couleur-pastel-carbothello-gris-froid-stabilo-ref-1400-722.jpg
1140629291	/c/r/crayon-de-couleur-pastel-carbothello-gris-de-payne-stabilo-ref-1400-724.jpg
1140629292	/c/r/crayon-de-couleur-pastel-carbothello-sepia-gris-stabilo-ref-1400-726.jpg
1140629293	/c/r/crayon-de-couleur-pastel-carbothello-noir-de-bougie-stabilo-ref-1400-750.jpg
1140629294	/c/r/crayon-de-couleur-aquarellable-aquacolor-en-pochette-de-12-pcs-stabilo-ref-1612-3_1.jpg
1140629294	/c/r/crayon-de-couleur-aquarellable-aquacolor-en-pochette-stabilo_2.jpg
1140629294	/c/r/crayon-de-couleur-aquarellable-aquacolor-en-pochette-stabilo_3.jpg
1140629294	/c/r/crayon-de-couleur-aquarellable-aquacolor-en-pochette-stabilo_4.jpg
1140629294	/c/r/crayon-de-couleur-aquarellable-aquacolor-en-pochette-stabilo_5.jpg
1140629295	/c/r/crayon-de-couleur-aquarellable-aquacolor-boite-en-metal-de-12-pcs-stabilo-ref-1612-5.jpg
1140629295	/c/r/crayon-de-couleur-aquarellable-aquacolor-boite-en-metal-stabilo_7.jpg
1140629295	/c/r/crayon-de-couleur-aquarellable-aquacolor-boite-en-metal-stabilo_9_2.jpg
1140629295	/c/r/crayon-de-couleur-aquarellable-aquacolor-boite-en-metal-stabilo_8_1.jpg
1140629295	/c/r/crayon-de-couleur-aquarellable-aquacolor-boite-en-metal-stabilo_10_1_1.jpg
1140629295	/c/r/crayon-de-couleur-aquarellable-aquacolor-boite-en-metal-stabilo_6_1_1.jpg
1140629296	/c/r/crayon-de-couleur-aquarellable-aquacolor-en-pochette-de-24-pcs-stabilo-ref-1624-3.jpg
1140629296	/c/r/crayon-de-couleur-aquarellable-aquacolor-en-pochette-stabilo_2_1.jpg
1140629296	/c/r/crayon-de-couleur-aquarellable-aquacolor-en-pochette-stabilo_3_1.jpg
1140629296	/c/r/crayon-de-couleur-aquarellable-aquacolor-en-pochette-stabilo_4_1.jpg
1140629296	/c/r/crayon-de-couleur-aquarellable-aquacolor-en-pochette-stabilo_5_1.jpg
1140629297	/c/r/crayon-de-couleur-aquarellable-aquacolor-boite-en-metal-de-24-pcs-stabilo-ref-1624-5_1.jpg
1140629297	/c/r/crayon-de-couleur-aquarellable-aquacolor-boite-en-metal-de-24-pcs-stabilo-ref-1624-5_2.jpg
1140629297	/c/r/crayon-de-couleur-aquarellable-aquacolor-boite-en-metal-stabilo_3.jpg
1140629297	/c/r/crayon-de-couleur-aquarellable-aquacolor-boite-en-metal-stabilo_5.jpg
1140629297	/c/r/crayon-de-couleur-aquarellable-aquacolor-boite-en-metal-stabilo_8_2.jpg
1140629297	/c/r/crayon-de-couleur-aquarellable-aquacolor-boite-en-metal-stabilo_10_1_2.jpg
1140629297	/c/r/crayon-de-couleur-aquarellable-aquacolor-boite-en-metal-stabilo_6_1_2.jpg
1140629297	/c/r/crayon-de-couleur-aquarellable-aquacolor-boite-en-metal-stabilo_9_1.jpg
1140629298	/c/r/crayon-de-couleur-aquarellable-aquacolor-boite-en-metal-de-36-pcs-stabilo-ref-1636-5_1.jpg
1140629298	/c/r/crayon-de-couleur-aquarellable-aquacolor-boite-en-metal-de-36-pcs-stabilo-ref-1636-5_2.jpg
1140629298	/c/r/crayon-de-couleur-aquarellable-aquacolor-boite-en-metal-de-36-pcs-stabilo-ref-1636-5_3.jpg
1140629298	/c/r/crayon-de-couleur-aquarellable-aquacolor-boite-en-metal-de-36-pcs-stabilo-ref-1636-5_4.jpg
1140629298	/c/r/crayon-de-couleur-aquarellable-aquacolor-boite-en-metal-de-36-pcs-stabilo-ref-1636-5_5.jpg
1140629298	/c/r/crayon-de-couleur-aquarellable-aquacolor-boite-en-metal-de-36-pcs-stabilo-ref-1636-5_6.jpg
1140629298	/c/r/crayon-de-couleur-aquarellable-aquacolor-boite-en-metal-stabilo_9.jpg
1140629298	/c/r/crayon-de-couleur-aquarellable-aquacolor-boite-en-metal-stabilo_8.jpg
1140629298	/c/r/crayon-de-couleur-aquarellable-aquacolor-boite-en-metal-stabilo_10_1.jpg
1140629298	/c/r/crayon-de-couleur-aquarellable-aquacolor-boite-en-metal-stabilo_6_1.jpg
1140629298	/c/r/crayon-de-couleur-aquarellable-aquacolor-boite-en-metal-stabilo_7_1.jpg
1140629299	/c/r/crayon-de-couleur-aquarellable-aquacolor-en-pochette-de-36-pcs-stabilo-ref-1636-7.jpg
1140629299	/c/r/crayon-de-couleur-aquarellable-aquacolor-en-pochette-stabilo_2_2.jpg
1140629299	/c/r/crayon-de-couleur-aquarellable-aquacolor-en-pochette-stabilo_3_2.jpg
1140629299	/c/r/crayon-de-couleur-aquarellable-aquacolor-en-pochette-stabilo_4_2.jpg
1140629299	/c/r/crayon-de-couleur-aquarellable-aquacolor-en-pochette-stabilo_5_2.jpg
1140629303	/s/t/stylo-feutre-pointmax-en-pochette-de-12-pcs-stabilo-ref-488-12-01_1.jpg
1140629303	/s/t/stylo-feutre-pointmax-en-pochette-stabilo_3_3.jpg
1140629303	/s/t/stylo-feutre-pointmax-en-pochette-stabilo_2_3.jpg
1140629303	/s/t/stylo-feutre-pointmax-en-pochette-stabilo_4_3.jpg
1140629303	/s/t/stylo-feutre-pointmax-en-pochette-stabilo_5_3.jpg
1140629303	/s/t/stylo-feutre-pointmax-en-pochette-stabilo_6_3.jpg
1140629304	/s/t/stylo-feutre-pointmax-en-pochette-de-24-pcs-stabilo-ref-488-24-01_1_2.jpg
1140629304	/s/t/stylo-feutre-pointmax-en-pochette-de-24-pcs-stabilo-ref-488-24-01_3_1.jpg
1140629304	/s/t/stylo-feutre-pointmax-en-pochette-de-24-pcs-stabilo-ref-488-24-01_2_1.jpg
1140629304	/s/t/stylo-feutre-pointmax-en-pochette-stabilo_3_2.jpg
1140629304	/s/t/stylo-feutre-pointmax-en-pochette-stabilo_2_2.jpg
1140629304	/s/t/stylo-feutre-pointmax-en-pochette-stabilo_4_2.jpg
1140629304	/s/t/stylo-feutre-pointmax-en-pochette-stabilo_5_2.jpg
1140629304	/s/t/stylo-feutre-pointmax-en-pochette-stabilo_6_2.jpg
1140629305	/s/t/stylo-feutre-pointmax-coul-pastel-pochette-de-4-pcs-stabilo-ref-488-4-02.jpg
1140629306	/f/e/feutre-pinceau-pen-68-brush-en-pochette-de-6-pcs-stabilo-ref-568-06-11_1.jpg
1140629306	/f/e/feutre-pinceau-pen-68-brush-en-pochette-de-6-pcs-stabilo-ref-568-06-11_2.jpg
1140629306	/f/e/feutre-pinceau-pen-68-brush-en-pochette-de-6-pcs-stabilo-ref-568-06-11_3.jpg
1140629306	/f/e/feutre-pinceau-pen-68-brush-en-pochette-de-6-pcs-stabilo-ref-568-06-11_4.jpg
1140629306	/f/e/feutre-pinceau-pen-68-brush-en-pochette-de-6-pcs-stabilo-ref-568-06-11_5.jpg
1140629306	/f/e/feutre-pinceau-pen-68-brush-en-pochette-de-6-pcs-stabilo-ref-568-06-11_6.jpg
1140629306	/f/e/feutre-pinceau-pen-68-brush-en-pochette-de-6-pcs-stabilo-ref-568-06-11_7.jpg
1140629306	/f/e/feutre-pinceau-pen-68-brush-en-pochette-de-6-pcs-stabilo-ref-568-06-11_8.jpg
1140629307	/f/e/feutre-pinceau-pen-68-brush-en-pochette-de-10-pcs-stabilo-ref-568-10-11-1.jpg
1140629307	/f/e/feutre-pinceau-pen-68-brush-en-pochette-de-10-pcs-stabilo-ref-568-10-11-2_1.jpg
1140629307	/f/e/feutre-pinceau-pen-68-brush-en-pochette-de-10-pcs-stabilo-ref-568-10-11-3_1.jpg
1140629307	/f/e/feutre-pinceau-pen-68-brush-en-pochette-de-10-pcs-stabilo-ref-568-10-11-4_1.jpg
1140629307	/f/e/feutre-pinceau-pen-68-brush-en-pochette-de-10-pcs-stabilo-ref-568-10-11-6_2.jpg
1140629307	/f/e/feutre-pinceau-pen-68-brush-en-pochette-de-10-pcs-stabilo-ref-568-10-11-5_2.jpg
1140629307	/f/e/feutre-pinceau-pen-68-brush-en-pochette-de-10-pcs-stabilo-ref-568-10-11-7_2.jpg
1140629307	/f/e/feutre-pinceau-pen-68-brush-en-pochette-de-10-pcs-stabilo-ref-568-10-11-8_2.jpg
1140629308	/f/e/feutre-pinceau-pen-68-brush-color-parade-de-20-pcs-stabilo-ref-568-20-0211-5_1.jpg
1140629308	/f/e/feutre-pinceau-pen-68-brush-color-parade-de-20-pcs-stabilo-ref-568-20-0211-4_1.jpg
1140629308	/f/e/feutre-pinceau-pen-68-brush-color-parade-de-20-pcs-stabilo-ref-568-20-0211-1.jpg
1140629308	/f/e/feutre-pinceau-pen-68-brush-color-parade-de-20-pcs-stabilo-ref-568-20-0211-2.jpg
1140629308	/f/e/feutre-pinceau-pen-68-brush-color-parade-de-20-pcs-stabilo-ref-568-20-0211-7.jpg
1140629308	/f/e/feutre-pinceau-pen-68-brush-color-parade-de-20-pcs-stabilo-ref-568-20-0211-6.jpg
1140629308	/f/e/feutre-pinceau-pen-68-brush-color-parade-de-20-pcs-stabilo-ref-568-20-0211-3.jpg
1140629440	/a/l/album-aquarelle-12-feuilles-a5-14_8x21-cm-300g-techno-ref-9634.jpg
1140629440	/a/l/album-aquarelle-12-feuilles-a5-14_8x21-cm-300g-techno-ref-9634_1_1.jpg
1140629441	/c/o/couvert-page-de-garde-125_-a4-transparent-100f-techno-ref-5655.jpg
1140629442	/c/o/couvert-page-de-garde-125_-a4-bleu-transparent-100f-techno-ref-5656.jpg
1140629443	/c/o/couvert-page-de-garde-125_-a4-jaune-transparent-100f-techno-ref-5657.jpg
1140629444	/c/o/couvert-page-de-garde-125_-a4-rouge-transparent-100f-techno-ref-5658.jpg
1140629445	/c/o/couvert-page-de-garde-125_-a4-vert-transparent-100f-techno-ref-5659.jpg
1140629495	/e/q/equerre-ajustable-35cm-isomars-ref-ads2m14.jpg
1140629496	/e/n/ensemble-de-tracage-geometrique-regle-equerre-rapp-isomars-ref-stc360.jpg
1140629497	/r/a/rapporteur-etudiant-25-cm-isomars-ref-sps10.jpg
1140629498	/r/a/rapporteur-semi-circulaire-180_-isomars-ref-5.jpg
1140629499	/r/a/rapporteur-circulaire-360_-isomars-ref-p6.jpg
1140629502	/r/e/regle-t-detachable-80-cm-x-5_5-cm-isomars-ref-dtm32.jpg
1140629503	/r/e/regle-t-detachable-105-cm-x5_5-cm-isomars-ref-dtm42.jpg
1140629504	/r/e/regle-roulante-30-cm-isomars-ref-rr30-cm.jpg
1140629506	/r/e/regle-courbe-flexible-60-cm-isomars-ref-fcm60cm.jpg
1140629507	/t/a/table-a-dessin-a3-isomars-ref-matix-t-a3.jpg
1140629508	/t/a/table-a-dessin-a2-ajustable-isomars-ref-tspm02-a2.jpg
1140629547	/t/a/table-a-dessin-a2-en-verre-et-cadre-en-metal-isomars-ref-gtm02.jpg
1140629549	/e/n/ensemble-de-calligraphie-arabe-jeu-de-12-pcs-isomars-ref-cp200.jpg
1140629549	/e/n/ensemble-de-calligraphie-arabe-jeu-de-12-pcs-isomars-ref-cp200-1.jpg
1140629549	/e/n/ensemble-de-calligraphie-arabe-jeu-de-12-pcs-isomars-ref-cp200-2.jpg
1140629550	/e/n/ensemble-de-calligraphie-bois-arabe-jeu-de-6-pcs-isomars-ref-cp800_1.jpg
1140629551	/p/o/porte-plume-en-bois-isomars-ref-dp620.jpg
1140629571	/s/t/stylo-a-dessin-technique-pointe-0_2mm-isomars-ref-tp02-0_2.jpg
1140629572	/s/t/stylo-a-dessin-technique-pointe-0_3-isomars-ref-tp02-0_3.jpg
1140629572	/s/t/stylo-a-dessin-technique-pointe-0_3mm-isomars-ref-tp02-0_3.jpg
1140629573	/s/t/stylo-a-dessin-technique-pointe-0_4-isomars-ref-tp02-0_4.jpg
1140629574	/s/t/stylo-a-dessin-technique-pointe-0_6mm-isomars-ref-tp02-0_6.jpg
1140629575	/t/e/tete-pour-stylo-a-dessin-technique-pointe-0_2mm-isomars-ref-pn-0_2_1_1.jpg
1140629575	/t/e/tete-pour-stylo-a-dessin-technique-pointe-0_2mm-isomars-ref-pn-0_2_2_1.jpg
1140629576	/t/e/tete-pour-stylo-a-dessin-techn-pointe-0_3-isomars-ref-pn-0_3.jpg
1140629577	/t/e/tete-pour-stylo-a-dessin-technique-pointe-0_4mm-isomars-ref-pn-0_4_1.jpg
1140629577	/t/e/tete-pour-stylo-a-dessin-technique-pointe-0_4mm-isomars-ref-pn-0_4_2.jpg
1140629578	/t/e/tete-pour-stylo-a-dessin-technique-pointe-0_6mm-isomars-ref-pn-0_6.jpg
1140629583	/e/n/ensemble-stylo-a-dessin-techni-de-03-pcs-isomars-ref-set03.jpg
1140629584	/e/n/ensemble-stylo-a-dessin-techni-de-04-pcs-isomars-ref-set04.jpg
1140629585	/e/n/ensemble-stylo-a-dessin-techni-de-08-pcs-isomars-ref-set08.jpg
1140629586	/e/n/ensemble-stylo-a-dessin-techni-de-09-pcs-isomars-ref-set09.jpg
1140629587	/r/e/regle-pour-tailleur-40-cm-isomars-ref-gr40cm.jpg
1140629589	/r/e/regle-pour-tailleur-58-cm-isomars-ref-gr58cm.jpg
1140629590	/r/e/regle-pour-tailleur-16-inch-isomars-ref-gr16in.jpg
1140629591	/r/e/regle-courbe-francaise-isomars-ref-mfr41.jpg
1140629592	/g/r/grille-damenagement-ech-1-200-isomars-ref-1854.jpg
1140629593	/g/r/grille-damenagement-ech-1-50-isomars-ref-1852.jpg
1140629594	/g/r/grille-damenagement-ech-1-100-isomars-ref-1853.jpg
1140629595	/r/e/regle-trace-cercle-22-cm-isomars-ref-iscoi-35.jpg
1140629596	/r/e/regle-trace-elipse-gm-25-deg-_-45-deg-_-60-deg-isomars-ref-18091m.jpg
1140629597	/r/e/regle-pochoir-motif-italique-164-mm-x-255-mm-isomars-ref-is-5.jpg
1140629598	/t/r/trace-lettres-en-arabe-20cm-isomars-ref-is-18.jpg
1140629599	/e/n/encre-calligraphie-noir-35ml-isomars-ref-cg35-bk.jpg
1140629600	/e/n/encre-calligraphie-bleu-35ml-isomars-ref-cg35-bl.jpg
1140629601	/e/n/encre-calligraphie-jaune-35ml-isomars-ref-cg35-yl.jpg
1140629602	/e/n/encre-calligraphie-rouge-35ml-isomars-ref-cg35-rd.jpg
1140629603	/e/n/encre-calligraphie-vert-35ml-isomars-ref-cg35-gr.jpg
1140629604	/e/n/encre-calligraphie-marron-35ml-isomars-ref-cg35-br.jpg
1140629606	/e/n/encre-calligraphie-orange-35ml-isomars-ref-cg35-or.jpg
1140629607	/e/n/encre-calligraphie-rose-35ml-isomars-ref-cg35-pk.jpg
1140629608	/e/n/encre-calligraphie-magenta-35ml-isomars-ref-cg35-mg.jpg
1140629609	/e/n/encre-calligraphie-gris-35ml-isomars-ref-cg35-gry_1.jpg
1140629609	/e/n/encre-calligraphie-gris-35ml-isomars-ref-cg35-gry.jpg
1140629610	/e/n/encre-en-spray-noir-100-ml-isomars-ref-csa-100mlbk.jpg
1140629611	/e/n/encre-en-spray-bleu-100-ml-isomars-ref-csa-100mlbl.jpg
1140629682	/e/n/encre-en-spray-jaune-100-ml-isomars-ref-csa-100mlyl.jpg
1140629683	/e/n/encre-en-spray-rouge-100-ml-isomars-ref-csa-100mlrd.jpg
1140629684	/e/n/encre-en-spray-vert-100-ml-isomars-ref-csa-100mlgr.jpg
1140629685	/e/n/encre-en-spray-marron-100ml-isomars-ref-csa-100mlbr.jpg
1140629686	/e/n/encre-en-spray-magenta-100ml-isomars-ref-csa-100mlmg.png
1140629687	/e/n/encre-en-spray-gris-100ml-isomars-ref-csa-100mlgry.jpg
1140629688	/e/n/encre-calligraphie-or-35ml-isomars-ref-cg35-gold.jpg
1140629689	/e/n/encre-calligraphie-cuivre-35ml-isomars-ref-cg35-copr.jpg
1140629690	/e/n/encre-pour-stylo-a-plume-noir-35ml-isomars-ref-fpi35-35bk.jpg
1140629691	/e/n/encre-pour-stylo-a-plume-bleu-roi-35ml-isomars-ref-fpi35-35rb.jpg
1140629692	/s/t/stylo-en-bamboo-jeu-de-3-pcs-isomars-ref-bp03.jpg
1140629693	/r/e/regle-trace-lettre-2-mm-isomars-ref-200.jpg
1140629694	/r/e/regle-trace-lettre-3-mm-isomars-ref-300.jpg
1140629695	/r/e/regle-trace-lettre-4-mm-isomars-ref-400_copie.jpg
1140629696	/r/e/regle-trace-lettre-5-mm-isomars-ref-500.jpg
1140629697	/r/e/regle-trace-lettre-6-mm-isomars-ref-600.jpg
1140629698	/r/e/regle-trace-lettre-7-mm-isomars-ref-700.jpg
1140629701	/c/o/couvert-page-de-garde-170-_-a4-transparent-paquet-de-100-feuilles-techno-ref-9656.jpg
1140629702	/r/e/regle-trace-lettre-10-mm-isomars-ref-1000.jpg
1140629703	/r/e/regle-trace-lettre-12-mm-isomars-ref-1200.jpg
1140629704	/e/n/encre-a-dessin-etanche-25-ml-noir-isomars-ref-nk100-bk.jpg
1140629705	/e/n/encre-a-dessin-etanche-25-ml-bleu-isomars-ref-nk100-bl.jpg
1140629706	/e/n/encre-a-dessin-etanche-25-ml-jaune-isomars-ref-nk100-yl.jpg
1140629707	/e/n/encre-a-dessin-etanche-25-ml-rouge-isomars-ref-nk100-rd.jpg
1140629708	/e/n/encre-a-dessin-etanche-25-ml-vert-isomars-ref-nk100-gr.jpg
1140629709	/e/n/encre-a-dessin-etanche-25-ml-marron-isomars-ref-nk100-br.jpg
1140629710	/e/n/encre-a-dessin-etanche-25-ml-orange-isomars-ref-nk100-or.jpg
1140629711	/e/n/encre-a-dessin-etanche-25ml-blanc-isomars-ref-nk100-wt.jpg
1140629712	/e/n/encre-a-dessin-etanche-25ml-gris-isomars-ref-nk100-gry.jpg
1140629731	/a/q/aquarelle-fine-24-pastilles-30mm-boite-metallique-primo-ref-133a12mgm.jpg
1140629732	/a/q/aquarelle-fine-24-pastilles-30mm-boite-metallique-primo-ref-134a24mgm.jpg
1140629733	/a/q/aquarelle-liquide-en-pot-06-x-25ml-primo-ref-238at6.jpg
1140629737	/g/o/gouache-en-blister-5-couleurs-x12ml-primo-ref-442t5bl.jpg
1140629738	/g/o/gouache-en-tube-10-couleurs-x-12ml-primo-ref-444t10sap.jpg
1140629742	/m/a/mallette-creative-14-couleurs-x-12ml-avec-15-pastilles-30mm-avec-gomme-avec-crayon-primo-ref-272cs2p.jpg
1140629750	/g/o/gouache-en-pot-06-couleurs-x-25-ml-primo-ref-253tb6e.jpg
1140629751	/g/o/gouache-en-pot-12-couleurs-x-25-ml-primo-ref-252tb12.jpg
1140629752	/g/o/gouache-de-qualite-metalique-en-pot-06-couleurs-x-25-ml-primo-ref-231tm6e.jpg
1140629753	/g/o/gouache-de-qualite-en-pot-06-couleurs-fluo-x-25ml-primo-ref-254tf6e.jpg
1140629754	/a/c/acrylic-en-pot-06-couleurs-x-25ml-primo-ref-408ta6.jpg
1140629756	/a/c/acrylic-en-tube-12-couleurs-x-7_5ml-primo-ref-407ta12pp.jpg
1140629757	/a/c/acrylic-en-tube-10-couleurs-x-18ml-primo-ref-405ta10sp.jpg
1140629758	/a/q/aquarelle-fine-en-tube-de-10-couleursx18ml-primo-ref-237at10sp.jpg
1140629759	/a/q/aquarelle-fine-12-pastilles-de-30mm-primo-ref-136a12gmh.jpg
1140629760	/a/q/aquarelle-fine-24-pastilles-de-30mm-primo-ref-137a24gmh.jpg
1140629771	/p/o/porte-plume-en-plastique-isomars-ref-dp660.jpg
1140629773	/p/o/pochoir-motif-fleurs-isomars-ref-is-101.jpg
1140629774	/p/o/pochoir-motif-fleurs-et-papillons-isomars-ref-is-102.jpg
1140629775	/p/o/pochoir-motif-fleurs-et-papillons-isomars-ref-is-104.jpg
1140629776	/r/e/regle-trace-elipse-pm-20__30__40_-isomars-ref-1838.jpg
1140629778	/p/o/pochoir-motif-papillons-isomars-ref-is-105.jpg
1140629779	/p/o/pochoir-motif-grandes-fleurs-isomars-ref-is-114.jpg
1140629780	/p/o/pochoir-motif-designe-interieur-isomars-ref-is-133.jpg
1140629781	/p/o/pochoir-motif-divers-isomars-ref-is-141.jpg
1140629782	/p/o/pochoir-motif-designe-salon-isomars-ref-is-156.jpg
1140629784	/p/o/pochoir-motif-plage-isomars-ref-is-170.jpg
1140629785	/p/o/pochoir-motif-la-nature-isomars-ref-is-171.jpg
1140629789	/g/r/grille-damenagement-ech-1-200-isomars-ref-1877.jpg
1140629836	/p/r/protege-cahier-36x23-cm-cristal-transparent-techno-ref-5810.jpg
1140629837	/p/r/protege-cahier-36x23-cm-cristal-bleu-techno-ref-5811.jpg
1140629838	/p/r/protege-cahier-36x23-cm-cristal-vert-techno-ref-5812.jpg
1140629839	/p/r/protege-cahier-36x23-cm-cristal-rouge-techno-ref-5813.jpg
1140629840	/p/r/protege-cahier-36x23-cm-cristal-jaune-techno-ref-5814.jpg
1140629841	/p/r/protege-cahier-36x23-cm-cristal-violet-techno-ref-5815.jpg
1140629842	/p/r/protege-cahier-36x23-cm-cristal-rose-techno-ref-5816.jpg
1140629843	/p/r/protege-cahier-36x23-cm-cristal-marron-techno-ref-5817.jpg
1140629844	/p/r/protege-cahier-36x23-cm-cristal-orange-techno-ref-5818.jpg
1140629845	/p/r/protege-cahier-36x23-cm-cristal-fume-techno-ref-5819.jpg
1140629846	/p/r/protege-livre-a-02-rabats-45_7x30_5-cm-cristal-transparent-techno-ref-5820.jpg
1140629847	/p/r/protege-livre-a-02-rabats-45_7x30_5-cm-cristal-bleu-techno-ref-5821.jpg
1140629848	/p/r/protege-livre-a-02-rabats-45_7x30_5-cm-cristal-jaune-techno-ref-5822.jpg
1140629849	/p/r/protege-livre-a-02-rabats-45_7x30_5-cm-cristal-rouge-techno-ref-5823.jpg
1140629850	/p/r/protege-livre-a-02-rabats-45_7x30_5-cm-cristal-vert-techno-ref-5824.jpg
1140629851	/p/r/protege-livre-a-02-rabats-45_7x30_5-cm-cristal-rose-techno-ref-5825.jpg
1140629852	/p/r/protege-livre-a-02-rabats-45_7x30_5-cm-cristal-marron-techno-ref-5826.jpg
1140629853	/p/r/protege-livre-a-02-rabats-45_7x30_5-cm-cristal-orange-techno-ref-5827.jpg
1140629854	/p/r/protege-livre-a-02-rabats-45_7x30_5-cm-cristal-violet-techno-ref-5828_1.jpg
1140629855	/p/r/protege-livre-a-02-rabats-45_7x30_5-cm-cristal-fume-techno-ref-5829_1.jpg
1140629872	/m/e/medium-de-lissage-pouring-flacon-de-500ml-primo-ref-4001pg500m.jpg
1140629873	/k/i/kit-pouring-acrylique-flacon-de-100ml-x-5-primo-ref-4002p5s.jpg
1140629886	/f/e/feutre-pinceau-pen-68-brush-en-pochette-de-24-pcs-stabilo-ref-568-24-211_1.jpg
1140629886	/f/e/feutre-pinceau-pen-68-brush-en-pochette-de-24-pcs-stabilo-ref-568-24-211_2.jpg
1140629886	/f/e/feutre-pinceau-pen-68-brush-en-pochette-de-24-pcs-stabilo-ref-568-24-211_3.jpg
1140629886	/f/e/feutre-pinceau-pen-68-brush-en-pochette-de-24-pcs-stabilo-ref-568-24-211_4.jpg
1140629887	/f/e/feutre-de-dessin-stabilo-pen-68-gris-bleu-moyen-stabilo-ref-68-95-1_1.jpg
1140629887	/f/e/feutre-de-dessin-stabilo-pen-68-gris-bleu-moyen-stabilo-ref-68-95-2_1.jpg
1140629888	/f/e/feutre-de-dessin-stabilo-pen-68-gris-fonce-stabilo-ref-68-96-1.jpg
1140629888	/f/e/feutre-de-dessin-stabilo-pen-68-gris-fonce-stabilo-ref-68-96-2.jpg
1140629889	/f/e/feutre-pen-68-metallic-new-colors-pochet-6pc-stabilo-ref-6806-8-11-01_1.jpg
1140629890	/f/e/feutre-pen-68-metallic-bte-en-metal-de-8-pcs-stabilo-ref-6808-8-32_1.jpg
1140629890	/f/e/feutre-pen-68-metallic-bte-en-metal-de-8-pcs-stabilo-ref-6808-8-32_2.jpg
1140629890	/f/e/feutre-pen-68-metallic-bte-en-metal-de-8-pcs-stabilo-ref-6808-8-32_3.jpg
1140629893	/s/u/surligneur-boss-fluo-en-pochette-de-8-pcs-stabilo-ref-70-8.jpg
1140629894	/s/u/surligneur-boss-original-deskset-de-15-pcs-stabilo-ref-7015-01-5_1.jpg
1140629894	/s/u/surligneur-boss-original-deskset-de-15-pcs-stabilo-ref-7015-01-5_2.jpg
1140629894	/s/u/surligneur-boss-original-deskset-de-15-pcs-stabilo-ref-7015-01-5_3.jpg
1140629894	/s/u/surligneur-boss-original-deskset-de-15-pcs-stabilo-ref-7015-01-5_4.jpg
1140629894	/s/u/surligneur-boss-original-deskset-de-15-pcs-stabilo-ref-7015-01-5_6.jpg
1140629894	/s/u/surligneur-boss-original-deskset-de-15-pcs-stabilo-ref-7015-01-5-4.jpg
1140629896	/f/e/feutre-pointe-fine-point-88-degrade-du-rouge-pochette-de-8-pcs-stabilo-ref-88-8-02_1.jpg
1140629896	/f/e/feutre-pointe-fine-point-88-degrade-du-rouge-pochette-de-8-pcs-stabilo-ref-88-8-02_2.jpg
1140629896	/f/e/feutre-pointe-fine-point-88-degrade-du-rouge-pochette-de-8-pcs-stabilo-ref-88-8-02_3.jpg
1140629896	/f/e/feutre-pointe-fine-point-88-degrade-du-rouge-pochette-de-8-pcs-stabilo-ref-88-8-02_4.jpg
1140629896	/f/e/feutre-pointe-fine-point-88-degrade-du-rouge-pochette-de-8-pcs-stabilo-ref-88-8-02_5.jpg
1140629896	/f/e/feutre-pointe-fine-point-88-degrade-du-rouge-pochette-de-8-pcs-stabilo-ref-88-8-02_6.jpg
1140629897	/f/e/feutre-pointe-fine-point-88-degrade-du-bleu-pochette-de-8-pcs-stabilo-ref-88-8-03_1.jpg
1140629897	/f/e/feutre-pointe-fine-point-88-degrade-du-bleu-pochette-de-8-pcs-stabilo-ref-88-8-03_2.jpg
1140629897	/f/e/feutre-pointe-fine-point-88-degrade-du-bleu-pochette-de-8-pcs-stabilo-ref-88-8-03_3.jpg
1140629897	/f/e/feutre-pointe-fine-point-88-degrade-du-bleu-pochette-de-8-pcs-stabilo-ref-88-8-03_4.jpg
1140629897	/f/e/feutre-pointe-fine-point-88-degrade-du-bleu-pochette-de-8-pcs-stabilo-ref-88-8-03_5.jpg
1140629897	/f/e/feutre-pointe-fine-point-88-degrade-du-bleu-pochette-de-8-pcs-stabilo-ref-88-8-03_6.jpg
1140629898	/f/e/feutre-pointe-fine-point-88-zebrui-bte-plastique-10pcs-stabilo-ref-8820-10-02_1.jpg
1140629898	/f/e/feutre-pointe-fine-point-88-zebrui-bte-plastique-10pcs-stabilo-ref-8820-10-02_2.jpg
1140629898	/f/e/feutre-pointe-fine-point-88-zebrui-boite-en-plast-20-couleurs-stabilo-ref-8820-10-02-3_copie.jpg
1140629898	/f/e/feutre-pointe-fine-point-88-zebrui-boite-en-plast-20-couleurs-stabilo-ref-8820-10-02-4_copie.jpg
1140629898	/f/e/feutre-pointe-fine-point-88-zebrui-boite-en-plast-20-couleurs-stabilo-ref-8820-10-02-5_copie.jpg
1140629898	/f/e/feutre-pointe-fine-point-88-zebrui-boite-en-plast-20-couleurs-stabilo-ref-8820-10-02-6_copie.jpg
1140629899	/f/e/feutre-pointe-fine-point-88-boite-en-metal-50-pcs-stabilo-ref-8850-6.jpg
1140629914	/r/e/regle-courbe-flexible-50-cm-isomars-ref-fcm50cm.jpg
1140629938	/f/e/feutre-de-coloriage-trio-deco-metallic-en-pochette-de-8-pcs-stabilo-ref-377-8_1.jpg
1140629938	/f/e/feutre-de-coloriage-trio-deco-metallic-en-pochette-de-8-pcs-stabilo-ref-377-8_2.jpg
1140629938	/f/e/feutre-de-coloriage-trio-deco-metallic-en-pochette-de-8-pcs-stabilo-ref-377-8_3.jpg
1140629938	/f/e/feutre-de-coloriage-trio-deco-metallic-en-pochette-de-8-pcs-stabilo-ref-377-8_4.jpg
1140629939	/s/t/stylo-a-bille-next-1_0-mm-bleu-techno-ref-5693.jpg
1140629939	/s/t/stylo-a-bille-next-1_0-mm-bleu-techno-ref-5693_1.jpg
1140629940	/s/t/stylo-a-bille-next-1_0-mm-noir-techno-ref-5694-2.jpg
1140629940	/s/t/stylo-a-bille-next-1_0-mm-noir-techno-ref-5694.jpg
1140629941	/s/t/stylo-a-bille-next-1_0-mm-vert-techno-ref-5695-2.jpg
1140629941	/s/t/stylo-a-bille-next-1_0-mm-vert-techno-ref-5695.jpg
1140629942	/s/t/stylo-a-bille-next-1_0-mm-rouge-techno-ref-5696-2.jpg
1140629942	/s/t/stylo-a-bille-next-1_0-mm-rouge-techno-ref-5696-1.jpg
1140630213	/p/a/papier_photo_brillant_a4_115g_pqt_de_50f_techno_ref_5400.png
1140630214	/p/a/papier_photo_brillant_a4_180g_pqt_de_20f_techno_ref_5401.png
1140630215	/p/a/papier_photo_brillant_d-faces_a4_180g_pqt_de_20f_techno_ref_5402.png
1140630216	/p/a/papier_photo_brillant_a3_180g_pqt_de_20f_techno_ref_5403.png
1140630217	/p/a/papier_photo_brillant_a4_230g_pqt_de_20f_techno_ref_5404.png
1140630218	/p/a/papier_photo_brillant_a4_260g_pqt_de_20f_techno_ref_5405.png
1140630234	/s/u/surligneur-swing-cool-pastel-nuage-de-bleu-stabilo-ref-275-111-8_1.jpg
1140630234	/s/u/surligneur-swing-cool-pastel-nuage-de-bleu-stabilo-ref-275-111-8_2.jpg
1140630234	/s/u/surligneur-swing-cool-pastel-stabilo_3_3.jpg
1140630235	/s/u/surligneur-swing-cool-pastel-zeste-de-citron-vert-stabilo-ref-275-133-8_1.jpg
1140630235	/s/u/surligneur-swing-cool-pastel-zeste-de-citron-vert-stabilo-ref-275-133-8_2.jpg
1140630235	/s/u/surligneur-swing-cool-pastel-stabilo_3.jpg
1140630237	/s/u/surligneur-swing-cool-pastel-p_tale-de-rose-stabilo-ref-275-150-8_1.jpg
1140630237	/s/u/surligneur-swing-cool-pastel-p_tale-de-rose-stabilo-ref-275-150-8_2.jpg
1140630237	/s/u/surligneur-swing-cool-pastel-stabilo_3_2.jpg
1140630238	/s/u/surligneur-swing-cool-pastel-douceur-de-corail-stabilo-ref-275-140-8_1.jpg
1140630238	/s/u/surligneur-swing-cool-pastel-douceur-de-corail-stabilo-ref-275-140-8_2.jpg
1140630238	/s/u/surligneur-swing-cool-pastel-stabilo_3_1.jpg
1140630239	/s/u/surligneur-boss-pastel-douceur-de-corail-stabilo-ref-70-140_1.jpg
1140630239	/s/u/surligneur-boss-pastel-douceur-de-corail-stabilo-ref-70-140_2.jpg
1140630239	/s/u/surligneur-boss-pastel-stabilo_6_1_1.jpg
1140630239	/s/u/surligneur-boss-pastel-stabilo_5_1_2.jpg
1140630239	/s/u/surligneur-boss-pastel-stabilo_3_1_2.jpg
1140630239	/s/u/surligneur-boss-pastel-stabilo_4_3.jpg
1140630240	/s/u/surligneur-boss-pastel-zeste-de-citron-vert-stabilo-ref-70-133_1.jpg
1140630240	/s/u/surligneur-boss-pastel-zeste-de-citron-vert-stabilo-ref-70-133_2.jpg
1140630240	/s/u/surligneur-boss-pastel-stabilo_6_1.jpg
1140630240	/s/u/surligneur-boss-pastel-stabilo_5_1_1.jpg
1140630240	/s/u/surligneur-boss-pastel-stabilo_3_1_1.jpg
1140630240	/s/u/surligneur-boss-pastel-stabilo_4_2.jpg
1140630241	/s/u/surligneur-boss-pastel-nuage-de-bleu-stabilo-ref-70-111_1.jpg
1140630241	/s/u/surligneur-boss-pastel-nuage-de-bleu-stabilo-ref-70-111_2.jpg
1140630241	/s/u/surligneur-boss-pastel-stabilo_4.jpg
1140630241	/s/u/surligneur-boss-pastel-stabilo_3_1.jpg
1140630241	/s/u/surligneur-boss-pastel-stabilo_4_1.jpg
1140630241	/s/u/surligneur-boss-pastel-stabilo_5_1.jpg
1140630243	/s/u/surligneur-boss-pastel-p_tale-de-rose-stabilo-ref-70-150_1.jpg
1140630243	/s/u/surligneur-boss-pastel-p_tale-de-rose-stabilo-ref-70-150_2.jpg
1140630243	/s/u/surligneur-boss-pastel-stabilo_6_1_2.jpg
1140630243	/s/u/surligneur-boss-pastel-stabilo_5_1_3.jpg
1140630243	/s/u/surligneur-boss-pastel-stabilo_3_1_3.jpg
1140630243	/s/u/surligneur-boss-pastel-stabilo_4_4.jpg
1140630244	/s/u/surligneur-boss-fluo-splash-vert-stabilo-ref-75-33_1.jpg
1140630244	/s/u/surligneur-boss-fluo-splash-vert-stabilo-ref-75-33_2.jpg
1140630245	/s/u/surligneur-boss-fluo-splash-rose-stabilo-ref-75-56_1.jpg
1140630245	/s/u/surligneur-boss-fluo-splash-rose-stabilo-ref-75-56_2.jpg
1140630246	/s/u/surligneur-boss-fluo-splash-orange-stabilo-ref-75-54_1.jpg
1140630246	/s/u/surligneur-boss-fluo-splash-orange-stabilo-ref-75-54_2.jpg
1140630247	/s/u/surligneur-boss-fluo-splash-jaune-stabilo-ref-75-24_1.jpg
1140630247	/s/u/surligneur-boss-fluo-splash-jaune-stabilo-ref-75-24_2.jpg
1140630539	/s/a/sac-a-dos-ergonomique-butterfly-mystery-tiger-family-ref-2112-f.jpg
1140630550	/s/a/sac-a-dos-ergonomique-rainbow-horse-tiger-family-ref-2152-f_1.jpg
1140630550	/s/a/sac-a-dos-ergonomique-rainbow-horse-tiger-family-ref-2152-f_2.jpg
1140630550	/s/a/sac-a-dos-ergonomique-rainbow-horse-tiger-family-ref-2152-f_4.jpg
1140630550	/s/a/sac-a-dos-ergonomique-rainbow-horse-tiger-family-ref-2152-f_3.jpg
1140630550	/s/a/sac-a-dos-ergonomique-rainbow-horse-tiger-family-ref-2152-f_5.jpg
1140630550	/s/a/sac-a-dos-ergonomique-rainbow-horse-tiger-family-ref-2152-f_6.jpg
1140630550	/s/a/sac-a-dos-ergonomique-rainbow-horse-tiger-family-ref-2152-f_7.jpg
1140630551	/s/a/sac-a-dos-ergonomique-dino-expedition-tiger-family-ref-2152-g.jpg
1140630552	/s/a/sac-a-dos-ergonomique-wateside-tiger-family-ref-2153-g.jpg
1140630553	/s/a/sac-a-dos-ergonomique-metal-dino-tiger-family-ref-2132-g.jpg
1140630554	/s/a/sac-a-dos-ergonomique-midsummers-night-tiger-family-ref-2102-f.jpg
1140630556	/s/a/sac-a-dos-ergonomique-fresh-kichs-tiger-family-ref-2102-g.jpg
1140630557	/s/a/sac-a-dos-ergonomique-hawaiian-vibe-tiger-family-ref-2181-f.jpg
1140630573	/s/a/sac-a-dos-creche-princess-paris-tiger-family-ref-2101-f.jpg
1140630591	/t/r/trousse-duo-next-world-tiger-family-ref-tr217-g_1.jpg
1140630594	/_/t/_tui-de-protection-ipad-mountain-tiger-family-ref-ep211-g.jpg
1140630596	/t/r/trousse-pot-a-crayon-rock-it-up-tiger-family-ref-tr215-g.jpg
1140630680	/6/0/6026.jpg
1140630681	/6/0/6027.jpg
1140630682	/6/0/6028.jpg
1140630683	/6/0/6029_.jpg
1140630685	/t/a/tablier_creche_gar_on_04_ans_bleu_techno_ref_9662.jpg
1140630686	/t/a/tablier_creche_gar_on_05_ans_bleu_techno_ref_9663.jpg
1140630687	/t/a/tablier_creche_fille_04_ans_rose_techno_ref_9664_1.jpg
1140630688	/t/a/tablier_creche_fille_04_ans_rose_techno_ref_9664.jpg
1140630689	/t/a/tablier-scolaire-gar_on-06-ans-bleu-techno-ref-9666.png
1140630690	/t/a/tablier-scolaire-gar_on-08-ans-bleu-techno-ref-9667_1.png
1140630691	/t/a/tablier-scolaire-gar_on-10-ans-bleu-techno-ref-9668.png
1140630692	/t/a/tablier-scolaire-fille-06-ans-rose-techno-ref-9669.png
1140630693	/t/a/tablier-scolaire-fille-08-ans-rose-techno-ref-9670.png
1140630694	/t/a/tablier-scolaire-fille-10-ans-rose-techno-ref-9671.png
1140630695	/t/a/tablier-scolaire-gar_on-14-ans-blanc-techno-ref-9673_1.png
1140630696	/t/a/tablier-scolaire-gar_on-14-ans-blanc-techno-ref-9673.png
1140630697	/t/a/tablier-scolaire-gar_on-16-ans-blanc-techno-ref-9674.png
1140630698	/t/a/tablier-scolaire-fille-12-ans-blanc-techno-ref-9675.png
1140630699	/t/a/tablier-scolaire-fille-14-ans-blanc-techno-ref-9676.png
1140630700	/t/a/tablier-scolaire-fille-16-ans-blanc-techno-ref-9677.png
1140630707	/c/r/crayons-couleur-polychromos-boite-metal-12x-faber-castell-ref-110012.jpg
1140630708	/c/r/crayons-couleur-polychromos-boite-metal-24x-faber-castell-ref-110024.jpg
1140630709	/c/r/crayons-couleur-polychromos-boite-metal-36-faber-castell-ref-110036.jpg
1140630710	/c/r/crayons-couleur-polychromos-boite-metal-60-faber-castell-ref-110060.jpg
1140630711	/c/r/crayon-pitt-pastel-sec-blanc-tendre-faber-castell-ref-112111.jpg
1140630712	/c/r/crayon-pitt-pastel-boite-metal-12x-faber-castell-ref-112112.jpg
1140630714	/c/r/crayon-pitt-pastel-boite-metal-24x-faber-castell-ref-112124.jpg
1140630715	/c/r/crayon-pitt-pastel-boite-metal-36x-faber-castell-ref-112136.jpg
1140630716	/c/r/crayon-pitt-pastel-couleur-101-medium-faber-castell-ref-112201.jpg
1140630717	/c/r/crayon-pitt-pastel-couleur-175-faber-castell-ref-112275.jpg
1140630718	/c/r/crayon-pitt-pastel-couleur-177-faber-castell-ref-112277.jpg
1140630719	/c/r/crayon-pitt-pastel-couleur-188-faber-castell-ref-112288.jpg
1140630720	/c/r/crayon-pitt-oil-base-noir-tr_s-tendre-faber-castell-ref-112601.jpg
1140630721	/c/r/crayon-pitt-oil-base-sanguine-grasse-faber-castell-ref-112920.jpg
1140630723	/c/r/crayon-pitt-graphite-boite-metal-petit-faber-castell-ref-112972.jpg
1140630765	/c/r/crayon-pitt-graphite-boite-metal-x19-faber-castell-ref-112973.jpg
1140630766	/c/r/crayon-pitt-graphite-boite-metal-x26-faber-castell-ref-112974.jpg
1140630767	/c/r/crayon-pitt-monochrome-boite-metal-12-pces-faber-castell-ref-112975.jpg
1140630768	/c/r/crayon-pitt-monochrome-boite-metal-21-pces-faber-castell-ref-112976.jpg
1140630769	/c/r/craie-graphite-pitt-2b-faber-castell-ref-129902.jpg
1140630770	/c/r/craie-graphite-pitt-4b-faber-castell-ref-129904.jpg
1140630771	/c/r/craie-graphite-pitt-6b-faber-castell-ref-129905.jpg
1140630772	/c/r/craie-graphite-pitt-9b-faber-castell-ref-129909.jpg
1140630773	/c/r/crayon-pitt-monochrome-boite-metal-33-pces-faber-castell-ref-112977.jpg
1140630774	/c/r/crayon-pitt-charcoal-boite-metal-x-24-faber-castell-ref-112978.jpg
1140630794	/c/r/crayon-fusain-pitt-sec-tendre-faber-castell-ref-112992.jpg
1140630796	/c/r/crayon-fusain-pitt-sec-dur-faber-castell-ref-112993.jpg
1140630799	/c/r/crayon-fusain-pitt-sec-moyen-faber-castell-ref-112995.jpg
1140630800	/s/e/set-desquisse-au-crayon-graphite-faber-castell-ref-114000.jpg
1140630801	/s/e/set-desquisse-au-fusain-faber-castell-ref-114002.jpg
1140630802	/s/e/set-desquisse-classique-faber-castell-ref-114004.jpg
1140630803	/c/r/crayons-couleur-goldfaber-boite-metal-x12-faber-castell-ref-114712.jpg
1140630804	/c/r/crayons-couleur-goldfaber-boite-metal-x24-faber-castell-ref-114724.jpg
1140630805	/c/r/crayons-couleur-goldfaber-boite-metal-x36-faber-castell-ref-114736.jpg
1140630806	/c/r/crayons-couleur-goldfaber-boite-metal-x48-faber-castell-ref-114748.jpg
1140630807	/m/i/mine-de-plomb-pitt-monochrome-hb-faber-castell-ref-117300.jpg
1140630810	/m/i/mine-de-plomb-pitt-monochrome-3b-faber-castell-ref-117303.jpg
1140630811	/m/i/mine-de-plomb-pitt-monochrome-6b-faber-castell-ref-117307.jpg
1140630812	/m/i/mine-de-plomb-pitt-monochrome-9b-faber-castell-ref-117309.jpg
1140630813	/c/r/crayon-fusain-pitt-noir-moyen-faber-castell-ref-117400.jpg
1140630814	/c/r/crayon-fusain-pitt-noir-tendre-faber-castell-ref-117403.jpg
1140630815	/c/r/crayon-fusain-pitt-noir-dur-faber-castell-ref-117411.jpg
1140630816	/c/r/crayons-couleur-goldfaber-aquarelle-boite-metal-x12-faber-castell-ref-114612.jpg
1140630817	/c/r/crayons-couleur-goldfaber-aquarelle-boite-metal-x24-faber-castell-ref-114624.jpg
1140630818	/c/r/crayons-couleur-goldfaber-aquarelle-boite-metal-x36-faber-castell-ref-114636.jpg
1140630819	/c/r/crayons-couleur-albrecht-d_rer-coffret-bois-48x-faber-castell-ref-117506.jpg
1140630820	/c/r/crayon-graphite-aquarelle-hb-faber-castell-ref-117800.jpg
1140630821	/c/r/crayon-graphite-aquarelle-2b-faber-castell-ref-117802.jpg
1140630822	/c/r/crayon-graphite-aquarelle-4b-faber-castell-ref-117804.jpg
1140630823	/c/r/crayon-graphite-aquarelle-boite-metal-x5-faber-castell-ref-117805.jpg
1140630825	/c/r/crayon-graphite-aquarelle-6b-faber-castell-ref-117806.jpg
1140630826	/c/r/crayon-graphite-castell-9000-hb-faber-castell-ref-119000.jpg
1140630827	/c/r/crayon-graphite-castell-9000-3b-faber-castell-ref-119003.jpg
1140630828	/c/r/crayon-graphite-castell-9000-4b-faber-castell-ref-119004.jpg
1140630829	/c/r/crayon-graphite-castell-9000-5b-faber-castell-ref-119005.jpg
1140630830	/c/r/crayon-graphite-castell-9000-6b-faber-castell-ref-119006.jpg
1140630831	/c/r/crayon-graphite-castell-9000-7b-faber-castell-ref-119007.jpg
1140630832	/c/r/crayon-graphite-castell-9000-8b-faber-castell-ref-119008.jpg
1140630833	/c/r/crayon-graphite-castell-9000-f-faber-castell-ref-119010.jpg
1140630834	/c/r/crayon-graphite-castell-9000-h-faber-castell-ref-119011.jpg
1140630835	/c/r/crayon-graphite-castell-9000-2h-faber-castell-ref-119012.jpg
1140630836	/c/r/crayon-graphite-castell-9000-3h-faber-castell-ref-119013.jpg
1140630837	/c/r/crayon-graphite-castell-9000-4h-faber-castell-ref-119014.jpg
1140630838	/c/r/crayon-graphite-castell-9000-5h-faber-castell-ref-119015.jpg
1140630839	/c/r/crayon-graphite-castell-9000-6h-faber-castell-ref-119016.jpg
1140630840	/c/r/crayon-graphite-castell-9000-boite-metal-x6-faber-castell-ref-119063.jpg
1140630841	/c/r/crayon-graphite-castell-9000-design-boite-metal-x12-faber-castell-ref-119064.jpg
1140630842	/c/r/crayon-graphite-castell-9000-art-boite-metal-x12-faber-castell-ref-119065.jpg
1140630843	/c/r/crayon-graphite-castell-9000-jumbo-hb-faber-castell-ref-119300.jpg
1140630844	/c/r/crayon-graphite-castell-9000-jumbo-2b-faber-castell-ref-119302.jpg
1140630845	/c/r/crayon-graphite-castell-9000-jumbo-4b-faber-castell-ref-119304.jpg
1140630846	/c/r/crayon-graphite-castell-9000-jumbo-boite-metal-x5-faber-castell-ref-119305.jpg
1140630847	/c/r/crayon-graphite-castell-9000-jumbo-6b-faber-castell-ref-119306.jpg
1140630848	/c/r/crayon-graphite-castell-9000-jumbo-8b-faber-castell-ref-119308.jpg
1140630849	/m/i/mine_super-polymer_0.5mm_hb_ref-120500.jpg
1140630850	/m/i/mine_super-polymer_0.7mm_hb_-ref-120700_1.jpg
1140630851	/c/r/crayons-couleur-albrecht-d_rer-boite-metal-12x-faber-castell-ref-117512.jpg
1140630852	/c/r/crayons-couleur-albrecht-d_rer-boite-metal-24x-faber-castell-ref-117524.jpg
1140630853	/c/r/crayons-couleur-albrecht-d_rer-boite-metal-36x-faber-castell-ref-117536.jpg
1140630854	/c/r/crayons-couleur-albrecht-d_rer-coffret-bois-72x-faber-castell-ref-117572.jpg
1140630855	/e/s/estompe-9125-faber-castell-ref-122780.jpg
1140630856	/g/o/gomme-mie-de-pain-gris-faber-castell-ref-127220.jpg
1140630857	/g/o/gomme-mie-de-pain-jaune-rouge-bleu-faber-castell-ref-127321.jpg
1140630858	/g/o/gomme-dust-free-vert-ref-587122.jpg
1140630859	/p/e/peinture-_-lhuile-boite-de-12-ref-169502.jpg
1140630860	/m/a/marqueur-metallique-blister-de-06-couleurs-faber-castell-ref-160706.jpg
1140630861	/m/a/marqueur-metallique-en-presentoir-de-60-couleurs-faber-castell-ref-160760.jpg
1140630862	/c/r/craie-pastel-polychromos-secs-boite-x12-faber-castell-ref-128512_1.jpg
1140630863	/p/a/pastel-a-lhuile-boite-de-12x-faber-castell-ref-127012.jpg
1140630864	/p/a/pastel-a-lhuile-boite-de-24x-faber-castell-ref-127024.jpg
1140630865	/p/a/pastel-a-lhuile-boite-de-36-faber-castell-ref-127036.jpg
1140630866	/p/a/pastel-tendre-mini-boite-24x-faber-castell-ref-128224.jpg
1140630867	/p/a/pastel-tendre-mini-boite-48x-faber-castell-ref-128248.jpg
1140630868	/p/a/pastel-tendre-mini-boite-72x-faber-castell-ref-128272.jpg
1140630869	/p/a/pastel-tendre-boite-12x-faber-castell-ref-128312.jpg
1140630870	/s/t/stylo-feutre-ecco-pigment-0_05-noir-faber-castell-ref-166099.jpg
1140630871	/s/t/stylo-feutre-ecco-pigment-0_1-noir-faber-castell-ref-166199.jpg
1140630872	/s/t/stylo-feutre-ecco-pigment-0_2-noir-faber-castell-ref-166299.jpg
1140630873	/s/t/stylo-feutre-ecco-pigment-0_3-noir-faber-castell-ref-166399.jpg
1140630874	/s/t/stylo-feutre-ecco-pigment-0_4-noir-faber-castell-ref-166499.jpg
1140630875	/s/t/stylo-feutre-ecco-pigment-0_5-noir-faber-castell-ref-166599.jpg
1140630876	/s/t/stylo-feutre-ecco-pigment-0_6-noir-faber-castell-ref-166699.jpg
1140630877	/s/t/stylo-feutre-ecco-pigment-0_7-noir-ref-166799.jpg
1140630878	/s/t/stylo-feutre-ecco-pigment-0_8-noir-ref-166899.jpg
1140630879	/c/i/ciseaux-13-cm-tatoo-kids-maped-ref-464912-2.jpg
1140630880	/c/i/ciseaux-13-cm-tatoo-kids-maped-ref-464912-1.jpg
1140630881	/c/i/ciseaux-symetrique-13-cm-maped-ref-464212-1.jpg
1140630882	/c/i/ciseaux-symetrique-13-cm-maped-ref-464212-5.jpg
1140630883	/c/i/ciseaux-symetrique-13-cm-maped-ref-464212-2.jpg
1140630884	/m/i/mini-agrafeuse-ergologic-26-6-maped-ref-352111-1.jpg
1140630884	/m/i/mini-agrafeuse-ergologic-26-6-maped-ref-352111-6.jpg
1140630885	/m/i/mini-agrafeuse-ergologic-26-6-maped-ref-352111-3.jpg
1140630885	/m/i/mini-agrafeuse-ergologic-26-6-maped-ref-352111-5.jpg
1140630886	/m/i/mini-agrafeuse-ergologic-26-6-maped-ref-352111-2.jpg
1140630886	/m/i/mini-agrafeuse-ergologic-26-6-maped-ref-352111-4.jpg
1140630887	/p/o/porte-mines-0_5-mm-long-life-bleu-maped-ref-564040.jpg
1140630888	/p/o/porte-mines-0_5-mm-long-life-vert-maped-ref-564040.jpg
1140630889	/p/o/porte-mines-0_5-mm-long-life-rose-maped-ref-564040_3.jpg
1140630889	/p/o/porte-mines-0_5-mm-long-life-rose-maped-ref-564040_2.jpg
1140630889	/p/o/porte-mines-0_5-mm-long-life-rose-maped-ref-564040_1.jpg
1140630893	/s/u/surligneur-classic-pastel-vert-maped-ref-742538.jpg
1140630894	/s/u/surligneur-classic-pastel-bleu-maped-ref-742538.jpg
1140630895	/s/u/surligneur-classic-pastel-mauve-maped-ref-742538.jpg
1140630896	/s/u/surligneur-classic-pastel-rose-maped-ref-742538.jpg
1140630897	/s/u/surligneur-classic-pastel-jaune-maped-ref-742538.jpg
1140630898	/s/u/surligneur-classic-pastel-crevette-maped-ref-742538.jpg
1140630899	/s/u/surligneur-roller-bleu-maped-ref-746337.jpg
1140630900	/s/u/surligneur-roller-vert-maped-ref-746337.jpg
1140630901	/s/u/surligneur-roller-rose-maped-ref-746337.jpg
1140630902	/s/u/surligneur-roller-orange-maped-ref-746337.jpg
1140630903	/s/u/surligneur-roller-jaune-maped-ref-746337.jpg
1140630904	/t/a/taille-crayons-gomme-connect-pastel-2-trous-bleu-maped-ref-049231.jpg
1140630905	/t/a/taille-crayons-gomme-connect-pastel-2-trous-rose-maped-ref-049231.jpg
1140630906	/t/a/taille-crayons-gomme-connect-pastel-2-trous-mauve-maped-ref-049231.jpg
1140630907	/t/a/taille-crayons-avec-ejecteur-des-mines-galactic-rose-maped-ref-503700.jpg
1140630908	/t/a/taille-crayons-avec-ejecteur-des-mines-galactic-bleu-maped-ref-503700.jpg
1140630909	/t/a/taille-crayons-avec-ejecteur-des-mines-galactic-jaune-maped-ref-503700.jpg
1140630911	/t/a/taille-crayons-01-trou-reserve-pulse-bleu-maped-ref-071450.jpg
1140630912	/t/a/taille-crayons-01-trou-reserve-pulse-rose-maped-ref-071450.jpg
1140630913	/t/a/taille-crayons-02-trous-croc-croc-rose-maped-ref-501700.jpg
1140630914	/t/a/taille-crayons-02-trous-croc-croc-vert-maped-ref-501700.jpg
1140630915	/t/a/taille-crayons-02-trous-croc-croc-jaune-maped-ref-501700.jpg
1140630916	/t/a/taille-crayons-gomme-connect-colorful-2-trous-bleu-turquoise-maped-ref-049221_1.jpg
1140630916	/t/a/taille-crayons-gomme-connect-colorful-2-trous-bleu-turquoise-maped-ref-049221_2.jpg
1140630917	/t/a/taille-crayons-gomme-connect-colorful-2-trous-vert-turquoise-maped-ref-049221_1.jpg
1140630917	/t/a/taille-crayons-gomme-connect-colorful-2-trous-vert-turquoise-maped-ref-049221_2.jpg
1140630918	/t/a/taille-crayons-gomme-connect-colorful-2-trous-rose-mauve-maped-ref-049221_1.jpg
1140630918	/t/a/taille-crayons-gomme-connect-colorful-2-trous-rose-mauve-maped-ref-049221_2.jpg
1140630920	/t/a/taille-crayons-canette-en-metal-02-trous-pirates-maped-ref-044111_1.jpg
1140630920	/t/a/taille-crayons-canette-en-metal-02-trous-pirates-maped-ref-044111_2.jpg
1140630921	/t/a/taille-crayons-canette-en-metal-02-trous-princess-maped-ref-044111_1.jpg
1140630921	/t/a/taille-crayons-canette-en-metal-02-trous-princess-maped-ref-044111_2.jpg
1140630923	/c/i/ciseaux-symetrique-3d-security-13-cm-maped-ref-473112-4.jpg
1140630924	/c/i/ciseaux-symetrique-3d-security-13-cm-maped-ref-473112-3.jpg
1140630925	/c/i/ciseaux-symetrique-3d-security-13-cm-maped-ref-473112-5.jpg
1140630926	/c/o/compas-bague-s-blistre-kidz-maped-ref-191610-3.jpg
1140630927	/c/o/compas-bague-s-blistre-kidz-maped-ref-191610-1.jpg
1140630928	/c/o/compas-bague-s-blistre-kidz-maped-ref-191610-2.jpg
1140630931	/c/o/compas-balustre-coffret-de-03-pcs-precision-system-maped-ref-291010-3.jpg
1140630931	/c/o/compas-balustre-coffret-de-03-pcs-precision-system-maped-ref-291010-6.jpg
1140630932	/c/o/compas-balustre-coffret-de-03-pcs-precision-system-maped-ref-291010-2.jpg
1140630932	/c/o/compas-balustre-coffret-de-03-pcs-precision-system-maped-ref-291010-5.jpg
1140630933	/c/o/compas-balustre-coffret-de-03-pcs-precision-system-maped-ref-291010.jpg
1140630933	/c/o/compas-balustre-coffret-de-03-pcs-precision-system-maped-ref-291010-4.jpg
1140630935	/c/o/compas-ecolier-essentials-bague-bleu-maped-ref-518110_1.jpg
1140630936	/c/o/compas-ecolier-essentials-bague-rose-maped-ref-518110.jpg
1140630937	/c/o/compas-metallique-coffret-de-05-pcs-study-vert-maped-ref-119405.jpg
1140630938	/c/o/compas-metallique-coffret-de-05-pcs-study-noir-maped-ref-119405.jpg
1140630939	/c/o/compas-metallique-coffret-de-05-pcs-study-rose-maped-ref-119405.jpg
1140630940	/c/o/compas-mine-coffret-03-pcs-metal-open-maped-ref-536953-6.jpg
1140630940	/c/o/compas-mine-coffret-03-pcs-metal-open-maped-ref-536953-2.jpg
1140630941	/c/o/compas-mine-coffret-03-pcs-metal-open-maped-ref-536953-4.jpg
1140630941	/c/o/compas-mine-coffret-03-pcs-metal-open-maped-ref-536953-1.jpg
1140630942	/c/o/compas-mine-coffret-03-pcs-metal-open-maped-ref-536953-5.jpg
1140630942	/c/o/compas-mine-coffret-03-pcs-metal-open-maped-ref-536953-3.jpg
1140630956	/c/o/compas-mine-ecolier-metallique-study-avec-mine-02-mm-maped-ref-119450-1.jpg
1140630957	/c/o/compas-mine-ecolier-metallique-study-avec-mine-02-mm-maped-ref-119450-3.jpg
1140630958	/c/o/compas-mine-ecolier-metallique-study-avec-mine-02-mm-maped-ref-119450-2.jpg
1140630959	/c/o/compas-stop-system-coffret-de-03-pcs-maped-ref-196100-1_1.jpg
1140630959	/c/o/compas-stop-system-coffret-de-03-pcs-maped-ref-196100-3_1.jpg
1140630959	/c/o/compas-stop-system-coffret-de-03-pcs-maped-ref-196100-2_1.jpg
1140630962	/g/o/gomme-ergo-fun-couleur-maped-ref-119711-2.jpg
1140630963	/g/o/gomme-ergo-fun-couleur-maped-ref-119711-3.jpg
1140630964	/g/o/gomme-ergo-fun-couleur-maped-ref-119711-1.jpg
1140630965	/g/o/gomme-ergo-fun-couleur-maped-ref-119711-4.jpg
1140630967	/g/o/gomme-wings-maped-ref-127312-4.jpg
1140630967	/g/o/gomme-wings-maped-ref-127312-1.jpg
1140630968	/g/o/gomme-wings-maped-ref-127312-5.jpg
1140630968	/g/o/gomme-wings-maped-ref-127312-2.jpg
1140630969	/g/o/gomme-wings-maped-ref-127312-6.jpg
1140630969	/g/o/gomme-wings-maped-ref-127312-3.jpg
1140630970	/g/o/gomme-zenoa-plus-pastel-maped-ref-123211-1.jpg
1140630970	/g/o/gomme-zenoa-plus-pastel-maped-ref-123211-2.jpg
1140630971	/g/o/gomme-zenoa-plus-pastel-maped-ref-123211-5.jpg
1140630971	/g/o/gomme-zenoa-plus-pastel-maped-ref-123211-6.jpg
1140630972	/g/o/gomme-zenoa-plus-pastel-maped-ref-123211-3.jpg
1140630972	/g/o/gomme-zenoa-plus-pastel-maped-ref-123211-4.jpg
1140630973	/m/i/mini-agrafeuse-24-6-vivo-maped-ref-540400-3.jpg
1140630973	/m/i/mini-agrafeuse-24-6-vivo-maped-ref-540400-2.jpg
1140630974	/m/i/mini-agrafeuse-24-6-vivo-maped-ref-540400-4_1.jpg
1140630974	/m/i/mini-agrafeuse-24-6-vivo-maped-ref-540400-1.jpg
1140630983	/t/a/taille-crayons-gomme-connect-translu-2-trous-bleu-maped-ref-049211_1.jpg
1140630983	/t/a/taille-crayons-gomme-connect-translu-2-trous-bleu-maped-ref-049211_2.jpg
1140630984	/t/a/taille-crayons-gomme-connect-translu-2-trous-rose-maped-ref-049211_1.jpg
1140630984	/t/a/taille-crayons-gomme-connect-translu-2-trous-rose-maped-ref-049211_2.jpg
1140630985	/t/a/taille-crayons-gomme-connect-translu-2-trous-vert-maped-ref-049211_2.jpg
1140630985	/t/a/taille-crayons-gomme-connect-translu-2-trous-vert-maped-ref-049211_1.jpg
1140631000	/t/a/taille-crayons-gomme-loopy-colorful-1-trou-bleu-vert-maped-ref-049121_1.jpg
1140631000	/t/a/taille-crayons-gomme-loopy-colorful-1-trou-bleu-vert-maped-ref-049121_2.jpg
1140631001	/t/a/taille-crayons-gomme-loopy-colorful-1-trou-bleu-mauve-maped-ref-049121.jpg
1140631002	/t/a/taille-crayons-gomme-loopy-colorful-1-trou-rose-vert-maped-ref-049121_1.jpg
1140631002	/t/a/taille-crayons-gomme-loopy-colorful-1-trou-rose-vert-maped-ref-049121_2.jpg
1140631003	/t/a/taille-crayons-gomme-loopy-fancy-1-trou-bleu-maped-ref-049131_1.jpg
1140631003	/t/a/taille-crayons-gomme-loopy-fancy-1-trou-bleu-maped-ref-049131_2_1.jpg
1140631004	/t/a/taille-crayons-gomme-loopy-fancy-1-trou-mauve-maped-ref-049131_1.jpg
1140631004	/t/a/taille-crayons-gomme-loopy-fancy-1-trou-mauve-maped-ref-049131_2_1.jpg
1140631005	/t/a/taille-crayons-gomme-loopy-fancy-1-trou-rouge-maped-ref-049131_1.jpg
1140631006	/t/a/taille-crayons-gomme-loopy-translu-1-trou-bleu-maped-ref-049111_1.jpg
1140631006	/t/a/taille-crayons-gomme-loopy-translu-1-trou-bleu-maped-ref-049111_2_1.jpg
1140631007	/t/a/taille-crayons-gomme-loopy-translu-1-trou-rose-maped-ref-049111_1.jpg
1140631007	/t/a/taille-crayons-gomme-loopy-translu-1-trou-rose-maped-ref-049111_2.jpg
1140631008	/t/a/taille-crayons-gomme-loopy-translu-1-trou-vert-maped-ref-049111_1.jpg
1140631008	/t/a/taille-crayons-gomme-loopy-translu-1-trou-vert-maped-ref-049111_2_1.jpg
1140631009	/t/a/taille-crayons-i-gloo-eject-01-trou-bleu-maped-ref-032711.jpg
1140631010	/t/a/taille-crayons-i-gloo-eject-01-trou-vert-maped-ref-032711.jpg
1140631011	/t/a/taille-crayons-i-gloo-eject-01-trou-rose-maped-ref-032711.jpg
1140631012	/t/a/taille-crayons-metal-1-trou-noir-maped-ref-534019_1_2.jpg
1140631012	/t/a/taille-crayons-metal-1-trou-noir-maped-ref-534019_2_3_1.jpg
1140631013	/t/a/taille-crayons-metal-1-trou-gris-maped-ref-534019_1_2.jpg
1140631013	/t/a/taille-crayons-metal-1-trou-gris-maped-ref-534019_2_2.jpg
1140631014	/t/a/taille-crayons-vivo-bleu-maped-ref-506300.jpg
1140631015	/t/a/taille-crayons-vivo-vert-maped-ref-506300.jpg
1140631016	/t/a/taille-crayons-vivo-orange-maped-ref-506300.jpg
1140631017	/s/t/stylo-feutre-ecco-pigment-noir-0_2-0_4-0_6-0_8-boite-x4-ref-167004.jpg
1140631018	/f/e/feutre-pitt-artist-pen-noir-pochette-4x-ref-167100.jpg
1140631019	/f/e/feutre-pitt-artist-pen-s_pia-pochette-4x-ref-167101.jpg
1140631020	/f/e/feutre-pitt-artist-pen-sanguine-poch_-4x-ref-167102.jpg
1140631021	/f/e/feutre-pitt-artist-pen-coul_de-base-poch_6x-ref-167103.jpg
1140631022	/f/e/feutre-pitt-artist-pen-nuances-gris-poch_6x-ref-167104.jpg
1140631023	/f/e/feutre-pitt-artist-pen-coul_paysage-poch_6x-ref-167105.jpg
1140631027	/f/e/feutre-pitt-artist-pen-manga-pochette-8x-ref-167107.jpg
1140631028	/f/e/feutre-pitt-artist-pen-noir-m-f-s-xs-poc_4x-ref-167115.jpg
1140631029	/f/e/feutre-pitt-artist-pen-noir-pochette-6x-ref-167116.jpg
1140631030	/f/e/feutre-pitt-artist-pen-noir-mangaka-poch_-6x-ref-167124.jpg
1140631031	/f/e/feutre-pitt-artist-pen-noir-xs-s-f-m-b-sb-sc-1_5-poch-x8-ref-167137.jpg
1140631032	/f/e/feutre-pitt-artist-pen-noir-sb-sc-1_5-b-poch_-4x-ref-167139.jpg
1140631033	/f/e/feutre-pitt-artist-pen-manga-sh_jo-poch_-6x-ref-167155.jpg
1140631034	/c/u/cutter-09-mm-universal-plastique-maped-ref-092311-1.jpg
1140631035	/c/u/cutter-09-mm-universal-plastique-maped-ref-092311-2.jpg
1140631036	/c/u/cutter-09-mm-universal-plastique-maped-ref-092311-3.jpg
1140631037	/c/u/cutter-18-mm-universal-plastique-maped-ref-018311-2.jpg
1140631038	/c/u/cutter-18-mm-universal-plastique-maped-ref-018311-1.jpg
1140631039	/c/u/cutter-18-mm-universal-plastique-maped-ref-018311-3.jpg
1140631065	/f/e/feutre-pitt-artist-pen-manga-sh_nen-poch_-6x-ref-167157.jpg
1140631066	/f/e/feutre-pitt-artist-pen-portrait-clair-poch_-6x-ref-167162.jpg
1140631067	/f/e/feutre-pitt-artist-pen-pastel-poch_-6x-ref-167163.jpg
1140631068	/f/e/feutre-pitt-artist-pen-brush-portrait-poch_-6x-ref-167167.jpg
1140631069	/f/e/feutre-pitt-artist-pen-manga-kaoiro-poch_-6x-ref-167168.jpg
1140631070	/f/e/feutre-pitt-artist-pen-metallique-poch-x4-ref-167304.jpg
1140631071	/f/e/feutre-pitt-artist-pen-calligraphie-boite-x6-ref-167506.jpg
1140631072	/f/e/feutre-pitt-artist-pen-calligraphie-boite-x12-ref-167512.jpg
1140631073	/f/e/feutre-pitt-artist-pen-soft-brush-boite-x4-ref-167804.jpg
1140631074	/f/e/feutre-pitt-artist-pen-soft-brush-boite-x6-ref-167806.jpg
1140631075	/f/e/feutre-pitt-artist-pen-soft-brush-boite-x8-ref-167808.jpg
1140631076	/p/e/peinture-acrylique-boite-de-12-ref-169501.jpg
1140631077	/p/a/pastel-tendre-boite-24x-faber-castell-ref-128324.jpg
1140631078	/a/q/aquarelle-demi-godets-boite-x24-ref-169724.jpg
1140631079	/a/q/aquarelle-demi-godets-boite-x36-ref-169736.jpg
1140631080	/a/q/aquarelle-demi-godets-boite-x48-ref-169748.jpg
1140631081	/p/a/pastel-tendre-boite-36x-faber-castell-ref-128336.jpg
1140631082	/c/r/crayon-gomme-perfection-7057-ref-185712.jpg
1140631083	/c/r/crayon-gomme-perfection-7058-b-ref-185800.jpg
1140631084	/p/o/porte-mine-tk-fine-2317-0_7-mm-en-pres-ref-231720.jpg
1140631085	/f/e/feutres-pitt-artist-pen-lettering-pastel-boite-x6-ref-267116.jpg
1140631086	/f/e/feutres_pitt_artist_pen_lettering_kit_d_butant_boite_x8_ref-267118.jpg
1140631087	/f/e/feutres-pitt-artist-pen-lettering-bleu-boite-x6-ref-267123.jpg
1140631088	/p/i/pinceau-aetg-r_servoir-_-eau-ref-185105.jpg
1140631089	/c/r/crayon-graphite-aquarelle-8b-faber-castell-ref-117808.jpg
1140631090	/c/r/crayon-graphite-castell-9000-b-faber-castell-ref-119001.jpg
1140631091	/c/r/crayon-graphite-castell-9000-2b-faber-castell-ref-119002.jpg
1140631113	/g/o/gouache-tempera-flacon-300-ml-blanc-techno-ref-5548.jpg
1140631114	/g/o/gouache-tempera-flacon-300-ml-jaune-techno-ref-5549.jpg
1140631115	/g/o/gouache-tempera-flacon-300-ml-jaune-citron-techno-ref-5550.jpg
1140631116	/g/o/gouache-tempera-flacon-300-ml-orange-techno-ref-5551.jpg
1140631117	/g/o/gouache-tempera-flacon-300-ml-rouge-techno-ref-5552.jpg
1140631118	/g/o/gouache-tempera-flacon-300-ml-magenta-techno-ref-5553.jpg
1140631119	/g/o/gouache-tempera-flacon-300-ml-blue-ciel-techno-ref-5554.jpg
1140631120	/g/o/gouache-tempera-flacon-300-ml-bleu-outremer-techno-ref-5555.jpg
1140631121	/g/o/gouache-tempera-flacon-300-ml-noir-techno-ref-5556.jpg
1140631122	/g/o/gouache-tempera-flacon-300-ml-sienne-naturelle-techno-ref-5557.jpg
1140631123	/g/o/gouache-tempera-flacon-300-ml-ombre-brulee-techno-ref-5558.jpg
1140631124	/g/o/gouache-tempera-flacon-300-ml-vert-clair-techno-ref-5559.jpg
1140631125	/g/o/gouache-tempera-flacon-300-ml-vert-fonce-techno-ref-5560.jpg
1140631126	/g/o/gouache-tempera-flacon-300-ml-rose-techno-ref-5561.jpg
1140631127	/g/o/gouache-tempera-flacon-300-ml-violet-techno-ref-5562.jpg
1140631128	/g/o/gouache-tempera-flacon-500-ml-blanc-techno-ref-5563.jpg
1140631129	/g/o/gouache-tempera-flacon-500-ml-jaune-techno-ref-5564.jpg
1140631130	/g/o/gouache-tempera-flacon-500-ml-jaune-citron-techno-ref-5565.jpg
1140631131	/g/o/gouache-tempera-flacon-500-ml-magenta-techno-ref-5566.jpg
1140631132	/g/o/gouache-tempera-flacon-500-ml-rose-techno-ref-5567.jpg
1140631133	/g/o/gouache-tempera-flacon-500-ml-bleu-ciel-techno-ref-5568.jpg
1140631134	/g/o/gouache-tempera-flacon-500-ml-bleu-outremer-techno-ref-5569.jpg
1140631135	/g/o/gouache-tempera-flacon-500-ml-vert-clair-techno-ref-5570.jpg
1140631136	/g/o/gouache-tempera-flacon-500-ml-vert-fonce-techno-ref-5571.jpg
1140631137	/g/o/gouache-tempera-flacon-500-ml-sienne-naturelle-techno-ref-5572.jpg
1140631138	/g/o/gouache-tempera-flacon-500-ml-ombre-brulee-techno-ref-5573.jpg
1140631139	/g/o/gouache-tempera-flacon-500-ml-noir-techno-ref-5574.jpg
1140631140	/g/o/gouache-tempera-flacon-500-ml-rouge-techno-ref-5575.jpg
1140631141	/g/o/gouache-tempera-flacon-500-ml-violet-techno-ref-5576.jpg
1140631142	/g/o/gouache-tempera-flacon-500-ml-orange-techno-ref-5577.jpg
1140631143	/p/e/peinture-acrylique-500-ml-blanc-techno-ref-5584.jpg
1140631144	/p/e/peinture-acrylique-500-ml-jaune-techno-ref-5585.jpg
1140631145	/p/e/peinture-acrylique-500-ml-magenta-techno-ref-5586.jpg
1140631146	/p/e/peinture-acrylique-500-ml-rouge-ecarlate-techno-ref-5587.jpg
1140631147	/p/e/peinture-acrylique-500-ml-orange-techno-ref-5588.jpg
1140631148	/p/e/peinture-acrylique-500-ml-bleu-ciel-techno-ref-5589.jpg
1140631149	/p/e/peinture-acrylique500-ml-bleu-outremer-techno-ref-5590.jpg
1140631150	/p/e/peinture-acrylique-500-ml-vert-fonce-techno-ref-5591.jpg
1140631151	/p/e/peinture-acrylique500-ml-vert-clair-techno-ref-5592.jpg
1140631152	/p/e/peinture-acrylique-500-ml-ombre-brulee-techno-ref-5593.jpg
1140631153	/p/e/peinture-acrylique-500-ml-noir-techno-ref-5594.jpg
1140631154	/p/e/peinture-acrylique-500-ml-or-techno-ref-5595.jpg
1140631155	/p/e/peinture-acrylique-500-ml-argente-techno-ref-5596.jpg
1140631156	/g/e/gesso-500-ml-blanc-techno-ref-5597.jpg
1140631157	/g/e/gesso-500-ml-noir-techno-ref-5598.jpg
1140631158	/g/e/gesso-1000-ml-blanc-techno-ref-5599.jpg
1140631159	/g/o/gouache-tempera-flacon-1000-ml-blanc-techno-ref-5578.jpg
1140631160	/g/o/gouache-tempera-flacon-1000-ml-jaune-techno-ref-5579.jpg
1140631161	/g/o/gouache-tempera-flacon-1000-ml-rouge-techno-ref-5580.jpg
1140631162	/g/o/gouache-tempera-flacon-1000-ml-bleu-ciel-techno-ref-5581.jpg
1140631163	/g/o/gouache-tempera-flacon-1000-ml-vert-fonce-techno-ref-5582.jpg
1140631164	/g/o/gouache-tempera-flacon-1000-ml-noir-techno-ref-5583.jpg
1140631178	/c/a/carnet-bon-pour-ncr-50x2-60g-techno-ref-9598.jpg
1140631179	/c/a/carnet-bon-de-livraison-ncr-50x2-60g-techno-ref-9597.jpg
1140631185	/p/e/peinture-a-eau-de-06-couleurs-techno-ref-5757_01-3.jpg
1140631185	/p/e/peinture-a-eau-de-06-couleurs-techno-ref-5757_01-1.jpg
1140631185	/p/e/peinture-a-eau-de-06-couleurs-techno-ref-5757_01-2.jpg
1140631186	/p/e/peinture-a-eau-de-12-couleurs-techno-ref-5758_01-2.jpg
1140631186	/p/e/peinture-a-eau-de-12-couleurs-techno-ref-5758_01-1.jpg
1140631186	/p/e/peinture-a-eau-de-12-couleurs-techno-ref-5758_01-3.jpg
1140631187	/c/r/crayons-de-couleurs-a-la-cire-de-06-couleurs-techno-ref-5790.jpg
1140631187	/c/r/crayons-de-couleurs-a-la-cire-de-06-couleurs-techno-ref-5790-2.jpg
1140631188	/c/r/crayons-de-couleurs-a-la-cire-de-12-couleurs-techno-ref-5791.jpg
1140631188	/c/r/crayons-de-couleurs-a-la-cire-de-12-couleurs-techno-ref-5791-2.jpg
1140631189	/c/r/crayons-couleur-a-la-cire-a-lhuile-de-12-couleur-techno-ref-5792_1.jpg
1140631207	/f/e/feutre-jumbo-colorpeps-brush-x5-bte-cart-maped-ref-844705-2.jpg
1140631212	/b/o/bo_te-_-d_jeuner-3en1-concept-enfants-rouge-orange-1_4-l-maped-ref-870701.jpg
1140631213	/b/o/bo_te-_-d_jeuner-3en1-concept-enfants-bleu-turquoise-1_4-l-maped-ref-870703.jpg
1140631214	/b/o/bo_te-_-d_jeuner-simple-concept-enfants-grenat-1-_tage-740-ml-maped-ref-870801.jpg
1140631216	/b/o/bo_te-_-d_jeuner-simple-concept-enfants-bleu-1-_tage-740-ml-maped-ref-870803.jpg
1140631217	/g/o/gourde-origins-familles-rose-430-ml-maped-ref-871501.jpg
1140631217	/g/o/gourde-origins-familles-rose-430-ml-maped-ref-871501_1.jpg
1140631218	/g/o/gourde-origins-familles-turquoise-430-ml-maped-ref-871502.jpg
1140631218	/g/o/gourde-origins-familles-turquoise-430-ml-maped-ref-871502_1.jpg
1140631219	/g/o/gourde-origins-familles-rouge-430-ml-maped-ref-871503.jpg
1140631219	/g/o/gourde-origins-familles-rouge-430-ml-maped-ref-871503_1.jpg
1140631220	/g/o/gourde-origins-familles-bleu-turquoise-430-ml-maped-ref-871504.jpg
1140631220	/g/o/gourde-origins-familles-bleu-turquoise-430-ml-maped-ref-871504_1.jpg
1140631221	/b/o/bouteille-concept-adultes-rose-460-ml-maped-ref-871801.jpg
1140631221	/b/o/bouteille-concept-adultes-rose-460-ml-maped-ref-871801_1.jpg
1140631221	/b/o/bouteille-concept-adultes-rose-460-ml-maped-ref-871801_2.jpg
1140631222	/b/o/bouteille-concept-adultes-rouge-460-ml-maped-ref-871802.jpg
1140631222	/b/o/bouteille-concept-adultes-rouge-460-ml-maped-ref-871802_1.jpg
1140631222	/b/o/bouteille-concept-adultes-rouge-460-ml-maped-ref-871802_2.jpg
1140631223	/b/o/bouteille-concept-adultes-bleu-460-ml-maped-ref-871803.jpg
1140631223	/b/o/bouteille-concept-adultes-bleu-460-ml-maped-ref-871803_1.jpg
1140631223	/b/o/bouteille-concept-adultes-bleu-460-ml-maped-ref-871803_2.jpg
1140631224	/b/o/bouteille-concept-adultes-turquoise-460-ml-maped-ref-871804.jpg
1140631224	/b/o/bouteille-concept-adultes-turquoise-460-ml-maped-ref-871804_1.jpg
1140631224	/b/o/bouteille-concept-adultes-turquoise-460-ml-maped-ref-871804_2.jpg
1140631225	/m/u/mug-isotherme-concept-adultes-rose-320-ml-maped-ref-871901.jpg
1140631226	/m/u/mug-isotherme-concept-adultes-bleu-320-ml-maped-ref-871903.jpg
1140631227	/s/a/sac-_-d_jeuner-origins-famille-rose-6_3-l-maped-ref-872101.jpg
1140631229	/s/a/sac-_-d_jeuner-origins-famille-turquoise-6_3-l-maped-ref-872102.jpg
1140631230	/s/a/sac-_-d_jeuner-origins-famille-rouge-6_3-l-maped-ref-872103.jpg
1140631231	/s/a/sac-_-d_jeuner-origins-famille-bleu-6_3-l-maped-ref-872104_1.jpg
1140631231	/s/a/sac-_-d_jeuner-origins-famille-bleu-6_3-l-maped-ref-872104.jpg
1140631232	/s/a/sac-_-d_jeuner-concept-enfants-rouge-9_3-l-maped-ref-872301.jpg
1140631232	/s/a/sac-_-d_jeuner-concept-enfants-rouge-9_3-l-maped-ref-872301_1.jpg
1140631233	/s/a/sac-_-d_jeuner-concept-enfants-bleu-9_3-l-maped-ref-872303.jpg
1140631233	/s/a/sac-_-d_jeuner-concept-enfants-bleu-9_3-l-maped-ref-872303_1.jpg
1140631234	/g/o/gourde_inox-concept-enfants-bleu-turquoise-430-ml-maped-ref-871203.jpg
1140631234	/g/o/gourde_inox-concept-enfants-bleu-turquoise-430-ml-maped-ref-871203_1.jpg
1140631234	/g/o/gourde_inox-concept-enfants-bleu-turquoise-430-ml-maped-ref-871203_2.jpg
1140631235	/g/o/gourde_inox-concept-enfants-rouge-orange-430-ml-maped-ref-871201_1.jpg
1140631235	/g/o/gourde_inox-concept-enfants-rouge-orange-430-ml-maped-ref-871201_2.jpg
1140631235	/g/o/gourde_inox-concept-enfants-rouge-orange-430-ml-maped-ref-871201.jpg
1140631258	/5/7/5753_imresizer.jpg
1140631260	/5/7/5754_imresizer.jpg
1140631261	/5/7/5755_imresizer.jpg
1140631262	/5/7/5756_imresizer.jpg
1140631463	/p/a/papier-a4-extra-blanc-80g-100f-papillon-techno-ref-9402.jpg
1140631464	/p/a/papier-extra-blanc-a4-80g-20f-papillon-techno-ref-9659.jpg
1140631471	/s/a/sac-a-dos-ergonomique-mayas-fantasy-tiger-family-ref-2111-f_1_2.jpg
1140631471	/s/a/sac-a-dos-ergonomique-mayas-fantasy-tiger-family-ref-2111-f_2_2.jpg
1140631471	/s/a/sac-a-dos-ergonomique-mayas-fantasy-tiger-family-ref-2111-f_4_1.jpg
1140631471	/s/a/sac-a-dos-ergonomique-mayas-fantasy-tiger-family-ref-2111-f_3_1.jpg
1140631471	/s/a/sac-a-dos-ergonomique-mayas-fantasy-tiger-family-ref-2111-f_5.jpg
1140631472	/s/a/sac-a-dos-ergonomique-think-pink-in-paris-tiger-family-ref-2111-f.jpg
1140631473	/s/a/sac-a-dos-ergonomique-lovley-things-tiger-family-ref-2111-f3_1.jpg
1140631473	/s/a/sac-a-dos-ergonomique-lovley-things-tiger-family-ref-2111-f3_2.jpg
1140631473	/s/a/sac-a-dos-ergonomique-lovley-things-tiger-family-ref-2111-f3_3.jpg
1140631473	/s/a/sac-a-dos-ergonomique-lovley-things-tiger-family-ref-2111-f3_4.jpg
1140631474	/s/a/sac-a-dos-ergonomique-unicorn-dreams-tiger-family-ref-2111-f3.jpg
1140631475	/s/a/sac-a-dos-ergonomique-musical-pony-pink-tiger-family-ref-2111-f2.jpg
1140631476	/s/a/sac-a-dos-ergonomique-playful-butterfly-tiger-family-ref-2111-f2_1.jpg
1140631476	/s/a/sac-a-dos-ergonomique-playful-butterfly-tiger-family-ref-2111-f2_2.jpg
1140631477	/s/a/sac-a-dos-ergonomique-shooting-stars-tiger-family-ref-2111-f2_1.jpg
1140631477	/s/a/sac-a-dos-ergonomique-shooting-stars-tiger-family-ref-2111-f2_2.jpg
1140631477	/s/a/sac-a-dos-ergonomique-shooting-stars-tiger-family-ref-2111-f2_3.jpg
1140631477	/s/a/sac-a-dos-ergonomique-shooting-stars-tiger-family-ref-2111-f2_4.jpg
1140631477	/s/a/sac-a-dos-ergonomique-shooting-stars-tiger-family-ref-2111-f2_5.jpg
1140631477	/s/a/sac-a-dos-ergonomique-shooting-stars-tiger-family-ref-2111-f2_6.jpg
1140631478	/s/a/sac-a-dos-ergonomique-pink-amour-tiger-family-ref-2111-f2_1.jpg
1140631478	/s/a/sac-a-dos-ergonomique-pink-amour-tiger-family-ref-2111-f2_2.jpg
1140631479	/s/a/sac-a-dos-ergonomique-shark-life-tiger-family-ref-2111-g_1.jpg
1140631479	/s/a/sac-a-dos-ergonomique-shark-life-tiger-family-ref-2111-g_2.jpg
1140631479	/s/a/sac-a-dos-ergonomique-shark-life-tiger-family-ref-2111-g_3.jpg
1140631480	/s/a/sac-a-dos-ergonomique-playful-butterful-tiger-family-ref-2112-f2.jpg
1140631481	/s/a/sac-a-dos-ergonomique-shooting-stars-tiger-family-ref-2112-f2_1.jpg
1140631481	/s/a/sac-a-dos-ergonomique-shooting-stars-tiger-family-ref-2112-f2_2_1.jpg
1140631481	/s/a/sac-a-dos-ergonomique-shooting-stars-tiger-family-ref-2112-f2_3.jpg
1140631483	/s/a/sac-a-dos-ergonomique-lovey-things-tiger-family-ref-2112-f3_1_1.jpg
1140631483	/s/a/sac-a-dos-ergonomique-lovey-things-tiger-family-ref-2112-f3_2_1.jpg
1140631483	/s/a/sac-a-dos-ergonomique-lovey-things-tiger-family-ref-2112-f3_3_1.jpg
1140631483	/s/a/sac-a-dos-ergonomique-lovey-things-tiger-family-ref-2112-f3_4_1.jpg
1140631483	/s/a/sac-a-dos-ergonomique-lovey-things-tiger-family-ref-2112-f3_5_1.jpg
1140631484	/s/a/sac-a-dos-ergonomique-coming-up-rose-tiger-family-ref-2112-f3.jpg
1140631485	/s/a/sac-a-dos-ergonomique-metal-dino-tiger-family-ref-2112-g.jpg
1140631486	/s/a/sac-a-dos-ergonomique-fire-rider-tiger-family-ref-2112-g.jpg
1140631487	/s/a/sac-a-dos-ergonomique-jagger-moves-tiger-family-ref-2112-g2_1.jpg
1140631487	/s/a/sac-a-dos-ergonomique-jagger-moves-tiger-family-ref-2112-g2_2.jpg
1140631487	/s/a/sac-a-dos-ergonomique-jagger-moves-tiger-family-ref-2112-g2_3.jpg
1140631487	/s/a/sac-a-dos-ergonomique-jagger-moves-tiger-family-ref-2112-g2_4.jpg
1140631487	/s/a/sac-a-dos-ergonomique-jagger-moves-tiger-family-ref-2112-g2_5.jpg
1140631488	/s/a/sac-a-dos-ergonomique-level-up-tiger-family-ref-2112-g2.jpg
1140631489	/s/a/sac-a-dos-ergonomique-lovely-things-tiger-family-ref-2131-f_1.jpg
1140631489	/s/a/sac-a-dos-ergonomique-lovely-things-tiger-family-ref-2131-f_2.jpg
1140631489	/s/a/sac-a-dos-ergonomique-lovely-things-tiger-family-ref-2131-f_3.jpg
1140631489	/s/a/sac-a-dos-ergonomique-lovely-things-tiger-family-ref-2131-f_4.jpg
1140631489	/s/a/sac-a-dos-ergonomique-lovely-things-tiger-family-ref-2131-f_5.jpg
1140631490	/s/a/sac-a-dos-ergonomique-icy-heart-tiger-family-ref-2131-f_2.jpg
1140631490	/s/a/sac-a-dos-ergonomique-icy-heart-tiger-family-ref-2131-f_1.jpg
1140631491	/s/a/sac-a-dos-ergonomique-unicorn-dreams-tiger-family-ref-2131-f_1.jpg
1140631491	/s/a/sac-a-dos-ergonomique-unicorn-dreams-tiger-family-ref-2131-f_2.jpg
1140631491	/s/a/sac-a-dos-ergonomique-unicorn-dreams-tiger-family-ref-2131-f_4.jpg
1140631491	/s/a/sac-a-dos-ergonomique-unicorn-dreams-tiger-family-ref-2131-f_3.jpg
1140631491	/s/a/sac-a-dos-ergonomique-unicorn-dreams-tiger-family-ref-2131-f_5.jpg
1140631492	/s/a/sac-a-dos-ergonomique-midsummers-night-tiger-family-ref-2131-f.jpg
1140631493	/s/a/sac-a-dos-ergonomique-jugger-moves-tiger-family-ref-2131-g.jpg
1140631494	/s/a/sac-a-dos-ergonomique-pixel-world-tiger-family-ref-2131-g_1.jpg
1140631494	/s/a/sac-a-dos-ergonomique-pixel-world-tiger-family-ref-2131-g_2.jpg
1140631494	/s/a/sac-a-dos-ergonomique-pixel-world-tiger-family-ref-2131-g_4.jpg
1140631494	/s/a/sac-a-dos-ergonomique-pixel-world-tiger-family-ref-2131-g_3.jpg
1140631494	/s/a/sac-a-dos-ergonomique-pixel-world-tiger-family-ref-2131-g_5.jpg
1140631495	/s/a/sac-a-dos-ergonomique-dino-expedition-tiger-family-ref-2131-g.jpg
1140631496	/s/a/sac-a-dos-ergonomique-level-up-tiger-family-ref-2131-g_1.jpg
1140631496	/s/a/sac-a-dos-ergonomique-level-up-tiger-family-ref-2131-g_2.jpg
1140631496	/s/a/sac-a-dos-ergonomique-level-up-tiger-family-ref-2131-g_3.jpg
1140631496	/s/a/sac-a-dos-ergonomique-level-up-tiger-family-ref-2131-g_4.jpg
1140631497	/s/a/sac-a-dos-ergonomique-lovely-things-tiger-family-ref-2162-f_1.jpg
1140631497	/s/a/sac-a-dos-ergonomique-lovely-things-tiger-family-ref-2162-f_2.jpg
1140631497	/s/a/sac-a-dos-ergonomique-lovely-things-tiger-family-ref-2162-f_4.jpg
1140631497	/s/a/sac-a-dos-ergonomique-lovely-things-tiger-family-ref-2162-f_3.jpg
1140631497	/s/a/sac-a-dos-ergonomique-lovely-things-tiger-family-ref-2162-f_5.jpg
1140631498	/s/a/sac-a-dos-ergonomique-unicorn-dreams-tiger-family-ref-2162-f_1.jpg
1140631498	/s/a/sac-a-dos-ergonomique-unicorn-dreams-tiger-family-ref-2162-f_2.jpg
1140631498	/s/a/sac-a-dos-ergonomique-unicorn-dreams-tiger-family-ref-2162-f_3.jpg
1140631498	/s/a/sac-a-dos-ergonomique-unicorn-dreams-tiger-family-ref-2162-f_4.jpg
1140631498	/s/a/sac-a-dos-ergonomique-unicorn-dreams-tiger-family-ref-2162-f_5.jpg
1140631499	/s/a/sac-a-dos-ergonomique-wonder-charlotte-tiger-family-ref-2162-f_1.jpg
1140631499	/s/a/sac-a-dos-ergonomique-wonder-charlotte-tiger-family-ref-2162-f_2.jpg
1140631499	/s/a/sac-a-dos-ergonomique-wonder-charlotte-tiger-family-ref-2162-f_4.jpg
1140631499	/s/a/sac-a-dos-ergonomique-wonder-charlotte-tiger-family-ref-2162-f_3.jpg
1140631499	/s/a/sac-a-dos-ergonomique-wonder-charlotte-tiger-family-ref-2162-f_5.jpg
1140631499	/s/a/sac-a-dos-ergonomique-wonder-charlotte-tiger-family-ref-2162-f_6.jpg
1140631499	/s/a/sac-a-dos-ergonomique-wonder-charlotte-tiger-family-ref-2162-f_7.jpg
1140631499	/s/a/sac-a-dos-ergonomique-wonder-charlotte-tiger-family-ref-2162-f_8.jpg
1140631500	/s/a/sac-a-dos-ergonomique-pink-stripes-tiger-family-ref-2162-f.jpg
1140631501	/s/a/sac-a-dos-ergonomique-jagger-moves-tiger-family-ref-2162-g_1.jpg
1140631501	/s/a/sac-a-dos-ergonomique-jagger-moves-tiger-family-ref-2162-g_2.jpg
1140631501	/s/a/sac-a-dos-ergonomique-jagger-moves-tiger-family-ref-2162-g_3.jpg
1140631501	/s/a/sac-a-dos-ergonomique-jagger-moves-tiger-family-ref-2162-g_4.jpg
1140631501	/s/a/sac-a-dos-ergonomique-jagger-moves-tiger-family-ref-2162-g_5.jpg
1140631502	/s/a/sac-a-dos-ergonomique-level-up-tiger-family-ref-2162-g_1.jpg
1140631502	/s/a/sac-a-dos-ergonomique-level-up-tiger-family-ref-2162-g_2.jpg
1140631502	/s/a/sac-a-dos-ergonomique-level-up-tiger-family-ref-2162-g_3.jpg
1140631502	/s/a/sac-a-dos-ergonomique-level-up-tiger-family-ref-2162-g_4.jpg
1140631503	/s/a/sac-a-dos-ergonomique-pixel-world-tiger-family-ref-2162-g.jpg
1140631504	/s/a/sac-a-dos-ergonomique-midair-tiger-family-ref-2162-g.jpg
1140631505	/s/a/sac-a-dos-ergonomique-wild-berries-tiger-family-ref-2171-f.jpg
1140631506	/s/a/sac-a-dos-ergonomique-aurora-tiger-family-ref-2171-f_1.jpg
1140631506	/s/a/sac-a-dos-ergonomique-aurora-tiger-family-ref-2171-f_2.jpg
1140631506	/s/a/sac-a-dos-ergonomique-aurora-tiger-family-ref-2171-f_3.jpg
1140631506	/s/a/sac-a-dos-ergonomique-aurora-tiger-family-ref-2171-f_4.jpg
1140631507	/s/a/sac-a-dos-ergonomique-glacier-tiger-family-ref-2171-g.jpg
1140631508	/s/a/sac-a-dos-ergonomique-fresh-mint-tiger-family-ref-2171-g.jpg
1140631512	/s/a/sac-a-dos-ergonomique-mountain-tiger-family-ref-2181-g.jpg
1140631513	/s/a/sac-a-dos-ergonomique-multi-m-tiger-family-ref-2181-g.jpg
1140631514	/s/a/sac-a-dos-ergonomique-hawaiian-vibe-tiger-family-ref-2184-f_1.jpg
1140631514	/s/a/sac-a-dos-ergonomique-hawaiian-vibe-tiger-family-ref-2184-f_3.jpg
1140631514	/s/a/sac-a-dos-ergonomique-hawaiian-vibe-tiger-family-ref-2184-f_2.jpg
1140631514	/s/a/sac-a-dos-ergonomique-hawaiian-vibe-tiger-family-ref-2184-f_4.jpg
1140631515	/s/a/sac-a-dos-ergonomique-angel-tiger-family-ref-2184-f_1.jpg
1140631515	/s/a/sac-a-dos-ergonomique-angel-tiger-family-ref-2184-f_3.jpg
1140631515	/s/a/sac-a-dos-ergonomique-angel-tiger-family-ref-2184-f_4.jpg
1140631515	/s/a/sac-a-dos-ergonomique-angel-tiger-family-ref-2184-f_5.jpg
1140631516	/s/a/sac-a-dos-ergonomique-hawaiian-vibe-tiger-family-ref-2182-f.jpg
1140631518	/s/a/sac-a-dos-ergonomique-bedtime-story-tiger-family-ref-2182-f.jpg
1140631519	/s/a/sac-a-dos-ergonomique-angel-tiger-family-ref-2182-f_1.jpg
1140631519	/s/a/sac-a-dos-ergonomique-angel-tiger-family-ref-2182-f_3.jpg
1140631519	/s/a/sac-a-dos-ergonomique-angel-tiger-family-ref-2182-f_4.jpg
1140631519	/s/a/sac-a-dos-ergonomique-angel-tiger-family-ref-2182-f_5.jpg
1140631531	/s/a/sac-a-dos-ergonomique-mountain-tiger-family-ref-2184-g_1.jpg
1140631531	/s/a/sac-a-dos-ergonomique-mountain-tiger-family-ref-2184-g_2.jpg
1140631531	/s/a/sac-a-dos-ergonomique-mountain-tiger-family-ref-2184-g_3.jpg
1140631531	/s/a/sac-a-dos-ergonomique-mountain-tiger-family-ref-2184-g_4.jpg
1140631532	/s/a/sac-a-dos-ergonomique-alpine-tiger-family-ref-2184-g_1.jpg
1140631532	/s/a/sac-a-dos-ergonomique-alpine-tiger-family-ref-2184-g_2.jpg
1140631532	/s/a/sac-a-dos-ergonomique-alpine-tiger-family-ref-2184-g_3.jpg
1140631532	/s/a/sac-a-dos-ergonomique-alpine-tiger-family-ref-2184-g_4.jpg
1140631533	/s/a/sac-a-dos-ergonomique-mountain-tiger-family-ref-2182-g_1.jpg
1140631533	/s/a/sac-a-dos-ergonomique-mountain-tiger-family-ref-2182-g_2.jpg
1140631533	/s/a/sac-a-dos-ergonomique-mountain-tiger-family-ref-2182-g_3.jpg
1140631533	/s/a/sac-a-dos-ergonomique-mountain-tiger-family-ref-2182-g_4.jpg
1140631533	/s/a/sac-a-dos-ergonomique-mountain-tiger-family-ref-2182-g_5.jpg
1140631534	/s/a/sac-a-dos-ergonomique-rad-tiger-family-ref-2182-g.jpg
1140631535	/s/a/sac-a-dos-ergonomique-multi-m-tiger-family-ref-2182-g.jpg
1140631536	/s/a/sac-a-dos-creche-bob-the-astronaut-tiger-family-ref-2101-g.jpg
1140631537	/s/a/sac-a-dos-creche-mega-machine-tiger-family-ref-2101-g.jpg
1140631538	/s/a/sac-a-dos-creche-rex-buddy-tiger-family-ref-2101-g.jpg
1140631539	/s/a/sac-a-dos-creche-silly-shark-tiger-family-ref-2101-g2.jpg
1140631540	/s/a/sac-a-dos-creche-smart-penguin-tiger-family-ref-2101-g2.jpg
1140631541	/s/a/sac-a-dos-creche-superduper-man-tiger-family-ref-2101-g2.jpg
1140631542	/s/a/sac-a-dos-creche-super-girl-tiger-family-ref-2101-f2.jpg
1140631543	/s/a/sac-a-dos-creche-whimsical-kitten-tiger-family-ref-2101-f2.jpg
1140631544	/s/a/sac-a-dos-creche-purple-seashell-tiger-family-ref-2101-f2.jpg
1140631545	/s/a/sac-a-dos-creche-cities-in-space-tiger-family-ref-2101-g3_1.jpg
1140631545	/s/a/sac-a-dos-creche-cities-in-space-tiger-family-ref-2101-g3_2.jpg
1140631545	/s/a/sac-a-dos-creche-cities-in-space-tiger-family-ref-2101-g3_3.jpg
1140631545	/s/a/sac-a-dos-creche-cities-in-space-tiger-family-ref-2101-g3_4.jpg
1140631545	/s/a/sac-a-dos-creche-cities-in-space-tiger-family-ref-2101-g3_5.jpg
1140631546	/s/a/sac-a-dos-creche-shark-life-tiger-family-ref-2101-g3_1.jpg
1140631546	/s/a/sac-a-dos-creche-shark-life-tiger-family-ref-2101-g3_2.jpg
1140631546	/s/a/sac-a-dos-creche-shark-life-tiger-family-ref-2101-g3_3.jpg
1140631547	/s/a/sac-a-dos-creche-twilight-fairy-tiger-family-ref-2101-f3_1.jpg
1140631547	/s/a/sac-a-dos-creche-twilight-fairy-tiger-family-ref-2101-f3_2.jpg
1140631547	/s/a/sac-a-dos-creche-twilight-fairy-tiger-family-ref-2101-f3_3.jpg
1140631547	/s/a/sac-a-dos-creche-twilight-fairy-tiger-family-ref-2101-f3_4.jpg
1140631547	/s/a/sac-a-dos-creche-twilight-fairy-tiger-family-ref-2101-f3_5.jpg
1140631578	/s/a/sac-a-dos-creche-wonderful-charlotte-tiger-family-ref-2101-f3_1.jpg
1140631578	/s/a/sac-a-dos-creche-wonderful-charlotte-tiger-family-ref-2101-f3_2.jpg
1140631578	/s/a/sac-a-dos-creche-wonderful-charlotte-tiger-family-ref-2101-f3_3.jpg
1140631578	/s/a/sac-a-dos-creche-wonderful-charlotte-tiger-family-ref-2101-f3_4.jpg
1140631578	/s/a/sac-a-dos-creche-wonderful-charlotte-tiger-family-ref-2101-f3_5.jpg
1140631579	/s/a/sac-a-dos-creche-olivia-tiger-family-ref-2104-f.jpg
1140631580	/s/a/sac-a-dos-creche-magical-dreams-tiger-family-ref-2104-f.jpg
1140631581	/t/r/trousse-mega-trousse-unicorn-days-tiger-family-ref-tr212-f_2.jpg
1140631581	/t/r/trousse-mega-trousse-unicorn-days-tiger-family-ref-tr212-f_1.jpg
1140631581	/t/r/trousse-mega-trousse-unicorn-days-tiger-family-ref-tr212-f_3.jpg
1140631582	/t/r/trousse-mega-trousse-dancing-butterflies-tiger-family-ref-tr212-f_1.jpg
1140631582	/t/r/trousse-mega-trousse-dancing-butterflies-tiger-family-ref-tr212-f_2.jpg
1140631583	/t/r/trousse-mega-trousse-sparking-butterfly-tiger-family-ref-tr212-f_1.jpg
1140631583	/t/r/trousse-mega-trousse-sparking-butterfly-tiger-family-ref-tr212-f_2.jpg
1140631584	/t/r/trousse-mega-trousse-dino-explosion-tiger-family-ref-tr212-g_1.jpg
1140631584	/t/r/trousse-mega-trousse-dino-explosion-tiger-family-ref-tr212-g_2.jpg
1140631585	/t/r/trousse-mega-trousse-speed-round-tiger-family-ref-tr212-g.jpg
1140631586	/t/r/trousse-mega-trousse-off-to-space-tiger-family-ref-tr212-g_1.jpg
1140631586	/t/r/trousse-mega-trousse-off-to-space-tiger-family-ref-tr212-g_2.jpg
1140631595	/t/r/trousse-magic-magical-dreams-tiger-family-ref-tr212-f2_1.jpg
1140631595	/t/r/trousse-magic-magical-dreams-tiger-family-ref-tr212-f2_2.jpg
1140631596	/t/r/trousse-magic-neon-riders-tiger-family-ref-tr212-f2_2.jpg
1140631596	/t/r/trousse-magic-neon-riders-tiger-family-ref-tr212-f2_1.jpg
1140631597	/t/r/trousse-fantaisie-unicorn-days-tiger-family-ref-tr216-f.jpg
1140631598	/t/r/trousse-fantaisie-under-the-sea-tiger-family-ref-tr216-f_1.jpg
1140631598	/t/r/trousse-fantaisie-under-the-sea-tiger-family-ref-tr216-f_2.jpg
1140631599	/t/r/trousse-fantaisie-olivia-tiger-family-ref-tr216-f.jpg
1140631600	/t/r/trousse-fantaisie-lovely-bunny-tiger-family-ref-tr216-f.jpg
1140631601	/f/t/ftds-pc04_dino_swag.jpg
1140631602	/t/r/trousse-a-rabat-hawaiin-vibe-tiger-family-ref-tr213-f.jpg
1140631603	/t/r/trousse-a-rabat-angel-tiger-family-ref-tr213-f.jpg
1140631604	/t/r/trousse-a-rabat-lovely-things-tiger-family-ref-tr213-f.jpg
1140631605	/t/r/trousse-a-rabat-unicorn-dreams-tiger-family-ref-tr213-f.jpg
1140631606	/t/r/trousse-ovale-a-rabat-rainbow-horse-tiger-family-ref-tr210-f.jpg
1140631607	/t/r/trousse-ovale-a-rabat-icy-heart-tiger-family-ref-tr210-f.jpg
1140631608	/t/r/trousse-ovale-a-rabat-fresh-kicks-tiger-family-ref-tr210-g.jpg
1140631609	/t/r/trousse-ovale-a-rabat-waterside-tiger-family-ref-tr210-g.jpg
1140631610	/t/r/trousse-a-rabat-multi-m-tiger-family-ref-tr213-g.jpg
1140631611	/t/r/trousse-a-rabat-mountain-tiger-family-ref-tr213-g.jpg
1140631612	/t/r/trousse-duo-hawaiian-vibe-tiger-family-ref-tr214-f.jpg
1140631613	/t/r/trousse-duo-angel-tiger-family-ref-tr214-f.jpg
1140631614	/s/a/sacoche-a-main-kids-blissful-fairy-tiger-family-ref-scm211-f.jpg
1140631615	/s/a/sacoche-a-main-kids-metal-dino-tiger-family-ref-scm211-f.jpg
1140631616	/_/t/_tui-de-protection-ipad-hawaiian-vibe-tiger-family-ref-ep211-f.jpg
1140631617	/_/t/_tui-de-protection-ipad-angel-tiger-family-ref-ep211-f.jpg
1140631620	/s/a/sac-a-bandouliere-lovely-bunny-tiger-family-ref-sb212-f_1.jpg
1140631620	/s/a/sac-a-bandouliere-lovely-bunny-tiger-family-ref-sb212-f_2_1.jpg
1140631621	/s/a/sac-a-bandouliere-under-the-sea-tiger-family-ref-sb212-f_2.jpg
1140631621	/s/a/sac-a-bandouliere-under-the-sea-tiger-family-ref-sb212-f_1_1.jpg
1140631622	/s/a/sac-a-bandouliere-sweet-cakes-tiger-family-ref-sb212-f_1.jpg
1140631622	/s/a/sac-a-bandouliere-sweet-cakes-tiger-family-ref-sb212-f_2.jpg
1140631663	/a/r/ardoise-magnetique-cadre-aluminium-20x30-cm-d-face-quadrillee-blanche-techno-ref-9684.png
1140631664	/a/r/ardoise-magnetique-cadre-aluminium-20x30-cm-blanche-verte-techno-ref-9685.png
1140631707	/p/a/papier-extra-blanc-a4-80g-50f-papillon-techno-ref-9660.jpg
1140631779	/s/u/surligneur-classic-glitter-pochette-de-4-pcs-maped-ref-742046.jpg
1140631781	/s/u/surligneur-pocket-mini-friends-pochette-de-4-pcs-maped-ref-743677.jpg
1140631787	/c/r/crayons-de-couleur-pastel-mini-x12-colorpeps-maped-ref-832569.jpg
1140631787	/c/r/crayons-de-couleur-pastel-mini-x12-colorpeps-maped-ref-832569_1.jpg
1140631791	/c/o/compas-study-bague-flowpack-maped-ref-199111.jpg
1140631791	/c/o/compas-study-bague-flowpack-maped-ref-199111_1.jpg
1140631796	/f/e/feutres-colorpeps-monster-12-pcs-maped-ref-845400.jpg
1140631796	/f/e/feutres-colorpeps-monster-12-pcs-maped-ref-845400_1.jpg
1140631797	/f/e/feutres-pastel-10-pcs-maped-ref-845469.jpg
1140631797	/f/e/feutres-pastel-10-pcs-maped-ref-845469_1.jpg
1140631798	/f/e/feutres-monster-12-pcs-avec-crayons-monster-15-pcs-maped-ref-984718.jpg
1140631798	/f/e/feutres-monster-12-pcs-avec-crayons-monster-15-pcs-maped-ref-984718_1.jpg
1140631799	/c/r/crayons-de-couleur-pastel-x12-colorpeps-maped-ref-832069_2.jpg
1140631799	/c/r/crayons-de-couleur-pastel-x12-colorpeps-maped-ref-832069_1_1.jpg
1140631802	/p/l/plateau-de-dessin-textur-art-creativ-boite-en-carton-maped-ref-907038_1.jpg
1140631802	/p/l/plateau-de-dessin-textur-art-creativ-boite-en-carton-maped-ref-907038_2.jpg
1140631803	/b/l/blowpen-art-creativ-en-boite-x24-maped-ref-846712_1.jpg
1140631803	/b/l/blowpen-art-creativ-en-boite-x24-maped-ref-846712_2.jpg
1140631804	/s/t/stickers-fenetres-creativ-boite-en-carton-maped-ref-907036_1.jpg
1140631804	/s/t/stickers-fenetres-creativ-boite-en-carton-maped-ref-907036_2.jpg
1140631805	/e/a/early-age-coupe-et-colle-creativ-boite-en-carton-maped-ref-907040_1.jpg
1140631805	/e/a/early-age-coupe-et-colle-creativ-boite-en-carton-maped-ref-907040_2.jpg
1140631807	/f/e/feutre-pointe-fine-pochette-de-4-couleurs-kuretake-ref-pac-10-4v-1.jpg
1140631807	/f/e/feutre-pointe-fine-pochette-de-4-couleurs-kuretake-ref-pac-10-4v-2.jpg
1140631808	/f/e/feutre-photo-signature-noir-kuretake-ref-ps-220.jpg
1140631808	/f/e/feutre-photo-signature-noir-kuretake-ref-ps-220-2.jpg
1140631809	/f/e/feutre-pointe-fine-millennium-assortiment-de-5-pc-kuretake-ref-ms-5v-1.jpg
1140631810	/f/e/feutre-kurecolor-twin-pochette-de-12-couleurs-basiques-kuretake-ref-kc-3000n-12b1-1.jpg
1140631810	/f/e/feutre-kurecolor-twin-pochette-de-12-couleurs-basiques-kuretake-ref-kc-3000n-12b1-2.jpg
1140631811	/e/n/encre-calligraphie-sumi-ink-noir-de-60-ml-kuretake-ref-cnce103-6.jpg
1140631813	/e/n/encre-calligraphie-sumi-ink-noir-de-180-ml-kuretake-ref-cnce103-18.jpg
1140631814	/e/n/encre-calligraphie-noir-de-60-ml-kuretake-ref-cnce104-6.jpg
1140631815	/e/n/encre-calligraphie-blanc-de-30-ml-kuretake-ref-cnce201-3-1.jpg
1140631815	/e/n/encre-calligraphie-blanc-de-30-ml-kuretake-ref-cnce201-3-2.jpg
1140631816	/e/n/encre-vermillion-kuretake-ref-cc4-6-1.jpg
1140631816	/e/n/encre-vermillion-kuretake-ref-cc4-6-2.jpg
1140631824	/e/n/encre-or-30gr-kuretake-ref-ba301-6.jpg
1140631825	/e/n/encre-argent-30g-kuretake-ref-ba302-6-1.jpg
1140631826	/f/e/feutre-acrylista-pochette-de-8-couleurs-moderne-kuretake-ref-pac-50-8va-2.jpg
1140631826	/f/e/feutre-acrylista-pochette-de-8-couleurs-moderne-kuretake-ref-pac-50-8va-1_1.jpg
1140631827	/f/e/feutre-acrylista-pochette-de-8-couleurs-basic-kuretake-ref-pac-50-8vb-2.jpg
1140631827	/f/e/feutre-acrylista-pochette-de-8-couleurs-basic-kuretake-ref-pac-50-8vb-1_1.jpg
1140631828	/f/e/feutre-acrylista-pochette-de-8-couleurs-naturel-kuretake-ref-pac-50-8vc-2.jpg
1140631828	/f/e/feutre-acrylista-pochette-de-8-couleurs-naturel-kuretake-ref-pac-50-8vc-1_1.jpg
1140631829	/f/e/feutre-acrylista-pochette-de-8-couleurs-girly-kuretake-ref-pac-50-8vd-2.jpg
1140631829	/f/e/feutre-acrylista-pochette-de-8-couleurs-girly-kuretake-ref-pac-50-8vd-1_1.jpg
1140631834	/a/q/aquarelle-pocket-boite-14-couleurs-kuretake-ref-wskg301-1-1.jpg
1140631834	/a/q/aquarelle-pocket-boite-14-couleurs-kuretake-ref-wskg301-1-3_1.jpg
1140631834	/a/q/aquarelle-pocket-boite-14-couleurs-kuretake-ref-wskg301-1-2.jpg
1140631835	/f/e/feutre-mangaka-pochette-de-5-couleurs-kuretake-ref-cnm-01-5v.jpg
1140631835	/f/e/feutre-mangaka-pochette-de-5-couleurs-kuretake-ref-cnm-01-5v-2.jpg
1140631836	/f/e/feutre-mangaka-pochette-de-3-pcs-noir-kuretake-ref-cnm-3vbk-1.jpg
1140631836	/f/e/feutre-mangaka-pochette-de-3-pcs-noir-kuretake-ref-cnm-3vbk-2.jpg
1140631837	/f/e/feutre-mangaka-pochette-de-3-pcs-sepia-kuretake-ref-cnm-3vsp-1.jpg
1140631837	/f/e/feutre-mangaka-pochette-de-3-pcs-sepia-kuretake-ref-cnm-3vsp-2_1.jpg
1140631838	/f/e/feutre-mangaka-pochette-de-3-pcs-violet-kuretake-ref-cnm-3vvl-1.jpg
1140631838	/f/e/feutre-mangaka-pochette-de-3-pcs-violet-kuretake-ref-cnm-3vvl-2.jpg
1140631839	/a/q/aquarelle-pochette-de-6-couleurs-starry-kuretake-ref-mc20sc-6v-1.jpg
1140631839	/a/q/aquarelle-pochette-de-6-couleurs-starry-kuretake-ref-mc20sc-6v-2.jpg
1140631839	/a/q/aquarelle-pochette-de-6-couleurs-starry-kuretake-ref-mc20sc-6v-3.jpg
1140631840	/a/q/aquarelle-pochette-de-6-couleurs-pearl-kuretake-ref-mc20pc-6v.jpg
1140631840	/a/q/aquarelle-pochette-de-6-couleurs-pearl-kuretake-ref-mc20pc-6v-2.jpg
1140631840	/a/q/aquarelle-pochette-de-6-couleurs-pearl-kuretake-ref-mc20pc-6v-3.jpg
1140631841	/a/q/aquarelle-pochette-de-6-couleurs-pierres-precieuses-kuretake-ref-mc20gc-6v-1.jpg
1140631841	/a/q/aquarelle-pochette-de-6-couleurs-pierres-precieuses-kuretake-ref-mc20gc-6v-2.jpg
1140631842	/f/e/feutre-fine-et-brush-pochette-de-12-couleurs-ocean-bleu-kuretake-ref-cnkc-2200-12vso-1.jpg
1140631842	/f/e/feutre-fine-et-brush-pochette-de-12-couleurs-ocean-bleu-kuretake-ref-cnkc-2200-12vso-2.jpg
1140631843	/f/e/feutre-fine-et-brush-pochette-de-12-couleurs-muted-tone-kuretake-ref-cnkc-2200-12vhm.jpg
1140631843	/f/e/feutre-fine-et-brush-pochette-de-12-couleurs-muted-tone-kuretake-ref-cnkc-2200-12vhm-2.jpg
1140631844	/f/e/feutre-fine-et-brush-pochette-12-couleurs-neutral-tone-kuretake-ref-cnkc-2200-12vfn.jpg
1140631844	/f/e/feutre-fine-et-brush-pochette-12-couleurs-neutral-tone-kuretake-ref-cnkc-2200-12vfn-2.jpg
1140631845	/f/e/feutre-mangaka-pochette-de-8-pcs-noir-kuretake-ref-cnm-8vbk-1.jpg
1140631846	/p/i/pinceaux-watercolor-system-pochette-de-4-pcs-kuretake-ref-wsbr-4v_1.jpg
1140631846	/p/i/pinceaux-watercolor-system-pochette-de-4-pcs-kuretake-ref-wsbr-4v-1_3.jpg
1140631847	/p/i/pinceaux-watercolor-system-pochette-de-4-pcs-kuretake-ref-wsbr-l-4v-1.jpg
1140631847	/p/i/pinceaux-watercolor-system-pochette-de-4-pcs-kuretake-ref-wsbr-l-4v-2_1.jpg
1140631848	/f/e/feutre-memory-system-metallic-pochette-de-6-couleur-kuretake-ref-ms-8000-6v-1.jpg
1140631848	/f/e/feutre-memory-system-metallic-pochette-de-6-couleur-kuretake-ref-ms-8000-6v-2_1.jpg
1140631849	/m/a/marqueurs-brush-et-pointe-fine-le-plume-noir-uchida-ref-1950_01.jpg
1140631849	/m/a/marqueurs-brush-et-pointe-fine-le-plume-noir-uchida-ref-1950_01_2.jpg
1140631850	/m/a/marqueurs-brush-et-pointe-fine-le-plume-bleu-uchida-ref-1950.jpg
1140631850	/m/a/marqueurs-brush-et-pointe-fine-le-plume-bleu-uchida-ref-1950_2.jpg
1140631851	/m/a/marqueurs-brush-et-pointe-fine-le-plume-rouge-uchida-ref-1950_02.jpg
1140631851	/m/a/marqueurs-brush-et-pointe-fine-le-plume-rouge-uchida-ref-1950_02_2.jpg
1140631852	/m/a/marqueurs-brush-et-pointe-fine-le-plume-vert-uchida-ref-1950_03.jpg
1140631852	/m/a/marqueurs-brush-et-pointe-fine-le-plume-vert-uchida-ref-1950_03_2.jpg
1140631853	/f/e/feutre-calligraphie-noir-uchida-ref-1960_03.jpg
1140631853	/f/e/feutre-calligraphie-noir-uchida-ref-1960_03_2.jpg
1140631854	/f/e/feutre-calligraphie-bleu-uchida-ref-1960_02.jpg
1140631854	/f/e/feutre-calligraphie-bleu-uchida-ref-1960_02_2.jpg
1140631855	/f/e/feutre-calligraphie-vert-uchida-ref-1960_2.jpg
1140631855	/f/e/feutre-calligraphie-vert-uchida-ref-1960.jpg
1140631856	/f/e/feutre-calligraphie-rouge-uchida-ref-1960_01-_2_1.jpg
1140631856	/f/e/feutre-calligraphie-rouge-uchida-ref-1960_01_1.jpg
1140631861	/f/e/feutre-calligraphie-arabe-1_0-mm-noir-uchida-ref-6200_01.jpg
1140631864	/f/e/feutre-calligraphie-arabe-2_0-mm-noir-uchida-ref-6200_03.jpg
1140631867	/f/e/feutre-calligraphie-arabe-3_0-mm-noir-uchida-ref-6200_06.jpg
1140631886	/4/6/4600-1-09-v0_copie.jpg
1140631927	/s/a/sac-a-dos-ergonomique-jagger-moves-tiger-family-ref-2111-g3.jpg
1140631928	/s/a/sac-a-dos-ergonomique-level-up-tiger-family-ref-2111-g3.jpg
1140631930	/s/a/sac-a-dos-ergonomique-dark-flames-tiger-family-ref-2182-g_1.jpg
1140631930	/s/a/sac-a-dos-ergonomique-dark-flames-tiger-family-ref-2182-g_2.jpg
1140631931	/s/a/sac-a-dos-ergonomique-lightning-power-tiger-family-ref-2111-g_1.jpg
1140631931	/s/a/sac-a-dos-ergonomique-lightning-power-tiger-family-ref-2111-g_2.jpg
1140632077	/s/t/stylo-gel-retractable-palette-bleu-corps-rose-stabilo-ref-268-1-41-3_1.jpg
1140632077	/s/t/stylo-gel-retractable-palette-stabilo_6_4.jpg
1140632077	/s/t/stylo-gel-retractable-palette-stabilo_7_4.jpg
1140632077	/s/t/stylo-gel-retractable-palette-stabilo_2_5.jpg
1140632077	/s/t/stylo-gel-retractable-palette-stabilo_3_5.jpg
1140632077	/s/t/stylo-gel-retractable-palette-stabilo_4_5.jpg
1140632077	/s/t/stylo-gel-retractable-palette-stabilo_5_5.jpg
1140632078	/s/t/stylo-gel-retractable-palette-bleu-corps-orange-stabilo-ref-268-1-41-4_1.jpg
1140632078	/s/t/stylo-gel-retractable-palette-stabilo_7_3_2.jpg
1140632078	/s/t/stylo-gel-retractable-palette-stabilo_6_5.jpg
1140632078	/s/t/stylo-gel-retractable-palette-stabilo_3_7.jpg
1140632078	/s/t/stylo-gel-retractable-palette-stabilo_2_5_1.jpg
1140632078	/s/t/stylo-gel-retractable-palette-stabilo_4_7.jpg
1140632078	/s/t/stylo-gel-retractable-palette-stabilo_5_7.jpg
1140632079	/s/t/stylo-gel-retractable-palette-noir-corps-bleu-ciel-stabilo-ref-268-1-46-1_1.jpg
1140632079	/s/t/stylo-gel-retractable-palette-stabilo_5_5_3.jpg
1140632079	/s/t/stylo-gel-retractable-palette-stabilo_4_5_3.jpg
1140632079	/s/t/stylo-gel-retractable-palette-stabilo_2_5_3.jpg
1140632079	/s/t/stylo-gel-retractable-palette-stabilo_3_5_3.jpg
1140632079	/s/t/stylo-gel-retractable-palette-stabilo_6_4_3.jpg
1140632079	/s/t/stylo-gel-retractable-palette-stabilo_7_3_4.jpg
1140632080	/s/t/stylo-gel-retractable-palette-noir-corps-vert-stabilo-ref-268-1-46-2_1.jpg
1140632080	/s/t/stylo-gel-retractable-palette-stabilo_2_5_6.jpg
1140632080	/s/t/stylo-gel-retractable-palette-stabilo_4_5_6.jpg
1140632080	/s/t/stylo-gel-retractable-palette-stabilo_5_5_6.jpg
1140632080	/s/t/stylo-gel-retractable-palette-stabilo_3_5_6.jpg
1140632080	/s/t/stylo-gel-retractable-palette-stabilo_6_4_6.jpg
1140632080	/s/t/stylo-gel-retractable-palette-stabilo_7_3_7.jpg
1140632082	/e/n/ensemble-de-geometrie-08-pcs-kidz-rose-maped-ref-519118.jpg
1140632083	/e/n/ensemble-de-geometrie-08-pcs-kidz-bleu-maped-ref-519118.jpg
1140632084	/e/n/ensemble-de-tracage-3pcs-15cm-twistn-flex-bleu-maped-ref-895024.jpg
1140632085	/e/n/ensemble-de-tracage-3pcs-15cm-twistn-flex-vert-maped-ref-895024.jpg
1140632086	/e/n/ensemble-de-tracage-3pcs-15cm-twistn-flex-rose-maped-ref-895024.jpg
1140632087	/e/n/ensemble-de-tracage-3pcs-30cm-incassable-bleu-maped-ref-897120.jpg
1140632087	/e/n/ensemble-de-tracage-3pcs-30cm-incassable-bleu-maped-ref-897120-3.jpg
1140632087	/e/n/ensemble-de-tracage-3pcs-30cm-incassable-bleu-maped-ref-897120-2.jpg
1140632087	/e/n/ensemble-de-tracage-3pcs-30cm-incassable-bleu-maped-ref-897120-1.jpg
1140632088	/e/n/ensemble-de-tracage-3pcs-30cm-incassable-vert-maped-ref-897120_3.jpg
1140632088	/e/n/ensemble-de-tracage-3pcs-30cm-incassable-vert-maped-ref-897120_4.jpg
1140632088	/e/n/ensemble-de-tracage-3pcs-30cm-incassable-vert-maped-ref-897120_5_1.jpg
1140632089	/e/n/ensemble-de-tracage-4-pcs-15cm-geocustom-blanc-maped-ref-897139.jpg
1140632090	/e/n/ensemble-de-tracage-4-pcs-15cm-geocustom-vert-maped-ref-897139.jpg
1140632091	/e/n/ensemble-de-tracage-4-pcs-15cm-geocustom-rose-maped-ref-897139.jpg
1140632092	/e/n/ensemble-de-tracage-4pcs-15cm-incassable-bleu-maped-ref-244069.jpg
1140632093	/e/n/ensemble-de-tracage-4pcs-15cm-incassable-vert-maped-ref-244069.jpg
1140632094	/g/o/gomme-architecte-bleu-maped-ref-511010.jpg
1140632095	/g/o/gomme-architecte-vert-maped-ref-511010.jpg
1140632096	/g/o/gomme-architecte-rose-maped-ref-511010.jpg
1140632097	/g/o/gomme-ecolier-tatoo-02-pcs-sous-blister-princess-maped-ref-116000.jpg
1140632098	/g/o/gomme-ecolier-tatoo-02-pcs-sous-blister-pirates-maped-ref-116000.jpg
1140632099	/g/o/gomme-essentiales-avec-etui-de-protection-sous-blister-bleu-maped-ref-114710.jpg
1140632100	/g/o/gomme-essentiales-avec-etui-de-protection-sous-blister-vert-maped-ref-114710.jpg
1140632101	/g/o/gomme-technic-duo-sous-blister-noir-bleu-maped-ref-106310.jpg
1140632102	/g/o/gomme-technic-duo-sous-blister-gris-rouge-maped-ref-106310.jpg
1140632103	/g/o/gomme-wings-sous-blister-bleu-jaune-maped-ref-127310.jpg
1140632104	/g/o/gomme-wings-sous-blister-bleu-vert-maped-ref-127310.jpg
1140632105	/g/o/gomme-wings-sous-blister-rose-vert-maped-ref-127310.jpg
1140632106	/g/o/gomme-x-pert-02-pcs-sous-blister-bleu-maped-ref-118312.jpg
1140632109	/r/a/rapporteur-180_-12-cm-flex-sous-blister-bleu-maped-ref-244180.jpg
1140632110	/r/a/rapporteur-180_-12-cm-flex-sous-blister-vert-maped-ref-244180.jpg
1140632112	/r/e/regle-decoree-cosmic-teens-30cm-sachet-bleu-maped-ref-245010-2.jpg
1140632112	/r/e/regle-decoree-cosmic-teens-30cm-sachet-bleu-maped-ref-245010-1.jpg
1140632113	/r/e/regle-decoree-cosmic-teens-30cm-sachet-rose-maped-ref-245010-2.jpg
1140632113	/r/e/regle-decoree-cosmic-teens-30cm-sachet-rose-maped-ref-245010-1.jpg
1140632114	/r/e/regle-double-decimetre-20-cm-flex-sous-blister-bleu-maped-ref-244120.jpg
1140632115	/r/e/regle-double-decimetre-20-cm-flex-sous-blister-vert-maped-ref-244120.jpg
1140632116	/r/e/regle-plate-geocustom-20cm-sous-blister-blanc-maped-ref-254120.jpg
1140632117	/r/e/regle-plate-geocustom-20cm-sous-blister-vert-maped-ref-254120.jpg
1140632118	/r/e/regle-plate-geocustom-20cm-sous-blister-orange-maped-ref-254120.jpg
1140632119	/r/e/regle-plate-geocustom-30cm-sous-blister-blanc-maped-ref-254530.jpg
1140632120	/r/e/regle-plate-geocustom-30cm-sous-blister-vert-maped-ref-254530.jpg
1140632122	/r/e/regle-souple-20cm-flex-sous-blister-bleu-maped-ref-244020.jpg
1140632123	/r/e/regle-souple-20cm-flex-sous-blister-vert-maped-ref-244020.jpg
1140632124	/r/e/regle-souple-30cm-flex-sous-blister-bleu-maped-ref-244030.jpg
1140632127	/s/t/stylo-a-bille-4-couleur-twintip-bleu-maped-ref-229135.jpg
1140632128	/s/t/stylo-a-bille-4-couleur-twintip-violet-maped-ref-229135.jpg
1140632133	/t/a/taille_crayon.png
1140632134	/t/a/taille.png
1140632135	/r/o/rose.png
1140632151	/1/0/100202338_1302_imresizer.jpg
1140632152	/1/0/100202338_1301_imresizer.jpg
1140632153	/1/0/100202338_1303_imresizer.jpg
1140632154	/1/0/100202338_1304_imresizer.jpg
1140632160	/1/0/100201285_1103_print_imresizer.jpg
1140632161	/1/0/100201285_1102_imresizer.jpg
1140632162	/1/0/100201285_1105_imresizer.jpg
1140632163	/1/0/100201285_1104_imresizer.jpg
1140632164	/1/0/100201285_1101_imresizer.jpg
1140632195	/m/i/mini-stylo-a-plume-vache-poivre-blanc-sous-blister-bleu-maped-ref-622030.jpg
1140632196	/4/0/400084077_1203_print_imresizer.jpg
1140632206	/1/0/100201598_1302_imresizer.jpg
1140632207	/1/0/100201598_1303_imresizer.jpg
1140632208	/1/0/100201598_1300_imresizer.jpg
1140632209	/1/0/100201598_1301_imresizer.jpg
1140632322	/m/i/mini-brosse-pour-ardoise-bleu-techno-ref-9501.jpg
1140632323	/m/i/mini-brosse-pour-ardoise-rouge-techno-ref-9501.jpg
1140632324	/m/i/mini-brosse-pour-ardoise-violet-techno-ref-9501.jpg
1140632325	/m/i/mini-brosse-pour-ardoise-orange-techno-ref-9501.jpg
1140632326	/m/i/mini-brosse-pour-ardoise-rose-techno-ref-9501.jpg
1140632327	/m/i/mini-brosse-pour-ardoise-vert-techno-ref-9501.jpg
1140632328	/a/r/ardoise-orange-d-face-blanche-noire-avec-brosse-et-marqueur-blaze-techno-ref-9544.jpg
1140632329	/a/r/ardoise-rose-d-face-blanche-noire-avec-brosse-et-marqueur-super-hero-girls-techno-ref-9544.jpg
1140632330	/a/r/ardoise-bleu-d-face-blanche-noire-avec-brosse-et-marqueur-superman-techno-ref-9544.jpg
1140632331	/a/r/ardoise-rouge-d-face-blanche-noire-avec-brosse-et-marqueur-superman-techno-ref-9544.jpg
1140632332	/a/r/ardoise-violet-d-face-blanche-noire-avec-brosse-et-marqueur-dora-techno-ref-9544.jpg
1140632333	/a/r/ardoise-bleu-d-face-blanche-noire-avec-brosse-et-marqueur-batman-techno-ref-9544.jpg
1140632334	/a/r/ardoise-rose-d-face-blanche-noire-avec-brosse-et-marqueur-paw-patrol-techno-ref-9544.jpg
1140632335	/a/r/ardoise-bleu-d-face-blanche-noire-avec-brosse-et-marqueur-paw-patrol-techno-ref-9544.jpg
1140632336	/a/r/ardoise-orange-d-face-blanche-noire-avec-brosse-et-marqueur-looney-tunes-techno-ref-9544.jpg
1140632337	/a/r/ardoise-rose-d-face-blanche-noire-avec-brosse-et-marqueur-shimmeretshine-techno-ref-9544.jpg
1140632338	/a/r/ardoise-rouge-d-face-blanche-noire-avec-brosse-et-marqueur-tometjerry-techno-ref-9544.jpg
1140632339	/a/r/ardoise-vert-d-face-blanche-noire-avec-brosse-et-marqueur-turtles-techno-ref-9544.jpg
1140632346	/b/r/brosse-ecolier-transparente-avec-compartiment-de-craie-techno-ref-9500.jpg
1140632346	/b/r/brosse-ecolier-avec-compartiment-de-craie-techno-ref-9500-3_2.jpg
1140632347	/b/r/brosse-ecolier-verte-avec-compartiment-de-craie-techno-ref-9500.jpg
1140632347	/b/r/brosse-ecolier-avec-compartiment-de-craie-techno-ref-9500-3_3.jpg
1140632348	/b/r/brosse-ecolier-bleu-avec-compartiment-de-craie-techno-ref-9500.jpg
1140632348	/b/r/brosse-ecolier-avec-compartiment-de-craie-techno-ref-9500-3.jpg
1140632349	/b/r/brosse-ecolier-rose-avec-compartiment-de-craie-techno-ref-9500.jpg
1140632349	/b/r/brosse-ecolier-rose-avec-compartiment-de-craie-techno-ref-9500.png
1140632349	/b/r/brosse-ecolier-avec-compartiment-de-craie-techno-ref-9500-3_1.jpg
1140632350	/g/o/gomme-ecolier-neon-pen-rose-techno-ref-5199.jpg
1140632351	/g/o/gomme-ecolier-neon-pen-violet-techno-ref-5199.jpg
1140632352	/g/o/gomme-ecolier-neon-pen-bleu-techno-ref-5199.jpg
1140632353	/g/o/gomme-ecolier-neon-pen-orange-techno-ref-5199.jpg
1140632354	/g/o/gomme-ecolier-neon-pen-jaune-techno-ref-5199.jpg
1140632355	/g/o/gomme-ecolier-neon-pen-vert-techno-ref-5199.jpg
1140632356	/g/o/gomme-ecolier-neon-stone-vert-techno-ref-5198.jpg
1140632357	/g/o/gomme-ecolier-neon-stone-jaune-techno-ref-5198.jpg
1140632358	/g/o/gomme-ecolier-neon-stone-orange-techno-ref-5198.jpg
1140632359	/g/o/gomme-ecolier-neon-stone-rose-techno-ref-5198.jpg
1140632360	/g/o/gomme-ecolier-neon-stone-violet-techno-ref-5198.jpg
1140632361	/g/o/gomme-ecolier-neon-tech-bleu-techno-ref-5197.jpg
1140632362	/g/o/gomme-ecolier-neon-tech-orange-techno-ref-5197.jpg
1140632363	/g/o/gomme-ecolier-neon-tech-vert-techno-ref-5197.jpg
1140632366	/t/a/taille-crayons-02-trous-shaker-bleu-maped-ref-534755.jpg
1140632367	/t/a/taille-crayons-02-trous-shaker-rose-maped-ref-534755.jpg
1140632368	/t/a/taille-crayons-02-trous-shaker-vert-maped-ref-534755_1.jpg
1140632368	/t/a/taille-crayons-02-trous-shaker-vert-maped-ref-534755_2.jpg
1140632369	/t/a/taille-crayons-shaker-01-bleu-trou-maped-ref-534753.jpg
1140632370	/t/a/taille-crayons-shaker-01-rose-trou-maped-ref-534753.jpg
1140632371	/t/a/taille-crayons-shaker-01-vert-trou-maped-ref-534753_1.jpg
1140632371	/t/a/taille-crayons-shaker-01-vert-trou-maped-ref-534753_2_1.jpg
1140632372	/g/o/gomme-ecolier-neon-tech-rose-techno-ref-5197.jpg
1140632373	/g/o/gomme-ecolier-neon-tech-violet-techno-ref-5197.jpg
1140632374	/g/o/gomme-ecolier-neon-tech-jaune-techno-ref-5197.jpg
1140632375	/g/o/gourde-500-ml-rouge-techno-ref-5218.jpg
1140632376	/g/o/gourde-500-ml-violet-techno-ref-5218.jpg
1140632377	/g/o/gourde-500-ml-vert-techno-ref-5218.jpg
1140632378	/g/o/gourde-500-ml-jaune-techno-ref-5218.jpg
1140632379	/g/o/gourde_500_ml_bleu_-techno-_ref-_5218.jpg
1140632380	/d/i/distributeur-de-trombones-violet-techno-ref-4859.jpg
1140632381	/d/i/distributeur-de-trombones-vert-techno-ref-4859.jpg
1140632382	/d/i/distributeur-de-trombones-bleu-techno-ref-4859.jpg
1140632383	/d/i/distributeur-de-trombones-rose-techno-ref-4859.jpg
1140632384	/t/a/taille-crayon-space-vert-techno-ref-4915.jpg
1140632385	/t/a/taille-crayon-space-bleu-techno-ref-4915.jpg
1140632386	/t/a/taille-crayon-space-violet-techno-ref-4915.jpg
1140632387	/t/a/taille-crayon-space-rose-techno-ref-4915_1.jpg
1140632387	/t/a/taille-crayon-space-rose-techno-ref-4915_2.jpg
1140632388	/t/a/taille-crayon-gomme-eskimo-rose-techno-ref-4891.jpg
1140632389	/t/a/taille-crayon-gomme-eskimo-bleu-techno-ref-4891.jpg
1140632390	/t/a/taille-crayon-gomme-eskimo-violet-techno-ref-4891.jpg
1140632391	/t/a/taille-crayon-gomme-eskimo-vert-techno-ref-4891.jpg
1140632392	/g/o/gomme-max-violet-techno-ref-4949.jpg
1140632393	/g/o/gomme-max-bleu-techno-ref-4949.jpg
1140632394	/g/o/gomme-max-vert-techno-ref-4949.jpg
1140632395	/g/o/gomme-max-rose-techno-ref-4949.jpg
1140632396	/g/o/gomme-tiny-rose-techno-ref-4946.jpg
1140632397	/g/o/gomme-tiny-violet-techno-ref-4946.jpg
1140632398	/g/o/gomme-tiny-vert-techno-ref-4946.jpg
1140632399	/g/o/gomme-tiny-jaune-techno-ref-4946.jpg
1140632400	/g/o/gomme-tiny-orange-techno-ref-4946.jpg
1140632401	/g/o/gomme-tiny-bleu-techno-ref-4946.jpg
1140632402	/g/o/gomme-sponge-vert-techno-ref-4945.jpg
1140632403	/g/o/gomme-sponge-rose-techno-ref-4945.jpg
1140632404	/g/o/gomme-sponge-jaune-techno-ref-4945.jpg
1140632405	/g/o/gomme-glitter-vert-techno-ref-4944.jpg
1140632406	/g/o/gomme-glitter-jaune-techno-ref-4944.jpg
1140632407	/g/o/gomme-glitter-violet-techno-ref-4944.jpg
1140632408	/g/o/gomme-glitter-rose-techno-ref-4944.jpg
1140632410	/g/o/gomme-ufo-vert-techno-ref-4943.jpg
1140632411	/g/o/gomme-ufo-bleu-techno-ref-4943.jpg
1140632412	/g/o/gomme-ufo-violet-techno-ref-4943.jpg
1140632413	/g/o/gomme-ufo-rose-techno-ref-4943.jpg
1140632414	/g/o/gomme-pretty-vert-techno-ref-4942.jpg
1140632415	/g/o/gomme-pretty-bleu-techno-ref-4942.jpg
1140632416	/g/o/gomme-pretty-violet-techno-ref-4942.jpg
1140632417	/g/o/gomme-pretty-rose-techno-ref-4942.jpg
1140632418	/c/h/chariot-sac-a-dos-6-roues-noir-techno-ref-4888.jpg
1140632419	/c/h/chariot-sac-a-dos-6-roues-rose-techno-ref-4888.jpg
1140632420	/s/a/sac-a-dos-a-roulettes-14-s-licence-shimmer--shine-rose-techno-ref-4873.jpg
1140632421	/s/a/sac-a-dos-a-roulettes-14-s-licence-shimmer--shine-violet-techno-ref-4873.jpg
1140632422	/s/a/sac-a-dos-17-licence-shimmer--shine-rose-techno-ref-4872.jpg
1140632423	/s/a/sac-a-dos-17-licence-shimmer--shine-violet-techno-ref-4872-4.jpg
1140632423	/s/a/sac-a-dos-17-licence-shimmer--shine-violet-techno-ref-4872-3.jpg
1140632423	/s/a/sac-a-dos-17-licence-shimmer--shine-violet-techno-ref-4872-2.jpg
1140632424	/s/a/sac-a-dos-15-licence-shimmer--shine-rose-techno-ref-4871-2.jpg
1140632424	/s/a/sac-a-dos-15-licence-shimmer--shine-rose-techno-ref-4871.jpg
1140632425	/s/a/sac-a-dos-15-licence-shimmer--shine-violet-techno-ref-4871.jpg
1140632426	/c/a/carnet-colle-192p-9_5x14cm-5x5mm-70g-blaze-techno-ref-9445-1.jpg-2.jpg
1140632426	/c/a/carnet-colle-192p-9_5x14cm-5x5mm-70g-blaze-techno-ref-9445-1.jpg-1.jpg
1140632427	/c/a/carnet-colle-192p-9_5x14cm-5x5mm-70g-paw-patrol-garcon-techno-ref-9445-1.jpg
1140632427	/c/a/carnet-colle-192p-9_5x14cm-5x5mm-70g-paw-patrol-garcon-techno-ref-9445-2_1.jpg
1140632427	/c/a/carnet-colle-192p-9_5x14cm-5x5mm-70g-paw-patrol-garcon-techno-ref-9445-3.jpg
1140632428	/c/a/carnet-colle-192p-9_5x14cm-5x5mm-70g-paw-patrole-fille-techno-ref-9445-2.jpg
1140632428	/c/a/carnet-colle-192p-9_5x14cm-5x5mm-70g-paw-patrole-fille-techno-ref-9445-3.jpg
1140632428	/c/a/carnet-colle-192p-9_5x14cm-5x5mm-70g-paw-patrole-fille-techno-ref-9445-1.jpg
1140632429	/c/a/carnet-colle-192p-9_5x14cm-5x5mm-70g-dora-techno-ref-9445-3.jpg
1140632429	/c/a/carnet-colle-192p-9_5x14cm-5x5mm-70g-dora-techno-ref-9445-2.jpg
1140632429	/c/a/carnet-colle-192p-9_5x14cm-5x5mm-70g-dora-techno-ref-9445-1.jpg
1140632430	/c/a/carnet-colle-192p-9_5x14cm-5x5mm-70g-turtles-techno-ref-9445-1.jpg
1140632430	/c/a/carnet-colle-192p-9_5x14cm-5x5mm-70g-turtles-techno-ref-9445-2.jpg
1140632431	/c/a/carnet-colle-192p-9_5x14cm-5x5mm-70g-shimmeretshine-techno-ref-9445-1.jpg
1140632431	/c/a/carnet-colle-192p-9_5x14cm-5x5mm-70g-shimmeretshine-techno-ref-9445-2.jpg
1140632432	/b/o/boite-eponge-s-licence-blaze-techno-ref-9477-2.jpg
1140632432	/b/o/boite-eponge-s-licence-blaze-techno-ref-9477-1.jpg
1140632433	/b/o/boite-eponge-s-licence-paw-patrol-garcon-techno-ref-9477-1.jpg
1140632433	/b/o/boite-eponge-s-licence-paw-patrol-garcon-techno-ref-9477-2.jpg
1140632434	/b/o/boite-eponge-s-licence-paw-patrol-fille-techno-ref-9477-2.jpg
1140632434	/b/o/boite-eponge-s-licence-paw-patrol-fille-techno-ref-9477-1.jpg
1140632435	/b/o/boite-eponge-s-licence-turtles-techno-ref-9477-1.jpg
1140632435	/b/o/boite-eponge-s-licence-turtles-techno-ref-9477-2.jpg
1140632436	/b/o/boite-eponge-s-licence-shimmeretshine-techno-ref-9477-1.jpg
1140632436	/b/o/boite-eponge-s-licence-shimmeretshine-techno-ref-9477-2.jpg
1140632437	/t/r/trousse-ecolier-opaque-bleu-techno-ref-4847.jpg
1140632438	/t/r/trousse-ecolier-opaque-violet-techno-ref-4847.jpg
1140632439	/t/r/trousse-ecolier-opaque-orange-techno-ref-4847.jpg
1140632440	/t/r/trousse-ecolier-opaque-transparente-techno-ref-4847.jpg
1140632441	/t/r/trousse-ecolier-opaque-rose-techno-ref-4847.jpg
1140632442	/t/r/trousse-ecolier-rose-clair-techno-ref-4848.jpg
1140632443	/t/r/trousse-ecolier-rose-fonc_-techno-ref-4848.jpg
1140632444	/t/r/trousse-ecolier-gris-clair-techno-ref-4848.jpg
1140632445	/t/r/trousse-ecolier-gris-fonc_-techno-ref-4848.jpg
1140632446	/t/r/trousse-ecolier-noir-techno-ref-4848.jpg
1140632447	/t/r/trousse-ecolier-bleu-techno-ref-4848.jpg
1140632448	/t/r/trousse-ecolier-triple-compartiment-bleu-techno-ref-4855.jpg
1140632449	/t/r/trousse-ecolier-triple-compartiment-gris-techno-ref-4855.jpg
1140632450	/t/r/trousse-ecolier-triple-compartiment-vert-techno-ref-4855.jpg
1140632451	/t/r/trousse-ecolier-triple-compartiment-rose-techno-ref-4855.jpg
1140632452	/t/r/trousse-ecolier-triple-compartiment-noir-techno-ref-4855.jpg
1140632453	/t/r/trousse-ecolier-triple-compartiment-violet-techno-ref-4855.jpg
1140632454	/t/r/trousse-ecolier-2-compartiments-rose-clair-techno-ref-4854.jpg
1140632455	/t/r/trousse-ecolier-2-compartiments-rose-fonce-techno-ref-4854.jpg
1140632456	/t/r/trousse-ecolier-2-compartiments-gris-clair-techno-ref-4854.jpg
1140632457	/t/r/trousse-ecolier-2-compartiments-gris-fonce-techno-ref-4854.jpg
1140632458	/t/r/trousse-ecolier-2-compartiments-noir-techno-ref-4854.jpg
1140632459	/t/r/trousse-ecolier-2-compartiments-bleu-techno-ref-4854_2_.jpg
1140632460	/t/r/trousse-multi-usage-bleu-techno-ref-4853.jpg
1140632461	/t/r/trousse-multi-usage-doree-techno-ref-4853.jpg
1140632462	/t/r/trousse-multi-usage-vert-techno-ref-4853.jpg
1140632463	/t/r/trousse-multi-usage-noir-techno-ref-4853.jpg
1140632464	/t/r/trousse-multi-usage-rose-techno-ref-4853.jpg
1140632465	/t/r/trousse-multi-usage-rouge-techno-ref-4853.jpg
1140632466	/t/r/trousse-ecolier-rose-techno-ref-4852.jpg
1140632467	/t/r/trousse-ecolier-noir-techno-ref-4852.jpg
1140632468	/t/r/trousse-ecolier-marron-techno-ref-4852.jpg
1140632469	/t/r/trousse-ecolier-beige-techno-ref-4852.jpg
1140632470	/t/r/trousse-ecolier-gris-techno-ref-4852.jpg
1140632471	/t/r/trousse-ecolier-blanc-techno-ref-4852.jpg
1140632472	/t/r/trousse-ecolier-violet-techno-ref-4852.jpg
1140632473	/t/r/trousse-ecolier-bleu-techno-ref-4852.jpg
1140632474	/t/r/trousse-ecolier-rouge-brique-techno-ref-4852.jpg
1140632475	/t/a/taille-crayons-boogy-01-trou-bleu-maped-ref-063311_1.jpg
1140632475	/t/a/taille-crayons-boogy-01-trou-bleu-maped-ref-063311_2.jpg
1140632476	/t/a/taille-crayons-boogy-01-trou-rouge-maped-ref-063311_1.jpg
1140632476	/t/a/taille-crayons-boogy-01-trou-rouge-maped-ref-063311_2.jpg
1140632477	/t/a/taille-crayons-boogy-01-trou-vert-maped-ref-063311_1.jpg
1140632477	/t/a/taille-crayons-boogy-01-trou-vert-maped-ref-063311_2.jpg
1140632478	/t/a/taille-crayons-boogy-02-trous-bleu-maped-ref-062211_1.jpg
1140632478	/t/a/taille-crayons-boogy-02-trous-bleu-maped-ref-062211_2.jpg
1140632479	/t/a/taille-crayons-boogy-02-trous-rouge-maped-ref-062211_1.jpg
1140632479	/t/a/taille-crayons-boogy-02-trous-rouge-maped-ref-062211_2.jpg
1140632480	/t/a/taille-crayons-boogy-02-trous-vert-maped-ref-062211_1.jpg
1140632480	/t/a/taille-crayons-boogy-02-trous-vert-maped-ref-062211_2.jpg
1140632481	/t/a/taille-crayons-de-02-trous-i-gloo-bleu-maped-ref-534756.jpg
1140632482	/t/a/taille-crayons-de-02-trous-i-gloo-vert-maped-ref-534756.jpg
1140632483	/t/a/taille-crayons-de-02-trous-i-gloo-rose-maped-ref-534756.jpg
1140632484	/t/a/taille-crayons-igloo-01-trou-bleu-maped-ref-534754.jpg
1140632485	/t/a/taille-crayons-igloo-01-trou-vert-maped-ref-534754.jpg
1140632486	/t/a/taille-crayons-igloo-01-trou-rose-maped-ref-534754.jpg
1140632487	/g/o/gomme-ecolier-tatoo-02-pcs-sous-blister-princess-et-pirates-maped-ref-116000.jpg
1140632488	/p/o/porte-mines-0_5-mm-blackpeps-avec-mines-bleu-maped-ref-559511.jpg
1140632489	/p/o/porte-mines-0_5-mm-blackpeps-avec-mines-vert-maped-ref-559511.jpg
1140632490	/p/o/porte-mines-0_5-mm-blackpeps-avec-mines-rose-maped-ref-559511.jpg
1140632491	/p/o/porte-mines-reload-0_5-avec-mines-sous-blister-bleu-maped-ref-560012_1.jpg
1140632492	/p/o/porte-mines-reload-0_5-avec-mines-sous-blister-rose-maped-ref-560012.jpg
1140632493	/p/o/porte-mines-reload-0_5-avec-mines-sous-blister-vert-maped-ref-560012.jpg
1140632516	/p/i/piquet-rolling-dore-a-sangle-retractable-rouge-techno-ref-8002_0.jpg
1140632516	/p/i/piquet-rolling-dore-a-sangle-retractable-rouge-techno-ref-8002_1.jpg
1140632517	/p/i/piquet-rolling-argente-a-sangle-retractable-bleue-techno-ref-8003.jpg
1140632517	/p/i/piquet-rolling-argente-a-sangle-retractable-bleue-techno-ref-8003_1.jpg
1140632518	/p/i/piquet-dore-a-sangle-retractable-rouge-techno-ref-8004.jpg
1140632518	/p/i/piquet-dore-a-sangle-retractable-rouge-techno-ref-8004_0.jpg
1140632519	/p/i/piquet-argente-a-sangle-retractable-bleue-techno-ref-8005_0.jpg
1140632519	/p/i/piquet-argente-a-sangle-retractable-bleue-techno-ref-8005.jpg
1140632519	/p/i/piquet-argente-a-sangle-retractable-bleue-techno-ref-8005_1.jpg
1140632522	/p/a/papier-adhesif-paillete-en-rouleau-45-x200-cm-bleu-techno-ref-4980.jpg
1140632523	/p/a/papier-adhesif-paillete-en-rouleau-45-x200-cm-rose-techno-ref-4980.jpg
1140632524	/p/a/papier-adhesif-paillete-en-rouleau-45-x200-cm-violet-techno-ref-4980.jpg
1140632525	/p/a/papier-adhesif-paillete-en-rouleau-45-x200-cm-beige-techno-ref-4980.jpg
1140632526	/p/a/papier-adhesif-paillete-en-rouleau-45-x200-cm-argente-techno-ref-4980.jpg
1140632527	/p/a/papier-adhesif-paillete-en-rouleau-45-x200-cm-dore-techno-ref-4980.jpg
1140632528	/p/a/papier-adhesif-paillete-fleurs-en-rouleau-45-x-200-cm-bleu-techno-ref-4979.jpg
1140632529	/p/a/papier-adhesif-paillete-fleurs-en-rouleau-45-x-200-cm-rose-techno-ref-4979.jpg
1140632530	/p/a/papier-adhesif-paillete-fleurs-en-rouleau-45-x-200-cm-violet-techno-ref-4979-1.jpg
1140632531	/p/a/papier-adhesif-paillete-fleurs-en-rouleau-45-x-200-cm-bleu-vert-techno-ref-4979.jpg
1140632532	/p/a/papier-adhesif-paillete-fleurs-en-rouleau-45-x-200-cm-dore-techno-ref-4979.jpg
1140632533	/p/a/papier-adhesif-paillete-fleurs-en-rouleau-45-x-200-cm-argente-techno-ref-4979.jpg
1140632534	/p/a/papier-adhesif-paillete-coeurs-en-rouleau-45-x-200-cm-bleu-techno-ref-4978.jpg
1140632535	/p/a/papier-adhesif-paillete-coeurs-en-rouleau-45-x-200-cm-rose-techno-ref-4978.jpg
1140632536	/p/a/papier-adhesif-paillete-coeurs-en-rouleau-45-x-200-cm-violet-techno-ref-4978.jpg
1140632537	/p/a/papier-adhesif-paillete-coeurs-en-rouleau-45-x-200-cm-bleu-vert-techno-ref-4978.jpg
1140632538	/p/a/papier-adhesif-paillete-coeurs-en-rouleau-45-x-200-cm-dore-techno-ref-4978.jpg
1140632539	/p/a/papier-adhesif-paillete-coeurs-en-rouleau-45-x-200-cm-argente-techno-ref-4978.jpg
1140632540	/p/a/papier-adhesif-paillete-points-en-rouleau-45-x-200-cm-bleu-techno-ref-4977.jpg
1140632541	/p/a/papier-adhesif-paillete-points-en-rouleau-45-x-200-cm-rose-techno-ref-4977.jpg
1140632542	/p/a/papier-adhesif-paillete-points-en-rouleau-45-x-200-cm-violet-techno-ref-4977.jpg
1140632543	/p/a/papier-adhesif-paillete-points-en-rouleau-45-x-200-cm-bleu-vert-techno-ref-4977.jpg
1140632544	/p/a/papier-adhesif-paillete-points-en-rouleau-45-x-200-cm-dore-techno-ref-4977_1.jpg
1140632545	/p/a/papier-adhesif-paillete-points-en-rouleau-45-x-200-cm-argente-techno-ref-4977.jpg
1140632546	/p/a/papier-adhesif-paillete-etoiles-en-rouleau-45-x-200-cm-bleu-techno-ref-4976.jpg
1140632547	/p/a/papier-adhesif-paillete-etoiles-en-rouleau-45-x-200-cm-rose-techno-ref-4976.jpg
1140632548	/p/a/papier-adhesif-paillete-etoiles-en-rouleau-45-x-200-cm-violet-techno-ref-4976.jpg
1140632549	/p/a/papier-adhesif-paillete-etoiles-en-rouleau-45-x-200-cm-bleu-vert-techno-ref-4976.jpg
1140632550	/p/a/papier-adhesif-paillete-etoiles-en-rouleau-45-x-200-cm-dore-techno-ref-4976.jpg
1140632551	/p/a/papier-adhesif-paillete-etoiles-en-rouleau-45-x-200-cm-argente-techno-ref-4976.jpg
1140632552	/p/a/paillete-fleurs-50-x-70-cm-pqt-20-feuilles-bleu-techno-ref-4974.jpg
1140632553	/p/a/papier-cadeau-paillete-fleurs-50-x-70-cm-pqt-20-feuilles-rose-techno-ref-4974.jpg
1140632554	/p/a/papier-cadeau-paillete-fleurs-50-x-70-cm-pqt-20-feuilles-violet-techno-ref-4974.jpg
1140632555	/p/a/papier-cadeau-paillete-fleurs-50-x-70-cm-pqt-20-feuilles-bleu-vert-techno-ref-4974.jpg
1140632556	/p/a/papier-cadeau-paillete-fleurs-50-x-70-cm-pqt-20-feuilles-dore-techno-ref-4974.jpg
1140632557	/p/a/papier-cadeau-paillete-fleurs-50-x-70-cm-pqt-20-feuilles-argente-techno-ref-4974.jpg
1140632558	/p/a/papier-cadeau-paillete-50-x-70-cm-pqt-20-feuilles-rose-techno-ref-4975.jpg
1140632559	/p/a/papier-cadeau-paillete-50-x-70-cm-pqt-20-feuilles-violet-techno-ref-4975.jpg
1140632560	/p/a/papier-cadeau-paillete-50-x-70-cm-pqt-20-feuilles-beige-techno-ref-4975.jpg
1140632561	/p/a/papier-cadeau-paillete-50-x-70-cm-pqt-20-feuilles-argente-techno-ref-4975.jpg
1140632562	/p/a/papier-cadeau-paillete-50-x-70-cm-pqt-20-feuilles-bleu-techno-ref-4975.jpg
1140632563	/p/a/papier-cadeau-paillete-50-x-70-cm-pqt-20-feuilles-dore-techno-ref-4975.jpg
1140632564	/p/a/papier-cadeau-paillete-coeurs-50-x-70-cm-pqt-20-feuilles-bleu-techno-ref-4973.jpg
1140632565	/p/a/papier-cadeau-paillete-coeurs-50-x-70-cm-pqt-20-feuilles-rose-techno-ref-4973.jpg
1140632566	/p/a/papier-cadeau-paillete-coeurs-50-x-70-cm-pqt-20-feuilles-violet-techno-ref-4973.jpg
1140632567	/p/a/papier-cadeau-paillete-coeurs-50-x-70-cm-pqt-20-feuilles-bleu-vert-techno-ref-4973.jpg
1140632568	/p/a/papier-cadeau-paillete-coeurs-50-x-70-cm-pqt-20-feuilles-dore-techno-ref-4973.jpg
1140632569	/p/a/papier-cadeau-paillete-coeurs-50-x-70-cm-pqt-20-feuilles-argente-techno-ref-4973.jpg
1140632570	/p/a/papier-cadeau-paillete-points-50-x-70-cm-pqt-20-bleu-techno-ref-4972.jpg
1140632571	/p/a/papier-cadeau-paillete-points-50-x-70-cm-pqt-20-rose-techno-ref-4972.jpg
1140632572	/p/a/papier-cadeau-paillete-points-50-x-70-cm-pqt-20-violet-techno-ref-4972.jpg
1140632573	/p/a/papier-cadeau-paillete-points-50-x-70-cm-pqt-20-bleu-vert-techno-ref-4972.jpg
1140632574	/p/a/papier-cadeau-paillete-points-50-x-70-cm-pqt-20-dore-techno-ref-4972_1.jpg
1140632575	/p/a/papier-cadeau-paillete-points-50-x-70-cm-pqt-20-argente-techno-ref-4972.jpg
1140632576	/p/a/papier-cadeau-paillete-etoiles-50-x-70-cm-pqt-20-feuilles-bleu-techno-ref-4971.jpg
1140632577	/p/a/papier-cadeau-paillete-etoiles-50-x-70-cm-pqt-20-feuilles-rose-techno-ref-4971.jpg
1140632578	/p/a/papier-cadeau-paillete-etoiles-50-x-70-cm-pqt-20-feuilles-violet-techno-ref-4971.jpg
1140632579	/p/a/papier-cadeau-paillete-etoiles-50-x-70-cm-pqt-20-feuilles-bleu-vert-techno-ref-4971.jpg
1140632580	/p/a/papier-cadeau-paillete-etoiles-50-x-70-cm-pqt-20-feuilles-dore-techno-ref-4971.jpg
1140632581	/p/a/papier-cadeau-paillete-etoiles-50-x-70-cm-pqt-20-feuilles-argente-techno-ref-4971.jpg
1140632582	/a/r/ardoise-noire-en-polystyrene-dora-techno-ref-9468.jpg
1140632583	/a/r/ardoise-noire-en-polystyrene-blaze-techno-ref-9468.jpg
1140632585	/a/r/ardoise-noire-en-polystyrene-paw-patrol-fille-techno-ref-9468.jpg
1140632586	/a/r/ardoise-noire-en-polystyrene-shimme-et-shine-techno-ref-9468.jpg
1140632587	/a/r/ardoise-noire-en-ps-avec-boite-eponge-dora-techno-ref-9455.jpg
1140632588	/a/r/ardoise-noire-en-ps-avec-boite-eponge-blaze-techno-ref-9455.jpg
1140632589	/a/r/ardoise-noire-en-ps-avec-boite-eponge-turtles-techno-ref-9455.jpg
1140632590	/a/r/ardoise-noire-en-ps-avec-boite-eponge-paw-patrol-fille-techno-ref-9455.jpg
1140632591	/a/r/ardoise-noire-en-ps-avec-boite-eponge-paw-patrol-gar_on-techno-ref-9455.jpg
1140632592	/a/r/ardoise-noire-en-ps-avec-boite-eponge-shimme-et-shine-techno-ref-9455.jpg
1140632593	/c/o/compas-bague-coffret-de-03-pcs-dora-techno-ref-4689-2.jpg
1140632593	/c/o/compas-bague-coffret-de-03-pcs-dora-techno-ref-4689-1.jpg
1140632594	/c/o/compas-bague-coffret-de-03-pcs-paw-patrol-fille-techno-ref-4689-3.jpg
1140632595	/c/o/compas-bague-coffret-de-03-pcs-turtles-techno-ref-4689-1.jpg
1140632595	/c/o/compas-bague-coffret-de-03-pcs-licence-techno-ref-4689-4.jpg
1140632596	/c/o/compas-bague-coffret-de-03-pcs-paw-patrol-fille-techno-ref-4689-2.jpg
1140632597	/c/o/compas-bague-coffret-de-03-pcs-paw-patrol-gar_on-techno-ref-4689.jpg
1140632597	/c/o/compas-bague-coffret-de-03-pcs-licence-techno-ref-4689-1.jpg
1140632598	/c/o/compas-bague-coffret-de-03-pcs-shimme-et-shine-techno-ref-4689.jpg
1140632599	/c/a/carnet-fantaisie-a5-rose-techno-ref-4792.jpg
1140632599	/c/a/carnet-fantaisie-a5-techno-ref-4792.jpg
1140632600	/c/a/carnet-fantaisie-a5-violet-techno-ref-4792-3.jpg
1140632600	/c/a/carnet-fantaisie-a5-violet-techno-ref-4792-2.jpg
1140632600	/c/a/carnet-fantaisie-a5-violet-techno-ref-4792-1.jpg
1140632600	/c/a/carnet-fantaisie-a5-techno-ref-4792_2.jpg
1140632601	/c/a/carnet-fantaisie-a5-rouge-techno-ref-4792-3.jpg
1140632601	/c/a/carnet-fantaisie-a5-rouge-techno-ref-4792-4.jpg
1140632601	/c/a/carnet-fantaisie-a5-rouge-techno-ref-4792-2.jpg
1140632601	/c/a/carnet-fantaisie-a5-rouge-techno-ref-4792-1.jpg
1140632601	/c/a/carnet-fantaisie-a5-techno-ref-4792_1.jpg
1140632602	/j/e/jetons-educatifs-22mm-dora-techno-ref-9447-2.jpg
1140632602	/j/e/jetons-educatifs-22mm-dora-techno-ref-9447-1.jpg
1140632603	/j/e/jetons-educatifs-22mm-blaze-techno-ref-9447-2.jpg
1140632603	/j/e/jetons-educatifs-22mm-blaze-techno-ref-9447-1.jpg
1140632604	/j/e/jetons-educatifs-22mm-turtles-techno-ref-9447-3.jpg
1140632604	/j/e/jetons-educatifs-22mm-turtles-techno-ref-9447-1.jpg
1140632605	/j/e/jetons-educatifs-22mm-paw-patrol-fille-techno-ref-9447-2.jpg
1140632605	/j/e/jetons-educatifs-22mm-paw-patrol-fille-techno-ref-9447_1.jpg
1140632606	/j/e/jetons-educatifs-22mm-paw-patrol-gar_on-techno-ref-9447.jpg
1140632606	/j/e/jetons-educatifs-22mm-paw-patrol-fille-techno-ref-9447.jpg
1140632607	/j/e/jetons-educatifs-22mm-shimme-et-shine-techno-ref-9447-2.jpg
1140632607	/j/e/jetons-educatifs-22mm-shimme-et-shine-techno-ref-9447-1.jpg
1140632608	/b/u/buchettes-educatives-60mm-dora-techno-ref-9446-2.jpg
1140632608	/b/u/buchettes-educatives-60mm-dora-techno-ref-9446-1.jpg
1140632609	/b/u/buchettes-educatives-60mm-blaze-techno-ref-9446-2.jpg
1140632609	/b/u/buchettes-educatives-60mm-blaze-techno-ref-9446-1.jpg
1140632610	/b/u/buchettes-educatives-60mm-turtles-techno-ref-9446-2.jpg
1140632610	/b/u/buchettes-educatives-60mm-turtles-techno-ref-9446-.jpg
1140632611	/b/u/buchettes-educatives-60mm-paw-patrol-fille-techno-ref-9446.jpg
1140632611	/b/u/buchettes-educatives-60mm-paw-patrol_techno-ref-9446_1.jpg
1140632612	/b/u/buchettes-educatives-60mm-paw-patrol-gar_on-techno-ref-9446.jpg
1140632612	/b/u/buchettes-educatives-60mm-paw-patrol_techno-ref-9446.jpg
1140632613	/b/u/buchettes-educatives-60mm-shimme-et-shine-techno-ref-9446-3.jpg
1140632613	/b/u/buchettes-educatives-60mm-shimme-et-shine-techno-ref-9446-2.jpg
1140632614	/c/o/copies-doubles-96p-17x22cm-seyes-70g-dora-techno-ref-9359-2.jpg
1140632614	/c/o/copies-doubles-96p-17x22cm-seyes-70g-dora-techno-ref-9359.jpg
1140632615	/c/o/copies-doubles-96p-17x22cm-seyes-70g-paw-patrol-gar_on-techno-ref-9359.jpg
1140632615	/c/o/copies-doubles-96p-17x22cm-seyes-70g-blaze-techno-ref-9359.jpg
1140632616	/c/o/copies-doubles-96p-17x22cm-seyes-70g-turtles-techno-ref-9359.jpg
1140632617	/c/o/copies-doubles-96p-17x22cm-seyes-70g-paw-patrol-fille-techno-ref-9359.jpg
1140632618	/c/o/copies-doubles-96p-17x22cm-seyes-70g-paw-patrol-gar_on-techno-ref-9359_2_.jpg
1140632619	/c/o/copies-doubles-96p-17x22cm-seyes-70g-shimme-et-shine-techno-ref-9359.jpg
1140632620	/c/a/cahier-pique-tp-96p-17x22-cm-seyes-70g-dora-techno-ref-9442-2.jpg
1140632620	/c/a/cahier-pique-tp-96p-17x22-cm-seyes-70g-dora-techno-ref-9442-1.jpg
1140632621	/c/a/cahier-pique-tp-96p-17x22-cm-seyes-70g-blaze-techno-ref-9442-1.jpg
1140632621	/c/a/cahier-pique-tp-96p-17x22-cm-seyes-70g-blaze-techno-ref-9442-2.jpg
1140632622	/c/a/cahier-pique-tp-96p-17x22-cm-seyes-70g-turtles-techno-ref-9442.jpg
1140632623	/c/a/cahier-pique-tp-96p-17x22-cm-seyes-70g-paw-patrol-fille-techno-ref-9442.jpg
1140632624	/c/a/cahier-pique-tp-96p-17x22-cm-seyes-70g-paw-patrol-gar_on-techno-ref-9442.jpg
1140632625	/c/a/cahier-pique-tp-96p-17x22-cm-seyes-70g-shimme-et-shine-techno-ref-9442.jpg
1140632626	/c/a/cahier-spirale-96p-17x22cm-seyes-70g-dora-techno-ref-9444-1.jpg
1140632626	/c/a/cahier-spirale-96p-17x22cm-seyes-70g-dora-techno-ref-9444-2.jpg
1140632627	/c/a/cahier-spirale-96p-17x22cm-seyes-70g-blaze-techno-ref-9444-11.jpg
1140632627	/c/a/cahier-spirale-96p-17x22cm-seyes-70g-blaze-techno-ref-9444-2.jpg
1140632628	/c/a/cahier-spirale-96p-17x22cm-seyes-70g-turtles-techno-ref-9444.jpg
1140632629	/c/a/cahier-spirale-96p-17x22cm-seyes-70g-paw-patrol-fille-techno-ref-9444.jpg
1140632630	/c/a/cahier-spirale-96p-17x22cm-seyes-70g-paw-patrol-gar_on-techno-ref-9444.jpg
1140632631	/c/a/cahier-spirale-96p-17x22cm-seyes-70g-shimme-et-shine-techno-ref-9444.jpg
1140632632	/p/a/pate-a-modeler-12-couleurs-en-boite-rose-techno-ref-4696.jpg
1140632633	/p/a/pate-a-modeler-12-couleurs-en-boite-violet-techno-ref-4696.jpg
1140632634	/p/a/pate-a-modeler-12-couleurs-en-boite-vert-fonce-techno-ref-4696-2.jpg
1140632635	/p/a/pate-a-modeler-12-couleurs-en-boite-vert-clair-techno-ref-4696.jpg
1140632636	/p/a/pate-a-modeler-12-couleurs-en-boite-rouge-techno-ref-4696.jpg
1140632637	/p/a/pate-a-modeler-12-couleurs-en-boite-orange-techno-ref-4696.jpg
1140632638	/p/a/pate-a-modeler-12-couleurs-en-boite-jaune-techno-ref-4696.jpg
1140632639	/p/a/pate-a-modeler-12-couleurs-en-boite-blanc-techno-ref-4696.jpg
1140632640	/p/a/pate-a-modeler-12-couleurs-en-boite-bleu-fonce-techno-ref-4696.jpg
1140632641	/p/a/pate-a-modeler-12-couleurs-en-boite-bleu-clair-techno-ref-4696.jpg
1140632642	/p/a/pate-a-modeler-12-couleurs-en-boite-noir-techno-ref-4696.jpg
1140632643	/p/a/pate-a-modeler-12-couleurs-en-boite-marron-techno-ref-4696_1.jpg
1140632644	/p/a/pate-a-modeler-s_carte-8-couleurs-neon-avec-3-moules-dora-techno-ref-4694_2_.jpg
1140632645	/p/a/pate-a-modeler-s_carte-8-couleurs-neon-avec-3-moules-turtles-techno-ref-4694.jpg
1140632646	/p/a/pate-a-modeler-s_carte-8-couleurs-neon-avec-3-moules-paw-patrol-fille-techno-ref-4694.jpg
1140632647	/p/a/pate-a-modeler-s_carte-8-couleurs-neon-avec-3-moules-paw-patrol-gar_on-techno-ref-4694.jpg
1140632661	/p/a/panneau-de-signalisation-pour-piquet-a4-vertical-techno-ref-8008-00_1.jpg
1140632663	/p/o/poubelle-exterieur-en-bois-avec-cendrier-techno-ref-8010.jpg
1140632663	/p/o/poubelle-exterieur-en-bois-avec-cendrier-techno-ref-8010_1.jpg
1140632663	/p/o/poubelle-exterieur-en-bois-avec-cendrier-techno-ref-8010_2.jpg
1140632663	/p/o/poubelle-exterieur-en-bois-avec-cendrier-techno-ref-8010_3.jpg
1140632663	/p/o/poubelle-exterieur-en-bois-avec-cendrier-techno-ref-8010_4.jpg
1140632666	/p/o/poubelle-carree-couvercle-basculant-43-l-en-inox-techno-ref-8013.jpg
1140632666	/p/o/poubelle-carree-couvercle-basculant-43-l-en-inox-techno-ref-8013_1-.jpg
1140632667	/p/o/poubelle-carree-couvercle-basculant-43-l-en-metal-noire-techno-ref-8014-.jpg
1140632668	/c/o/corbeille-a-papier-ronde-couvercle-basculant-11-l-en-inox-techno-ref-8015.jpg
1140632668	/c/o/corbeille-a-papier-ronde-couvercle-basculant-11-l-en-inox-techno-ref-8015_2.jpg
1140632669	/c/o/corbeille-a-papier-ronde-couvercle-basculant-11-l-en-metal-noire-techno-ref-8016.jpg
1140632669	/c/o/corbeille-a-papier-ronde-couvercle-basculant-11-l-en-metal-noire-techno-ref-8016_1.jpg
1140632673	/c/h/chaise-de-conference-en-aluminium-rouge-techno-ref-8020_0.jpg
1140632673	/c/h/chaise-de-conference-en-aluminium-rouge-techno-ref-8020_1.jpg
1140632673	/c/h/chaise-de-conference-en-aluminium-rouge-techno-ref-8020_2.jpg
1140632674	/c/h/chaise-de-conference-en-aluminium-bleue-techno-ref-8021_0.jpg
1140632674	/c/h/chaise-de-conference-en-aluminium-bleue-techno-ref-8021_1.jpg
1140632675	/c/h/chariot-de-bagage-forme-cloche-dore-techno-ref-8022.jpg
1140632676	/c/h/chariot-de-service-menu-chassis-dore-techno-ref-8023.jpg
1140632677	/c/h/chariot-de-service-menu-chassis-argente-techno-ref-8024.jpg
1140632678	/p/u/pupitre-de-conference-avec-tiroir-modele-classique-techno-ref-8025.jpg
1140632678	/p/u/pupitre-de-conference-avec-tiroir-modele-classique-techno-ref-8025_1.jpg
1140632681	/c/h/chariot-a-linge-03-compartiments-techno-ref-8027.jpg
1140632681	/c/h/chariot-a-linge-03-compartiments-techno-ref-8027_1.jpg
1140632684	/p/u/pupitre-de-presentation-en-bois-marron-rougeatre-garniture-argentee-techno-ref-8030.jpg
1140632684	/p/u/pupitre-de-presentation-en-bois-marron-rougeatre-garniture-argentee-techno-ref-8030_2.jpg
1140632684	/p/u/pupitre-de-presentation-en-bois-marron-rougeatre-garniture-argentee-techno-ref-8030_1.jpg
1140632686	/p/u/pupitre-orateur-avec-tiroir-forme-arrondie-techno-ref-8032.jpg
1140632687	/p/a/panneau-de-signalisation-luxe-dore-techno-ref-8033.jpg
1140632688	/p/a/panneau-de-signalisation-vitre-luxe-dore-techno-ref-8034.jpg
1140632689	/t/a/table-pliante-modulable-ronde-150-x-76-cm-techno-ref-8035-01.jpg
1140632689	/t/a/table-pliante-modulable-ronde-150-x-76-cm-techno-ref-8035-02.jpg
1140632689	/t/a/table-pliante-modulable-ronde-150-x-76-cm-techno-ref-8035-03.jpg
1140632689	/t/a/table-pliante-modulable-ronde-150-x-76-cm-techno-ref-8035-04.jpg
1140632690	/8/0/8036-37-38_imresizer.jpg
1140632691	/t/a/table-pliante-modulable-rectangulaire-180-x-75-x-76-cm-techno-ref-8037.jpg
1140632692	/t/a/table-pliante-modulable-rectangulaire-180-x-90-x-76-cm-techno-ref-8038.jpg
1140632693	/t/a/table-pliante-modulable-rectangulaire-150-x-45-x-76-cm-techno-ref-8039.jpg
1140632700	/a/i/aimants-ronds-27mm-s-b-04pcs-_-maped-ref-052700-1.jpg
1140632701	/a/i/aimants-ronds-27mm-s-b-04pcs-_-maped-ref-052700-2.jpg
1140632702	/a/i/aimants-ronds-27mm-s-b-04pcs-_-maped-ref-052700-3.jpg
1140632703	/a/r/ardoise-transparente-avec-feutre-avec-chiffonnette-bleu-maped-ref-583710_1.jpg
1140632703	/a/r/ardoise-transparente-avec-feutre-avec-chiffonnette-bleu-maped-ref-583710_2.jpg
1140632704	/a/r/ardoise-transparente-avec-feutre-avec-chiffonnette-violet-maped-ref-583710_1.jpg
1140632704	/a/r/ardoise-transparente-avec-feutre-avec-chiffonnette-violet-maped-ref-583710_2.jpg
1140632705	/c/h/chiffonnette-microfibre-pour-ardoise-blanche-en-bliste-bleu-maped-ref-584610_1.jpg
1140632705	/c/h/chiffonnette-microfibre-pour-ardoise-blanche-en-bliste-bleu-maped-ref-584610_2.jpg
1140632706	/c/h/chiffonnette-microfibre-pour-ardoise-blanche-en-bliste-violet-maped-ref-584610_1.jpg
1140632706	/c/h/chiffonnette-microfibre-pour-ardoise-blanche-en-bliste-violet-maped-ref-584610_2.jpg
1140632707	/c/i/cisaille-expert-automatique-a3-40f-70g-rouge-maped-ref-889110.jpg
1140632708	/c/i/cisaille-expert-automatique-a3-40f-70g-noir-maped-ref-889110.jpg
1140632709	/c/i/ciseaux-13-cm-security-3d-s-b-try-me-rose-maped-ref-473110.jpg
1140632710	/c/i/ciseaux-13-cm-security-3d-s-b-try-me-vert-maped-ref-473110.jpg
1140632711	/c/i/ciseaux-13-cm-security-3d-s-b-try-me-bleu-maped-ref-473110.jpg
1140632712	/c/i/ciseaux-asymetrique-15-cm-sous-blister-bleu-zenoa-sensitiv-maped-ref-595010-1.jpg
1140632713	/c/i/ciseaux-asymetrique-15-cm-sous-blister-vert-zenoa-sensitiv-maped-ref-595010-1.jpg
1140632714	/c/i/ciseaux-asymetrique-15-cm-sous-blister-violet-zenoa-sensitiv-maped-ref-595010-1.jpg
1140632716	/c/i/ciseaux-ecolier-zenoa-fit-13-cm-sous-blister-orange-maped-ref-670110-1.jpg
1140632717	/c/i/ciseaux-ecolier-zenoa-fit-13-cm-sous-blister-violet-maped-ref-670110.jpg
1140632718	/c/i/ciseaux-soft-13-cm-sous-blister-bleu-maped-ref-464410-2.jpg
1140632718	/c/i/ciseaux-soft-13-cm-sous-blister-bleu-maped-ref-464410-1.jpg
1140632719	/c/i/ciseaux-soft-13-cm-sous-blister-rouge-maped-ref-464410-1.jpg
1140632720	/c/i/ciseaux-soft-13-cm-sous-blister-rose-maped-ref-464410-1.jpg
1140632720	/c/i/ciseaux-soft-13-cm-sous-blister-rose-maped-ref-464410-2.jpg
1140632722	/c/r/crayons-noir-hb-en-resine-energy-embout-gomme-boite-x6-vert-maped-ref-852000_1.jpg
1140632723	/c/r/crayons-noir-hb-en-resine-energy-embout-gomme-boite-x6-bleu-maped-ref-852000_1.jpg
1140632724	/c/r/crayons-noir-hb-en-resine-energy-embout-gomme-boite-x6-orange-maped-ref-852000_1.jpg
1140632725	/c/r/crayons-noir-hb-en-resine-energy-embout-gomme-boite-x6-jaune-maped-ref-852000_1.jpg
1140632726	/c/r/crayons-noir-hb-en-resine-energy-embout-gomme-boite-x6-gris-maped-ref-852000_1.jpg
1140632727	/c/r/crayons-noir-hb-en-resine-energy-embout-gomme-boite-x6-violet-maped-ref-852000_1.jpg
1140632733	/e/n/ensemble-geometrique-maped-ref-897138-1.jpg
1140632734	/e/n/ensemble-geometrique-maped-ref-897138-2.jpg
1140632735	/e/n/ensemble-geometrique-maped-ref-897138-3.jpg
1140632736	/r/e/regle-study-plate-20-cm-maped-ref-211010-2.jpg
1140632737	/r/e/regle-study-plate-20-cm-maped-ref-211010.jpg
1140632738	/s/t/stylo-a-plume-poivre-blanc-leelou-maped-ref-220206.jpg
1140632739	/s/t/stylo-a-plume-poivre-blanc-leelou-maped-ref-220206-2.jpg
1140632740	/s/t/stylo-reload-boy-girl-cap-medx-maped-ref-221212.jpg
1140632741	/s/t/stylo-reload-boy-girl-cap-medx-maped-ref-221212-2.jpg
1140632747	/a/r/ardoise-d-face-blanche-noire-avec-brosse-et-marqueur-dora-techno-ref-9426.jpg
1140632748	/a/r/ardoise-d-face-blanche-noire-avec-brosse-et-marqueur-turtles-techno-ref-9426.jpg
1140632749	/a/r/ardoise-d-face-blanche-noire-avec-brosse-et-marqueur-blaze-techno-ref-9426.jpg
1140632750	/a/r/ardoise-d-face-blanche-noire-avec-brosse-et-marqueur-paw-patrol-fille-techno-ref-9426.jpg
1140632751	/a/r/ardoise-d-face-blanche-noire-avec-brosse-et-marqueur-paw-patrol-gar_on-techno-ref-9426.jpg
1140632752	/a/r/ardoise-d-face-blanche-noire-avec-brosse-et-marqueur-shimmeretshine-techno-ref-9426.jpg
1140632753	/c/r/crayon-noir-license-hb-2-dora-techno-ref-4553-4.jpg
1140632753	/c/r/crayon-noir-license-hb-2-dora-techno-ref-4553-2.jpg
1140632753	/c/r/crayon-noir-license-hb-2-dora-techno-ref-4553-3.jpg
1140632753	/c/r/crayon-noir-license-hb-2-dora-techno-ref-4553-1.jpg
1140632754	/c/r/crayon-noir-license-hb-2-turtles-techno-ref-4553-2.jpg
1140632754	/c/r/crayon-noir-license-hb-2-turtles-techno-ref-4553-2_1.jpg
1140632754	/c/r/crayon-noir-license-hb-2-turtles-techno-ref-4553-3.jpg
1140632755	/c/r/crayon-noir-license-hb-2-paw-patrol-techno-ref-4553-2.jpg
1140632755	/c/r/crayon-noir-license-hb-2-paw-patrol-techno-ref-4553-2_1.jpg
1140632755	/c/r/crayon-noir-license-hb-2-paw-patrol-techno-ref-4553-1.jpg
1140632756	/c/a/carnet-fantisie-format-coeur-techno-ref-4633.jpg
1140632757	/c/a/carnet-fantisie-format-fleur-techno-ref-4633-1.jpg
1140632758	/c/a/carnet-a6-fantisie-vert-techno-ref-4637.jpg
1140632759	/c/a/carnet-a6-fantisie-rouge-techno-ref-4637.jpg
1140632760	/c/a/carnet-a6-fantisie-rose-techno-ref-4637.jpg
1140632761	/c/a/carnet-a6-fantisie-violet-techno-ref-4637.jpg
1140632762	/c/a/carnet-a6-fantisie-argente-techno-ref-4637.jpg
1140632763	/c/a/carnet-a6-fantisie-noir-techno-ref-4637.jpg
1140632764	/c/r/crayon-noir-trilux-hb-2-bleu-techno-ref-4404.jpg
1140632765	/c/r/crayon-noir-trilux-hb-2-dore-techno-ref-4404.jpg
1140632766	/c/r/crayon-noir-trilux-hb-2-violet-techno-ref-4404.jpg
1140632767	/c/r/crayon-noir-trilux-hb-2-vert-bleu-techno-ref-4404.jpg
1140632768	/c/r/crayon-noir-trilux-hb-2-argente-techno-ref-4404.jpg
1140632769	/c/r/crayon-noir-trilux-hb-2-cuivre-techno-ref-4404.jpg
1140632770	/c/r/crayon-noir-trineon-hb-2-bleu-techno-ref-4403.jpg
1140632771	/c/r/crayon-noir-trineon-hb-2-vert-techno-ref-4403.jpg
1140632772	/c/r/crayon-noir-trineon-hb-2-orange-techno-ref-4403.jpg
1140632773	/c/r/crayon-noir-trineon-hb-2-violet-techno-ref-4403.jpg
1140632774	/c/r/crayon-noir-trineon-hb-2-rose-techno-ref-4403.jpg
1140632775	/c/r/crayon-noir-trineon-hb-2-jaune-techno-ref-4403.jpg
1140632777	/s/a/sac-a-dos-paw-patrol-17-fille--techno-ref-4599-3.jpg
1140632777	/s/a/sac-a-dos-paw-patrol-17-fille--techno-ref-4599-2.jpg
1140632777	/s/a/sac-a-dos-paw-patrol-17-fille--techno-ref-4599-1.jpg
1140632778	/s/a/sac-a-dos-paw-patrol-17-gar_on--techno-ref-4599.jpg
1140632778	/s/a/sac-a-dos-paw-patrol-17--techno-ref-4599.jpg
1140632779	/s/a/sac-a-dos-paw-patrol-15-fille--techno-ref-4598.jpg
1140632780	/s/a/sac-a-dos-paw-patrol-15-gar_on--techno-ref-4598.jpg
1140632780	/s/a/sac-a-dos-paw-patrol-15-gar_on--techno-ref-4598-2.jpg
1140632780	/s/a/sac-a-dos-paw-patrol-15-gar_on--techno-ref-4598-3.jpg
1140632781	/s/a/sac-a-dos-compart-laptop-tablet-gris-fonce-techno-ref-4573-2.jpg
1140632781	/s/a/sac-a-dos-compart-laptop-tablet-gris-fonce-techno-ref-4573-1.jpg
1140632781	/s/a/sac-a-dos-compart-laptop-tablet-gris-fonce-techno-ref-4573-3.jpg
1140632782	/s/a/sac-a-dos-compart-laptop-tablet-gris-clair-techno-ref-4573-2.jpg
1140632782	/s/a/sac-a-dos-compart-laptop-tablet-gris-clair-techno-ref-4573.jpg
1140632782	/s/a/sac-a-dos-compart-laptop-tablet-gris-clair-techno-ref-4573-3.jpg
1140632783	/s/a/sac-a-dos-compart-laptop-tablet-noir-techno-ref-4571-2.jpg
1140632783	/s/a/sac-a-dos-compart-laptop-tablet-noir-techno-ref-4571.jpg
1140632783	/s/a/sac-a-dos-compart-laptop-tablet-noir-techno-ref-4571-3.jpg
1140632784	/s/a/sac-a-dos-compart-laptop-tablet-gris-techno-ref-4571-2.jpg
1140632784	/s/a/sac-a-dos-compart-laptop-tablet-gris-techno-ref-4571.jpg
1140632784	/s/a/sac-a-dos-compart-laptop-tablet-gris-techno-ref-4571-3.jpg
1140632785	/t/a/tampon-chiffre-1-techno-ref-4578.jpg
1140632786	/t/a/tampon-chiffre-2-techno-ref-4578.jpg
1140632787	/t/a/tampon-chiffre-3-techno-ref-4578.jpg
1140632788	/t/a/tampon-chiffre-4-techno-ref-4578.jpg
1140632789	/t/a/tampon-chiffre-5-techno-ref-4578.jpg
1140632790	/t/a/tampon-chiffre-6-techno-ref-4578.jpg
1140632791	/t/a/tampon-chiffre-7-techno-ref-4578.jpg
1140632792	/t/a/tampon-chiffre-8-techno-ref-4578.jpg
1140632793	/t/a/tampon-chiffre-9-techno-ref-4578.jpg
1140632795	/t/a/tampon-op_ration-daddition-techno-ref-4578.jpg
1140632796	/t/a/tampon-op_ration-de-soustraction-techno-ref-4578.jpg
1140632797	/t/a/tampon-op_ration-de-division-techno-ref-4578.jpg
1140632798	/t/a/tampon-lettre-a-techno-ref-4577.jpg
1140632799	/t/a/tampon-lettre-b-techno-ref-4577.jpg
1140632800	/t/a/tampon-lettre-c-techno-ref-4577.jpg
1140632801	/t/a/tampon-lettre-d-techno-ref-4577.jpg
1140632802	/t/a/tampon-lettre-e-techno-ref-4577.jpg
1140632803	/t/a/tampon-lettre-f-techno-ref-4577.jpg
1140632805	/t/a/tampon-lettre-g-techno-ref-4577.jpg
1140632806	/t/a/tampon-lettre-h-techno-ref-4577.jpg
1140632807	/t/a/tampon-lettre-i-techno-ref-4577.jpg
1140632808	/t/a/tampon-lettre-j-techno-ref-4577.jpg
1140632809	/t/a/tampon-lettre-k-techno-ref-4577.jpg
1140632810	/t/a/tampon-lettre-l-techno-ref-4577.jpg
1140632811	/t/a/tampon-lettre-m-techno-ref-4577.jpg
1140632812	/t/a/tampon-lettre-n-techno-ref-4577.jpg
1140632813	/t/a/tampon-lettre-o-techno-ref-4577.jpg
1140632814	/t/a/tampon-lettre-p-techno-ref-4577.jpg
1140632815	/t/a/tampon-lettre-q-techno-ref-4577.jpg
1140632816	/t/a/tampon-lettre-r-techno-ref-4577.jpg
1140632817	/t/a/tampon-lettre-s-techno-ref-4577.jpg
1140632818	/t/a/tampon-lettre-t-techno-ref-4577.jpg
1140632819	/t/a/tampon-lettre-u-techno-ref-4577.jpg
1140632820	/t/a/tampon-lettre-v-techno-ref-4577.jpg
1140632821	/t/a/tampon-lettre-w-techno-ref-4577.jpg
1140632822	/t/a/tampon-lettre-x-techno-ref-4577.jpg
1140632823	/t/a/tampon-lettre-y-techno-ref-4577.jpg
1140632824	/t/a/tampon-lettre-z-techno-ref-4577.jpg
1140632825	/t/a/tampon-ours-techno-ref-4576.jpg
1140632826	/t/a/tampon-girafe-techno-ref-4576.jpg
1140632828	/t/a/tampon-canard-techno-ref-4576.jpg
1140632830	/t/a/tampon-gazelle-techno-ref-4576.jpg
1140632831	/t/a/tampon-scorpion-techno-ref-4576.jpg
1140632832	/t/a/tampon-hippopotame-techno-ref-4576.jpg
1140632833	/t/a/tampon-mouton-techno-ref-4576.jpg
1140632835	/t/a/tampon-_l_phant-techno-ref-4576.jpg
1140632836	/t/a/tampon-crocodile-techno-ref-4576.jpg
1140632839	/t/a/tampon-lion-techno-ref-4576.jpg
1140632840	/t/a/tampon-chameau-techno-ref-4576.jpg
1140632841	/t/a/tampon-kangourou-techno-ref-4576.jpg
1140632843	/t/a/tampon-chien-techno-ref-4576.jpg
1140632844	/t/a/tampon-oursson-techno-ref-4576.jpg
1140632845	/t/a/tampon-lapin-techno-ref-4576.jpg
1140632846	/t/a/tampon-_cureuil-techno-ref-4576.jpg
1140632847	/t/a/tampon-morse-techno-ref-4576.jpg
1140632848	/t/a/tampon-poisson-techno-ref-4576.jpg
1140632849	/t/a/tampon-panda-techno-ref-4576.jpg
1140632853	/a/i/aimants-rectangulaire-27mm-sous-blister-8pcs-bleu-maped-ref-051200s.jpg
1140632854	/a/i/aimants-rectangulaire-27mm-sous-blister-8pcs-vert-maped-ref-051200s.jpg
1140632855	/a/i/aimants-rectangulaire-27mm-sous-blister-8pcs-mix-maped-ref-051200s.jpg
1140632864	/p/a/panneau-de-signalisation-pour-piquet-a4-vertical-techno-ref-8008-00_1_1.jpg
1140632866	/c/r/crayons-de-couleurs-trino-boite-metal-de-12-pieces-techno-ref-5299-1_1.jpg
1140632866	/c/r/crayons-de-couleurs-trino-boite-metal-de-12-pieces-techno-ref-5299-2_1.jpg
1140632866	/c/r/crayons-de-couleur-trino-boite-metal-de-24-pcs-techno-ref-5778.jpg
1140632867	/c/r/crayons-de-couleurs-trino-pastel-boite-de-12-pieces-techno-ref-5845.jpg
1140632867	/c/r/crayons-de-couleurs-trino-pastel-boite-de-12-pieces-techno-ref-5845-1.jpg
1140632868	/c/r/crayons-de-couleurs-trino-mini-pastel-boite-12-pieces-techno-ref-5846.jpg
1140632868	/c/r/crayons-de-couleurs-trino-mini-pastel-boite-12-pieces-techno-ref-5846-1.jpg
1140632869	/c/r/crayons-de-couleurs-trino-bicolore-pastel-boite-12-24-pieces-techno-ref-5847.jpg
1140632869	/c/r/crayons-de-couleurs-trino-bicolore-pastel-boite-12-24-pieces-techno-ref-5847-1.jpg
1140632870	/c/r/crayons-de-couleurs-square-color-boite-de-12-pieces-techno-ref-5798.jpg
1140632870	/c/r/crayons-de-couleurs-square-color-boite-de-12-pieces-techno-ref-5798-1.jpg
1140632871	/c/r/crayons-de-couleurs-square-mini-color-boite-de-12-pieces-techno-ref-5799.jpg
1140632871	/c/r/crayons-de-couleurs-square-mini-color-boite-de-12-pieces-techno-ref-5799-1.jpg
1140632872	/c/r/crayons-de-couleurs-trino-bicolor-metal-fluo-6-12-pieces-techno-ref-5788.jpg
1140632872	/c/r/crayons-de-couleurs-trino-bicolor-metal-fluo-6-12-pieces-techno-ref-5788-1.jpg
1140632873	/c/r/crayons-de-couleurs-trino-bicolor-metal-fluo-12-24-pieces-techno-ref-5789.jpg
1140632873	/c/r/crayons-de-couleurs-trino-bicolor-metal-fluo-12-24-pieces-techno-ref-5789-1.jpg
1140632874	/c/r/crayon-noir-groovy-black-hb2-en-pot-48-pcs-techno-ref-5546..jpg
1140632876	/c/r/crayons-technique-noir-en-boite-de-06-n_-b-2b-3b-4b-5b-6b-techno-ref-5740.jpg
1140632877	/c/r/crayons-technique-noir-h-2h-3h-4h-5h-6h-boite-6-pieces-techno-ref-5741.jpg
1140632878	/c/r/crayons-technique-noir-en-boite-de-06-n_-b___6b-h___4h-hb-f-techno-ref-5742.jpg
1140632879	/c/r/crayons-technique-noir-en-boite-de-06-n_-h-2h-3h-4h-5h-6h-techno-ref-5743.jpg
1140632880	/c/r/crayons-technique-noir-boite-metallique-06-n_-2b-4b-6b-8b-hb-2h-techno-ref-5151.jpg
1140632881	/c/r/crayons-technique-noir-en-boite-de-24-crayons-b___9b-hb-f-h___9h-techno-ref-5729_1.jpg
1140632882	/c/r/crayons-technique-noir-boite-metallique-de-12-n_-b___9b-hb-f-h-techno-ref-5808_1.jpg
1140632883	/c/r/crayons-technique-noir-boite-metallique-24-crayons-b_9b-hb-f-h_9h-techno-ref-5809.jpg
1140632884	/s/t/stylo-encre-gel-blanc-1_0-mm-gelart-techno-ref-6250_1.jpg
1140632884	/s/t/stylo-encre-gel-blanc-1_0-mm-gelart-techno-ref-6250_2.jpg
1140632884	/l/o/logo-gelart-01_1.jpg
1140632885	/s/t/stylo-encre-gel-dore-1_0-mm-gelart-techno-ref-6251_1.jpg
1140632885	/s/t/stylo-encre-gel-dore-1_0-mm-gelart-techno-ref-6251_2.jpg
1140632885	/l/o/logo-gelart-01_4.jpg
1140632886	/s/t/stylo-encre-gel-argente-1_0-mm-gelart-techno-ref-6252_2.jpg
1140632886	/l/o/logo-gelart-01.jpg
1140632886	/s/t/stylo-encre-gel-argente-1_0-mm-gelart-techno-ref-6252_1.jpg
1140632887	/s/t/stylo-encre-gel-cuivre-1_0-mm-gelart-techno-ref-6253_1.jpg
1140632887	/s/t/stylo-encre-gel-cuivre-1_0-mm-gelart-techno-ref-6253_2.jpg
1140632887	/l/o/logo-gelart-01_3.jpg
1140632888	/s/t/stylo-encre-gel-bleu-1_0-mm-gelart-techno-ref-6254_1.jpg
1140632888	/s/t/stylo-encre-gel-bleu-1_0-mm-gelart-techno-ref-6254_2.jpg
1140632888	/l/o/logo-gelart-01_2.jpg
1140632889	/s/t/stylo-encre-gel-vert-1_0-mm-gelart-techno-ref-6255_1.jpg
1140632889	/s/t/stylo-encre-gel-vert-1_0-mm-gelart-techno-ref-6255_2.jpg
1140632890	/s/t/stylo-encre-gel-rose-1_0-mm-gelart-techno-ref-6256_1.jpg
1140632890	/s/t/stylo-encre-gel-rose-1_0-mm-gelart-techno-ref-6256_2.jpg
1140632891	/s/t/stylo-encre-gel-violet-1_0-mm-gelart-techno-ref-6257_1.jpg
1140632891	/s/t/stylo-encre-gel-violet-1_0-mm-gelart-techno-ref-6257_2.jpg
1140632891	/l/o/logo-gelart-01_7.jpg
1140632892	/s/t/stylo-encre-gel-blanc-0_7-mm-gelart-techno-ref-6258_1.jpg
1140632892	/s/t/stylo-encre-gel-blanc-0_7-mm-gelart-techno-ref-6258_1_1.jpg
1140632892	/s/t/stylo-encre-gel-0_7-mm-gelart-techno_2_2.jpg
1140632893	/s/t/stylo-encre-gel-dore-0_7-mm-gelart-techno-ref-6259.jpg
1140632893	/s/t/stylo-encre-gel-dore-0_7-mm-gelart-techno-ref-6259_1.jpg
1140632893	/s/t/stylo-encre-gel-0_7-mm-gelart-techno_2_4.jpg
1140632894	/s/t/stylo-encre-gel-argente-0_7-mm-gelart-techno-ref-6260.jpg
1140632894	/s/t/stylo-encre-gel-argente-0_7-mm-gelart-techno-ref-6260_1_1.jpg
1140632894	/s/t/stylo-encre-gel-0_7-mm-gelart-techno_2_1.jpg
1140632895	/s/t/stylo-encre-gel-cuivre-0_7-mm-gelart-techno-ref-6261.jpg
1140632895	/s/t/stylo-encre-gel-cuivre-0_7-mm-gelart-techno-ref-6261_1.jpg
1140632895	/s/t/stylo-encre-gel-0_7-mm-gelart-techno_2_3.jpg
1140632896	/s/t/stylo-encre-gel-1_0-mm-gelart-pochette-de-4-couleurs-techno-ref-6262.jpg
1140632897	/s/t/stylo-encre-gel-0_7-mm-gelart-pochette-de-4-couleurs-techno-ref-6263.jpg
1140632898	/p/o/porte-mines-clicmine-2_0-mm-techno-ref-5854_0.jpg
1140632898	/p/o/porte-mines-clicmine-2_0-mm-techno-ref-5854_1.jpg
1140632898	/p/o/porte-mines-clicmine-2_0-mm-techno-ref-5854_2.jpg
1140632898	/p/o/porte-mines-clicmine-2_0-mm-techno-ref-5854_3.jpg
1140632898	/p/o/porte-mines-clicmine-2_0-mm-techno-ref-5854_4.jpg
1140632899	/r/e/recharge-mines-2_0-mm-techno-ref-5855_0.jpg
1140632899	/r/e/recharge-mines-2_0-mm-techno-ref-5855_1.jpg
1140632901	/s/u/surligneur-fluorescent-nicety-pochette-de-4-couleurs-techno-ref-6404.jpg
1140632902	/s/u/surligneur-fluoresent-nicety-jaune-techno-ref-6405.jpg
1140632903	/s/u/surligneur-fluoresent-nicety-rose-techno-ref-6406.jpg
1140632904	/s/u/surligneur-fluoresent-nicety-orange-techno-ref-6407.jpg
1140632918	/s/u/surligneur-fluoresent-nicety-bleu-techno-ref-6408.jpg
1140632919	/s/u/surligneur-fluoresent-nicety-vert-techno-ref-6409.jpg
1140632920	/i/m/img_1218_1-removebg-..._imresizer_1_.jpg
1140632923	/s/u/surligneur-pastel-nicety-pochette-de-4-couleurs-techno-ref-6304.jpg
1140632930	/s/u/surligneur-pastel-nicety-jaune-techno-ref-6305.jpg
1140632931	/s/u/surligneur-pastel-nicety-rose-techno-ref-6306.jpg
1140632932	/s/u/surligneur-pastel-nicety-orange-techno-ref-6307.jpg
1140632933	/s/u/surligneur-pastel-nicety-vert-techno-ref-6309.jpg
1140632934	/s/u/surligneur-pastel-nicety-bleu-techno-ref-6308.jpg
1140632935	/s/u/surligneur-pastel-nicety-violet-techno-ref-6310.jpg
1140632954	/c/r/crayons-de-couleur-trino-long-boite-de-36-pieces-techno-ref-5770.jpg
1140632954	/c/r/crayons-de-couleur-trino-long-boite-de-36-pieces-techno-ref-5770-1.jpg
1140632955	/c/r/crayons-de-couleur-trino-long-boite-de-48-pieces-techno-ref-5771.jpg
1140632955	/c/r/crayons-de-couleur-trino-long-boite-de-48-pieces-techno-ref-5771-1.jpg
1140632956	/c/r/crayons-de-couleurs-trino-bicolores-boite-de-6-12pieces-techno-ref-5772-1.jpg
1140632956	/c/r/crayons-de-couleurs-trino-bicolores-boite-de-6-12pieces-techno-ref-5772.jpg
1140632957	/c/r/crayons-de-couleurs-trino-bicolores-boite-de-18-36pieces-techno-ref-5773.jpg
1140632957	/c/r/crayons-de-couleurs-trino-bicolores-boite-de-18-36pieces-techno-ref-5773-1.jpg
1140632958	/c/r/crayons-de-couleurs-trino-bicolores-boite-de-24-48pieces-techno-ref-5774.jpg
1140632958	/c/r/crayons-de-couleurs-trino-bicolores-boite-de-24-48pieces-techno-ref-5774-1.jpg
1140632959	/c/r/crayons-de-couleurs-trino-boite-metal-de-12-pieces-techno-ref-5299-1_2.jpg
1140632959	/c/r/crayons-de-couleurs-trino-boite-metal-de-12-pieces-techno-ref-5299-2_2.jpg
1140632959	/c/r/crayons-de-couleur-trino-boite-metal-de-36-pcs-techno-ref-5779.jpg
1140632960	/c/r/crayons-de-couleurs-trino-boite-metal-de-12-pieces-techno-ref-5299-1_3.jpg
1140632960	/c/r/crayons-de-couleurs-trino-boite-metal-de-12-pieces-techno-ref-5299-2_3.jpg
1140632960	/c/r/crayons-de-couleur-trino-boite-metal-de-48-pcs-techno-ref-5780.jpg
1140632961	/c/r/crayons-de-couleur-trino-mini-boite-ronde-de-12-pcs-techno-ref-5781.jpg
1140632962	/c/r/crayons-de-couleurs-trino-boite-ronde-de-18-pcs-techno-ref-5782.jpg
1140632963	/c/r/crayons-de-couleurs-trino-boite-ronde-de-24-pcs-techno-ref-5783-1.jpg
1140632964	/c/r/crayons-de-couleurs-trino-boite-ronde-de-36-pcs-techno-ref-5784.jpg
1140632965	/c/r/crayons-de-couleurs-trino-boite-ronde-de-48-pcs-techno-ref-5785.jpg
1140632967	/c/r/crayons-de-couleurs-artcolor-boite-metale-de-48-pieces-techno-ref-6025-techno-ref-6023.jpg
1140632968	/c/r/crayons-de-couleurs-artcolor-boite-metale-de-96-pieces-techno-ref-6025-techno-ref-6024.jpg
1140632969	/c/r/crayons-de-couleurs-artcolor-boite-metale-de-120-pieces-techno-ref-6025.jpg
1140632969	/c/r/crayons-de-couleurs-artcolor-boite-metale-de-120-pieces-techno-ref-6025_1.jpg
1140632975	/l/o/loupe_de_bureau_diam_50_mm_techno_ref_6205.jpg
1140632976	/l/o/loupe-de-bureau-diam-60-mm-techno-ref-6206.jpg
1140632977	/l/o/loupe_de_bureau_diam_75_mm_techno_ref_6207.jpg
1140632979	/l/o/loupe_de_bureau_diam_90_mm_techno_ref_6209.jpg
1140632981	/p/o/pochoir-en-pvc-a4-animeaux-et-insects-techno-ref-6446_4.jpg
1140632981	/p/o/pochoir-en-pvc-a4-animeaux-et-insects-techno-ref-6446_1.jpg
1140632981	/p/o/pochoir-en-pvc-a4-animeaux-et-insects-techno-ref-6446_2.jpg
1140632981	/p/o/pochoir-en-pvc-a4-animeaux-et-insects-techno-ref-6446_3.jpg
1140632982	/p/o/pochoir-en-pvc-a4-divers-techno-ref-6447_5.jpg
1140632982	/p/o/pochoir-en-pvc-a4-divers-techno-ref-6447_6.jpg
1140632982	/p/o/pochoir-en-pvc-a4-divers-techno-ref-6447_7.jpg
1140632982	/p/o/pochoir-en-pvc-a4-divers-techno-ref-6447_1.jpg
1140632982	/p/o/pochoir-en-pvc-a4-divers-techno-ref-6447.jpg
1140632982	/p/o/pochoir-en-pvc-a4-divers-techno-ref-6447_2.jpg
1140632982	/p/o/pochoir-en-pvc-a4-divers-techno-ref-6447_3.jpg
1140632982	/p/o/pochoir-en-pvc-a4-divers-techno-ref-6447_4.jpg
1140632983	/6/4/6448___11_imresizer.jpg
1140632984	/6/4/6449___8_imresizer.jpg
1140632984	/6/4/6449___7_imresizer.jpg
1140632984	/6/4/6449___6_imresizer.jpg
1140632984	/6/4/6449___4_imresizer.jpg
1140632984	/6/4/6449___3_imresizer.jpg
1140632984	/6/4/6449___2_imresizer.jpg
1140632984	/6/4/6449___1_imresizer.jpg
1140632984	/6/4/6449___5_imresizer.jpg
1140632985	/6/4/6450___8_imresizer.jpg
1140632985	/6/4/6450___6_imresizer.jpg
1140632985	/6/4/6450___3_imresizer.jpg
1140632985	/6/4/6450___2_imresizer.jpg
1140632985	/6/4/6450___1_imresizer.jpg
1140632986	/6/4/6451___6_imresizer.jpg
1140632986	/6/4/6451___5_imresizer.jpg
1140632986	/6/4/6451___4_imresizer.jpg
1140632986	/6/4/6451___3_imresizer.jpg
1140632986	/6/4/6451___2_imresizer.jpg
1140632986	/6/4/6451___1_imresizer.jpg
1140632993	/c/a/calculatrice-scientifique-417-fonctions-2_me-edition-casio-ref-fx-570esplus-2wd.jpg
1140632994	/c/a/calculatrice-scientifique-classwiz-274-fonctions-casio-ref-fx-82ex.jpg
1140632995	/c/a/calculatrice-scientifique-classwiz-542-fonctions-casio-ref-fx-570ex.jpg
1140632996	/c/a/calculatrice-graphique-python-casio-ref-graph-35-avec-e-ii.jpg
1140632997	/c/a/calculatrice-primaire-fx-junoir-plus-casio-ref-fxjunior-avec-.jpg
1140632999	/m/i/mini-agrafeuse-24-6-greenlogic-sous-blister-noir-maped-ref-353010-1.jpg
1140632999	/m/i/mini-agrafeuse-24-6-greenlogic-sous-blister-noir-maped-ref-353010-2.jpg
1140633000	/m/i/mini-agrafeuse-24-6-greenlogic-sous-blister-vert-maped-ref-353010-1.jpg
1140633000	/m/i/mini-agrafeuse-24-6-greenlogic-sous-blister-vert-maped-ref-353010-2.jpg
1140633001	/m/i/mini-agrafeuse-24-6-greenlogic-sous-blister-rose-maped-ref-353010.jpg
1140633001	/m/i/mini-agrafeuse-24-6-greenlogic-sous-blister-rose-maped-ref-353010-2.jpg
1140633002	/m/i/mini-agrafeuse-24-6-greenlogic-sous-blister-bleu-maped-ref-353010-2.jpg
1140633002	/m/i/mini-agrafeuse-24-6-greenlogic-sous-blister-bleu-maped-ref-353010-1.jpg
1140633003	/z/s/zszywacz-ergologic-m..._imresizer_1_.jpg
1140633004	/3/5/352110_pr_green_3x4_imresizer.jpg
1140633005	/3/5/352110_pr_pink_3x4_imresizer.jpg
1140633010	/p/o/porte-accessoires-bureau-3coloris-compact-office-bleu-maped-ref-575401-1.jpg
1140633011	/p/o/porte-accessoires-bureau-3coloris-compact-office-gris-maped-ref-575401-1.jpg
1140633012	/p/o/porte-accessoires-bureau-3coloris-compact-office-rouge-maped-ref-575401-2.jpg
1140633014	/p/o/porte-mines-auto-0_7mm-avec-etui-mines-sous-blister-rose-maped-ref-559911-1.jpg
1140633015	/p/o/porte-mines-auto-0_7mm-avec-etui-mines-sous-blister-vert-maped-ref-559911-1.jpg
1140633016	/p/o/porte-mines-auto-0_7mm-avec-etui-mines-sous-blister-bleu-maped-ref-559911-1.jpg
1140633018	/r/e/regle-study-plate-30-cm-bleu-maped-ref-245510-1.jpg
1140633019	/r/e/regle-study-plate-30-cm-rose-maped-ref-245510-1.jpg
1140633022	/s/t/stylo-a-bille-cap-visio-gaucher-blanc-maped-ref-224335.jpg
1140633023	/s/t/stylo-a-bille-cap-visio-gaucher-orange-maped-ref-224335.jpg
1140633024	/s/t/stylo-a-bille-cap-visio-gaucher-bleu-maped-ref-224335.jpg
1140633026	/s/t/stylo-a-plume-reload-premium-sous-blister-rouge-maped-ref-222720-2.jpg
1140633026	/s/t/stylo-a-plume-reload-premium-sous-blister-rouge-maped-ref-222720-1.jpg
1140633027	/s/t/stylo-a-plume-reload-premium-sous-blister-vert-maped-ref-222720-2.jpg
1140633027	/s/t/stylo-a-plume-reload-premium-sous-blister-vert-maped-ref-222720-1.jpg
1140633028	/s/t/stylo-roller-reload-premium-cap-med-x-1-avec-3-sous-blister-bleu-maped-ref-221220.jpg
1140633029	/s/t/stylo-roller-reload-premium-cap-med-x-1-avec-3-sous-blister-rose-maped-ref-221220-1.jpg
1140633030	/s/u/surligneur-1-jaune-avec-1-bleu-sous-blister-fluo-peps-maped-ref-742567.jpg
1140633031	/s/u/surligneur-1-jaune-avec-1-orange-sous-blister-fluo-peps-maped-ref-742567.jpg
1140633032	/s/u/surligneur-1-jaune-avec-1-vert-sous-blister-fluo-peps-maped-ref-742567.jpg
1140633033	/s/u/surligneur-1-jaune-avec-1-rose-sous-blister-fluo-peps-maped-ref-742567.jpg
1140633034	/t/a/taille-crayons-shaker-01-trou-sous-blister-rose-maped-ref-634753.jpg
1140633035	/t/a/taille-crayons-shaker-01-trou-sous-blister-bleu-maped-ref-634753.jpg
1140633036	/t/a/taille-crayons-shaker-01-trou-sous-blister-vert-maped-ref-634753.jpg
1140633040	/t/a/taille-crayons-boogy-2-trous-sous-blister-bleu-maped-ref-062210-1.jpg
1140633040	/t/a/taille-crayons-boogy-2-trous-sous-blister-bleu-maped-ref-062210-3.jpg
1140633040	/t/a/taille-crayons-boogy-2-trous-sous-blister-bleu-maped-ref-062210-2.jpg
1140633041	/t/a/taille-crayons-boogy-2-trous-sous-blister-vert-maped-ref-062210-2.jpg
1140633041	/t/a/taille-crayons-boogy-2-trous-sous-blister-vert-maped-ref-062210-3.jpg
1140633041	/t/a/taille-crayons-boogy-2-trous-sous-blister-vert-maped-ref-062210-1.jpg
1140633042	/t/a/taille-crayons-boogy-2-trous-sous-blister-rouge-maped-ref-062210-3.jpg
1140633042	/t/a/taille-crayons-boogy-2-trous-sous-blister-rouge-maped-ref-062210-2.jpg
1140633042	/t/a/taille-crayons-boogy-2-trous-sous-blister-rouge-maped-ref-062210-1.jpg
1140633043	/t/a/taille-crayons-clean-grip-de-01-trou-sous-blister-vert-maped-ref-014110.jpg
1140633044	/t/a/taille-crayons-clean-grip-de-01-trou-sous-blister-bleu-maped-ref-014110.jpg
1140633045	/t/a/taille-crayons-clean-grip-de-01-trou-sous-blister-violet-maped-ref-014110.jpg
1140633046	/t/a/taille-crayons-clean-grip-de-01-trou-sous-blister-orange-maped-ref-014110.jpg
1140633047	/t/a/taille-crayons-clean-grip-de-01-trou-sous-blister-turquoise-maped-ref-014110.jpg
1140633055	/t/a/taille-crayons-croc-croc-innovation-sous-blister-mauve-et-bleu-maped-ref-017610-1.jpg
1140633055	/t/a/taille-crayons-croc-croc-innovation-sous-blister-mauve-et-bleu-maped-ref-017610-2.jpg
1140633056	/t/a/taille-crayons-croc-croc-innovation-sous-blister-vert-et-bleu-maped-ref-017610-1.jpg
1140633059	/t/a/taille-crayons-01-trou-canette-sous-blister-punck-rock-maped-ref-634745-2.jpg
1140633059	/t/a/taille-crayons-01-trou-canette-sous-blister-punck-rock-maped-ref-634745-1.jpg
1140633061	/t/a/taille-crayons-01-trou-canette-sous-blister-paris-fashion-maped-ref-634745.jpg
1140633067	/f/i/file.png
1140633067	/f/i/file_1.png
1140633068	/t/a/taille-crayons_igloo_1trou_gaucher_sous_blister_vert_maped.png
1140633068	/g/w/gween.png
1140633069	/t/a/taille-crayons-igloo-1trou-gaucher-sous-blister-rose-maped-ref-032210.png
1140633069	/f/i/file_3.png
1140633070	/t/a/taille-crayons-elements-de-01-trou-sous-blister-rose-et-noir-maped-ref-001601.jpg
1140633070	/t/a/taille-crayons-elements-de-01-trou-sous-blister-rose-et-noir-maped-ref-001601-2.jpg
1140633071	/t/a/taille-crayons-elements-de-01-trou-sous-blister-bleu-et-noir-maped-ref-001601-1.jpg
1140633072	/t/a/taille-crayons-elements-de-01-trou-sous-blister-vert-et-noir-maped-ref-001601.jpg
1140633073	/t/a/taille-crayons-stop-signal-sous-blister-vert-maped-ref-004001-1.jpg
1140633073	/t/a/taille-crayons-stop-signal-sous-blister-vert-maped-ref-004001-2.jpg
1140633074	/t/a/taille-crayons-stop-signal-sous-blister-rouge-maped-ref-004001-1.jpg
1140633074	/t/a/taille-crayons-stop-signal-sous-blister-rouge-maped-ref-004001-2.jpg
1140633075	/t/a/taille-crayons-stop-signal-sous-blister-gris-maped-ref-004001-1.jpg
1140633075	/t/a/taille-crayons-stop-signal-sous-blister-gris-maped-ref-004001-2.jpg
1140633076	/t/a/taille-crayons-vertical-de-02-trous-sous-blister-bleu-maped-ref-060210-2.jpg
1140633076	/t/a/taille-crayons-vertical-de-02-trous-sous-blister-bleu-maped-ref-060210-1.jpg
1140633077	/t/a/taille-crayons-vertical-de-02-trous-sous-blister-vert-maped-ref-060210-2.jpg
1140633077	/t/a/taille-crayons-vertical-de-02-trous-sous-blister-vert-maped-ref-060210-1.jpg
1140633078	/t/a/taille-crayons-vertical-de-02-trous-sous-blister-rose-maped-ref-060210-2.jpg
1140633078	/t/a/taille-crayons-vertical-de-02-trous-sous-blister-rose-maped-ref-060210-1.jpg
1140633081	/t/r/trousse-tube-vide-cosmic-kids-rose-maped-ref-934800-2.jpg
1140633081	/t/r/trousse-tube-vide-cosmic-kids-rose-maped-ref-934800-1.jpg
1140633082	/t/r/trousse-tube-vide-cosmic-kids-bleu-maped-ref-934800-1.jpg
1140633083	/t/r/trousse-vide-plate-girl-mandala-vert-maped-ref-934726-2.jpg
1140633083	/t/r/trousse-vide-plate-girl-mandala-vert-maped-ref-934726-1.jpg
1140633084	/t/r/trousse-vide-plate-girl-mandala-rose-maped-ref-934726-2.jpg
1140633084	/t/r/trousse-vide-plate-girl-mandala-rose-maped-ref-934726-1.jpg
1140633085	/t/r/trousse-vide-plate-girl-mandala-rouge-maped-ref-934726-2.jpg
1140633085	/t/r/trousse-vide-plate-girl-mandala-rouge-maped-ref-934726-1.jpg
1140633086	/t/r/trousse-vide-tube-girl-mosaic-vert-maped-ref-934836-2.jpg
1140633086	/t/r/trousse-vide-tube-girl-mosaic-vert-maped-ref-934836.jpg
1140633087	/t/r/trousse-vide-tube-girl-mosaic-rose-maped-ref-934836-2.jpg
1140633087	/t/r/trousse-vide-tube-girl-mosaic-rose-maped-ref-934836-1.jpg
1140633088	/t/r/trousse-vide-tube-girl-mosaic-violet-maped-ref-934836-2.jpg
1140633088	/t/r/trousse-vide-tube-girl-mosaic-violet-maped-ref-934836-1.jpg
1140633089	/g/o/gomme-whizz-sous-blister-rose-maped-ref-114410-2.jpg
1140633090	/g/o/gomme-whizz-sous-blister-bleu-maped-ref-114410-2.jpg
1140633091	/s/a/sac-a-dos-rose-techno-ref-4562-3.jpg
1140633091	/s/a/sac-a-dos-rose-techno-ref-4562-2.jpg
1140633091	/s/a/sac-a-dos-rose-techno-ref-4562-1.jpg
1140633092	/s/a/sac-a-dos-violet-techno-ref-4562-1.jpg
1140633092	/s/a/sac-a-dos-violet-techno-ref-4562-3.jpg
1140633092	/s/a/sac-a-dos-violet-techno-ref-4562-2.jpg
1140633093	/s/a/sac-a-dos-avec-compart-laptop-tab-noir-techno-ref-4560-2.jpg
1140633093	/s/a/sac-a-dos-avec-compart-laptop-tab-noir-techno-ref-4560-1.jpg
1140633093	/s/a/sac-a-dos-avec-compart-laptop-tab-noir-techno-ref-4560-3.jpg
1140633094	/s/a/sac-a-dos-avec-compart-laptop-tab-gris-techno-ref-4560.jpg
1140633095	/s/a/sac-a-dos-avec-compart-laptop-tab-violet-techno-ref-4560.jpg
1140633096	/s/a/sac-a-dos-avec-compart-laptop-tab-rose-techno-ref-4560-1.jpg
1140633096	/s/a/sac-a-dos-avec-compart-laptop-tab-rose-techno-ref-4560-2.jpg
1140633097	/s/a/sac-a-dos-avec-compart-laptop-tab-bleu-techno-ref-4560.jpg
1140633097	/s/a/sac-a-dos-avec-compart-laptop-tab-bleu-techno-ref-4560-3.jpg
1140633097	/s/a/sac-a-dos-avec-compart-laptop-tab-bleu-techno-ref-4560-2.jpg
1140633098	/s/a/sac-a-dos_mini-noir-techno-ref-4593.jpg
1140633098	/s/a/sac-a-dos_mini-noir-techno-ref-4593-4.jpg
1140633098	/s/a/sac-a-dos_mini-noir-techno-ref-4593-3.jpg
1140633099	/s/a/sac-a-dos_mini-beige-techno-ref-4593-1.jpg
1140633099	/s/a/sac-a-dos_mini-beige-techno-ref-4593-2.jpg
1140633099	/s/a/sac-a-dos_mini-beige-techno-ref-4593-3.jpg
1140633100	/s/a/sac-a-dos_mini-noir-techno-ref-4592-1.jpg
1140633100	/s/a/sac-a-dos_mini-noir-techno-ref-4592-3.jpg
1140633100	/s/a/sac-a-dos_mini-noir-techno-ref-4592-2.jpg
1140633101	/s/a/sac-a-dos_mini-beige-techno-ref-4592-1.jpg
1140633101	/s/a/sac-a-dos_mini-beige-techno-ref-4592-3.jpg
1140633101	/s/a/sac-a-dos_mini-beige-techno-ref-4592-2.jpg
1140633102	/s/a/sac-a-dos-vert-bleu-techno-ref-4570-2.jpg
1140633102	/s/a/sac-a-dos-vert-bleu-techno-ref-4570.jpg
1140633103	/s/a/sac-a-dos-rose-techno-ref-4570-2.jpg
1140633103	/s/a/sac-a-dos-rose-techno-ref-4570.jpg
1140633103	/s/a/sac-a-dos-rose-techno-ref-4570-3.jpg
1140633104	/s/a/sac-a-dos-violet-techno-ref-4570-2.jpg
1140633104	/s/a/sac-a-dos-violet-techno-ref-4570.jpg
1140633104	/s/a/sac-a-dos-violet-techno-ref-4570-3.jpg
1140633105	/c/i/ciseaux-ecolier-asymetrique-en-plastique-bleu-techno-ref-9398.jpg
1140633106	/c/i/ciseaux-ecolier-asymetrique-en-plastique-rose-techno-ref-9398.jpg
1140633107	/c/i/ciseaux-ecolier-asymetrique-en-plastique-jaune-techno-ref-9398.jpg
1140633108	/c/i/ciseaux-ecolier-asymetrique-en-plastique-violet-techno-ref-9398.jpg
1140633109	/c/i/ciseaux-ecolier-symetrique-en-plastique-bleu-techno-ref-9397.jpg
1140633110	/c/i/ciseaux-ecolier-symetrique-en-plastique-rose-techno-ref-9397.jpg
1140633111	/c/i/ciseaux-ecolier-symetrique-en-plastique-jaune-techno-ref-9397.jpg
1140633112	/c/i/ciseaux-ecolier-symetrique-en-plastique-violet-techno-ref-9397_1.jpg
1140633113	/r/a/rapporteur-ecolier-flexible-violet-techno-ref-4535.jpg
1140633114	/r/a/rapporteur-ecolier-flexible-rose-techno-ref-4535.jpg
1140633115	/r/a/rapporteur-ecolier-flexible-jaune-techno-ref-4535_1.jpg
1140633116	/r/a/rapporteur-ecolier-flexible-bleu-techno-ref-4535.jpg
1140633117	/e/q/equerre-ecolier-flexible-violet-techno-ref-4534.jpg
1140633118	/e/q/equerre-ecolier-flexible-rose-techno-ref-4534_1.jpg
1140633119	/e/q/equerre-ecolier-flexible-jaune-techno-ref-4534_2.jpg
1140633120	/e/q/equerre-ecolier-flexible-bleu-techno-ref-4534.jpg
1140633129	/r/e/regle-30-cm-flexible-violet-techno-ref-4532.jpg
1140633130	/r/e/regle-30-cm-flexible-rose-techno-ref-4532_1.jpg
1140633131	/r/e/regle-30-cm-flexible-jaune-techno-ref-4532_1.jpg
1140633132	/r/e/regle-30-cm-flexible-bleu-techno-ref-4532.jpg
1140633133	/r/e/regle-flexible-20-cm-violel-techno-ref-45305.jpg
1140633134	/r/e/regle-flexible-20-cm-rose-techno-ref-4530.jpg
1140633135	/r/e/regle-flexible-20-cm-jaune-techno-ref-4530_1.jpg
1140633136	/r/e/regle-flexible-20-cm-bleu-techno-ref-4530.jpg
1140633143	/s/a/sac-a-dos-avec-compart-laptop-tablet-bleu-techno-ref-4433-7_1.jpg
1140633143	/s/a/sac-a-dos-avec-compart-laptop-tablet-bleu-techno-ref-4433-6.jpg
1140633143	/s/a/sac-a-dos-avec-compart-laptop-tablet-bleu-techno-ref-4433-5.jpg
1140633144	/s/a/sac-a-dos-avec-compart-laptop-tablet-gris-techno-ref-4433-12_1.jpg
1140633144	/s/a/sac-a-dos-avec-compart-laptop-tablet-gris-techno-ref-4433-3.jpg
1140633145	/s/a/sac-a-dos-avec-compart-laptop-tablet-rose-techno-ref-4432-2.jpg
1140633145	/s/a/sac-a-dos-avec-compart-laptop-tablet-rose-techno-ref-4432-1.jpg
1140633145	/s/a/sac-a-dos-avec-compart-laptop-tablet-rose-techno-ref-4432-3.jpg
1140633146	/s/a/sac-a-dos-avec-compart-laptop-tablet-violet-techno-ref-4432-2.jpg
1140633146	/s/a/sac-a-dos-avec-compart-laptop-tablet-violet-techno-ref-4432-1.jpg
1140633146	/s/a/sac-a-dos-avec-compart-laptop-tablet-violet-techno-ref-4432-3.jpg
1140633147	/s/a/sac-a-dos-avec-compart-laptop-tablet-marron-techno-ref-4432-2.jpg
1140633147	/s/a/sac-a-dos-avec-compart-laptop-tablet-marron-techno-ref-4432.jpg
1140633156	/c/o/colle-stick-8g-techno-ref-5870.png
1140633157	/c/o/colle-stick-15g-techno-ref-5871.png
1140633158	/c/o/colle-stick-21g-techno-ref-5872.png
1140633159	/c/o/colle-stick-36g-techno-ref-5873.png
1140633163	/c/o/colle-blanche-bouchon-applicateur-40ml-techno-ref-5877.png
1140633164	/c/o/colle-blanche-bouchon-applicateur-80ml-techno-ref-5878.png
1140633165	/c/o/colle-blanche-bouchon-applicateur-120ml-techno-ref-5879.png
1140633167	/c/o/colle-blanche-bouchon-applicateur-250ml-techno-ref-5881.png
1140633168	/p/a/pate-a-modeler-en-pot-18-couleurs-avec-8moules-rose-techno-ref-4343.jpg
1140633168	/p/a/pate-a-modeler-en-pot-18-couleurs-avec-8moules-rose-techno-ref-4343-2.jpg
1140633168	/p/a/pate-a-modeler-en-pot-18-couleurs-avec-8moules-rose-techno-ref-4343-1.jpg
1140633172	/p/a/pate-a-modeler-en-pot-12-couleurs-avec-2-moules-rose-techno-ref-4341_2.jpg
1140633176	/e/t/etiquettes-scolaires-adhesives-en-poly-bag-15-pcs-simple-techno-ref-9342.jpg
1140633176	/e/t/etiquettes-scolaires-adhesives-en-poly-bag-15-pcs-simple-techno-ref-9342-2.jpg
1140633177	/e/t/etiquettes-scolaires-adhesives-en-poly-bag-15-pcs-moyen-de-transport-techno-ref-9342.jpg
1140633177	/e/t/etiquettes-scolaires-adhesives-en-poly-bag-15-pcs-moyen-de-transport-techno-ref-9342-2.jpg
1140633178	/e/t/etiquettes-scolaires-adhesives-en-poly-bag-15-pcs-papillon-techno-ref-9342_1.jpg
1140633178	/e/t/etiquettes-scolaires-adhesives-en-poly-bag-15-pcs-papillon-techno-ref-9342-2_1.jpg
1140633179	/e/t/etiquettes-scolaires-adhesives-en-poly-bag-15-pcs-voiture-techno-ref-9342.jpg
1140633179	/e/t/etiquettes-scolaires-adhesives-en-poly-bag-15-pcs-voiture-techno-ref-9342-2.jpg
1140633180	/e/t/etiquettes-scolaires-adhesives-en-poly-bag-15-pcs-chevaux-techno-ref-9342.jpg
1140633180	/e/t/etiquettes-scolaires-adhesives-en-poly-bag-15-pcs-chevaux-techno-ref-9342-2.jpg
1140633181	/e/t/etiquettes-scolaires-adhesives-en-poly-bag-15-pcs-smile-techno-ref-9342.jpg
1140633181	/e/t/etiquettes-scolaires-adhesives-en-poly-bag-15-pcs-smile-techno-ref-9342-2.jpg
1140633182	/e/t/etiquettes-scolaires-adhesives-en-poly-bag-15-pcs-sport-techno-ref-9342.jpg
1140633182	/e/t/etiquettes-scolaires-adhesives-en-poly-bag-15-pcs-sport-techno-ref-9342-2.jpg
1140633183	/e/t/etiquettes-scolaires-adhesives-en-poly-bag-15-pcs-school-techno-ref-9342.jpg
1140633183	/e/t/etiquettes-scolaires-adhesives-en-poly-bag-15-pcs-school-techno-ref-9342-2.jpg
1140633184	/e/t/etiquettes-scolaires-adhesives-en-poly-bag-15-pcs-animaux-techno-ref-9342.jpg
1140633185	/a/r/ardoise-double-face-blanche-lettres-fran_ais-avec-brosse-et-marqueur-bleu-techno-ref-9265_1.jpg
1140633185	/a/r/ardoise-d-face-blanche-lettres-fran_ais-avec-brosse-et-marqueur-bleu-techno-ref-9265_3_1.jpg
1140633186	/a/r/ardoise-double-face-blanche-lettres-fran_ais-avec-brosse-et-marqueur-orange-techno-ref-9265.jpg
1140633187	/a/r/ardoise-double-face-blanche-lettres-fran_ais-avec-brosse-et-marqueur-vert-techno-ref-9265.jpg
1140633188	/a/r/ardoise-double-face-blanche-lettres-fran_ais-avec-brosse-et-marqueur-rose-techno-ref-9265.jpg
1140633189	/a/r/ardoise-double-face-blanche-lettres-fran_ais-avec-brosse-et-marqueur-violet-techno-ref-9265_1.jpg
1140633191	/a/r/ardoise-double-face-blanche-lettres-arabe-avec-brosse-et-marqueur-bleu-techno-ref-9264.jpg
1140633192	/a/r/ardoise-double-face-blanche-lettres-arabe-avec-brosse-et-marqueur-orange-techno-ref-9264.jpg
1140633193	/a/r/ardoise-double-face-blanche-lettres-arabe-avec-brosse-et-marqueur-vert-techno-ref-9264.jpg
1140633194	/a/r/ardoise-double-face-blanche-lettres-arabe-avec-brosse-et-marqueur-rose-techno-ref-9264.jpg
1140633195	/a/r/ardoise-double-face-blanche-lettres-arabe-avec-brosse-et-marqueur-violet-techno-ref-9264.jpg
1140633202	/c/i/ciseaux-ecolier-gradue-13cm-vert-techno-ref-3308.jpg
1140633203	/c/i/ciseaux-ecolier-gradue-13cm-rose-techno-ref-3308.jpg
1140633204	/c/i/ciseaux-ecolier-gradue-13cm-bleu-techno-ref-3308_1.jpg
1140633205	/c/i/ciseaux-ecolier-gradue-13cm-violet-techno-ref-3308.jpg
1140633206	/c/i/ciseaux-ecolier-12-cm-vert-techno-ref-3306.jpg
1140633207	/c/i/ciseaux-ecolier-12-cm-rose-techno-ref-3306.jpg
1140633208	/c/i/ciseaux-ecolier-12-cm-bleu-techno-ref-3306.jpg
1140633209	/c/i/ciseaux-ecolier-12-cm-violet-techno-ref-3306.jpg
1140633251	/g/o/gomme-ergo-fun-multicolore-x2-sous-blister-orange-et-vert-maped-ref-119710-2.jpg
1140633251	/g/o/gomme-ergo-fun-multicolore-x2-sous-blister-orange-et-vert-maped-ref-119710-1.jpg
1140633251	/g/o/gomme-ergo-fun-multicolore-x2-sous-blister-orange-et-vert-maped-ref-119710_1.jpg
1140633252	/g/o/gomme-ergo-fun-multicolore-x2-sous-blister-bleu-et-rose-maped-ref-119710-2.jpg
1140633252	/g/o/gomme-ergo-fun-multicolore-x2-sous-blister-bleu-et-rose-maped-ref-119710-1.jpg
1140633252	/g/o/gomme-ergo-fun-multicolore-x2-sous-blister-bleu-et-rose-maped-ref-119710_1.jpg
1140633277	/p/o/porte_revues_blanc_techno_ref_9689.jpg
1140633278	/p/o/porte_revues_bleu_techno_ref_9690.jpg
1140633279	/p/o/porte_revues_gris_techno_ref_9691.jpg
1140633280	/j/a/jaune_9692.jpg
1140633281	/p/o/porte_revues_noir_techno_ref_9693.jpg
1140633282	/p/o/porte_revues_transparent_techno_ref_9694.jpg
1140633283	/p/o/porte_revues_rouge_techno_ref_9695.jpg
1140633284	/p/o/porte_revues_vert_techno_ref_9696.jpg
1140633285	/p/o/porte_revues_bleu_pastel_techno_ref_9697.jpg
1140633286	/p/o/porte_revues_vert_pastel_techno_ref_9698.jpg
1140633287	/p/o/porte_revues_jaune_pastel_techno_ref_9699.jpg
1140633288	/p/o/porte_revues_crevette_pastel_techno_ref_9700.jpg
1140633289	/p/o/porte_revues_saumon_pastel_techno_ref_9701.jpg
1140633290	/p/o/porte_revues_violet_pastel_techno_ref_9702.jpg
1140633291	/p/o/porte_revues_vert_fluo_techno_ref_9703.jpg
1140633292	/p/o/porte_revues_violet_fluo_techno_ref_9704.jpg
1140633293	/p/o/porte_revues_orange_fluo_techno_ref_9705.jpg
1140633294	/p/a/papier_couche_blanc_a4_brillant_90g_50f_techno_ref_9575.jpg
1140633295	/p/a/papier_couche_blanc_a4_brillant_115g_50f_techno_ref_9564.jpg
1140633296	/p/a/papier_couche_blanc_a4_brillant_150g_50f_techno_ref_9565.jpg
1140633297	/p/a/papier_couche_blanc_a4_brillant_250g_50f_techno_ref_9566.jpg
1140633298	/p/a/papier_couche_blanc_a4_brillant_300g_50f_techno_ref_9567.jpg
1140633299	/p/a/papier_couche_blanc_a4_mat_300g_50f_techno_ref_9573.jpg
1140633317	/s/t/stylo-a-bille-next-1_0-mm-rose-techno-ref-5697.jpg
1140633318	/s/t/stylo-a-bille-next-1_0-mm-violet-techno-ref-5697.jpg
1140633319	/s/t/stylo-a-bille-next-1_0-mm-vert-pistache-techno-ref-5697.jpg
1140633320	/s/t/stylo-a-bille-next-1_0-mm-bleu-ceil-techno-ref-5697_1.jpg
1140633321	/s/t/stylo-a-bille-next-1_0-mm-orange-techno-ref-5697.jpg
1140633322	/s/t/stylo-a-bille-next-1_0-mm-marron-techno-ref-5697.jpg
1140633338	/s/t/stylo-correcteur-tete-en-metal-07-ml-corps-bleu-pastel-techno-ref-4650-2.jpg
1140633339	/s/t/stylo-correcteur-tete-en-metal-07-ml-corps-mauve-pastel-techno-ref-4650.jpg
1140633340	/s/t/stylo-correcteur-tete-en-metal-07-ml-corps-rose-pastel-techno-ref-4650-2.jpg
1140633341	/s/t/stylo-correcteur-tete-en-metal-07-ml-corps-orange-pastel-techno-ref-4650.jpg
1140633342	/s/t/stylo-correcteur-tete-en-metal-07-ml-corps-jaune-pastel-techno-ref-4650.jpg
1140633343	/s/t/stylo-correcteur-tete-en-metal-07-ml-corps-vert-pastel-techno-ref-4650.jpg
1140633345	/s/u/surligneur-bleu-pastel-mini-show-techno-ref-5654.jpg
1140633346	/s/u/surligneur-mauve-pastel-mini-show-techno-ref-5654.jpg
1140633347	/s/u/surligneur-rose-pastel-mini-show-techno-ref-5654.jpg
1140633348	/s/u/surligneur-orange-pastel-mini-show-techno-ref-5654.jpg
1140633349	/s/u/surligneur-jaune-pastel-mini-show-techno-ref-5654_1.jpg
1140633350	/s/u/surligneur-vert-pastel-mini-show-techno-ref-5654.jpg
1140633351	/s/u/surligneur-bleu-pastel-show-techno-ref-5653.jpg
1140633352	/s/u/surligneur-mauve-pastel-show-techno-ref-5653.jpg
1140633353	/s/u/surligneur-rose-pastel-show-techno-ref-5653.jpg
1140633354	/s/u/surligneur-orange-pastel-show-techno-ref-5653.jpg
1140633355	/s/u/surligneur-jaune-pastel-show-techno-ref-5653.jpg
1140633356	/s/u/surligneur-vert-pastel-show-techno-ref-5653.jpg
1140633357	/s/u/surligneur-rose-mini-show-techno-ref-5646.jpg
1140633358	/s/u/surligneur-bleu-mini-show-techno-ref-5646.jpg
1140633359	/s/u/surligneur-orange-mini-show-techno-ref-5646.jpg
1140633360	/s/u/surligneur-vert-mini-show-techno-ref-5646.jpg
1140633361	/s/u/surligneur-jaune-mini-show-techno-ref-5646.jpg
1140633362	/s/u/surligneur-rose-show-techno-ref-5645.jpg
1140633363	/s/u/surligneur-bleu-show-techno-ref-5645.jpg
1140633364	/s/u/surligneur-orange-show-techno-ref-5645.jpg
1140633365	/s/u/surligneur-vert-show-techno-ref-5645.jpg
1140633366	/s/u/surligneur-jaune-show-techno-ref-5645.jpg
1140633368	/s/t/stylo-encre-gel-expert-1_0mm-bleu-techno-ref-5711_4.jpg
1140633369	/s/t/stylo-encre-gel-expert-1_0mm-noir-techno-ref-5711.jpg
1140633371	/p/o/pot-a-crayons-rond-metallique-bleu-techno-ref-5168.jpg
1140633372	/p/o/pot-a-crayons-rond-metallique-violet-techno-ref-5168.jpg
1140633373	/p/o/pot-a-crayons-rond-metallique-rose-techno-ref-5168_1.jpg
1140633374	/p/o/pot-a-crayons-rond-metallique-vert-pistache-techno-ref-5168.jpg
1140633375	/s/t/stylo-fantaisie-pissenlit-corps-bleu-techno-ref-5361.jpg
1140633376	/s/t/stylo-fantaisie-pissenlit-corps-dore-techno-ref-5361.jpg
1140633377	/s/t/stylo-fantaisie-pissenlit-corps-violet-techno-ref-5361.jpg
1140633378	/s/t/stylo-fantaisie-pissenlit-corps-argente-techno-ref-5361.jpg
1140633379	/s/t/stylo-fantaisie-pissenlit-corps-rose-techno-ref-5361.jpg
1140633380	/s/t/stylo-fantaisie-plume-corps-rose-techno-ref-5360.jpg
1140633381	/s/t/stylo-fantaisie-plume-corps-violet-techno-ref-5360.jpg
1140633382	/s/t/stylo-fantaisie-plume-corps-rouge-techno-ref-5360.jpg
1140633383	/s/t/stylo-fantaisie-plume-corps-jaune-techno-ref-5360.jpg
1140633384	/s/t/stylo-fantaisie-ballon-corps-jauneetrouge-techno-ref-5359.jpg
1140633385	/s/t/stylo-fantaisie-ballon-corps-jauneetnoir-techno-ref-5359.jpg
1140633386	/s/t/stylo-fantaisie-ballon-corps-blancetnoir-techno-ref-5359.jpg
1140633387	/s/t/stylo-fantaisie-ballon-corps-jauneetvert-techno-ref-5359.jpg
1140633388	/s/t/stylo-fantaisie-plume-corps-rose-techno-ref-5358-1.jpg
1140633389	/s/t/stylo-fantaisie-plume-corps-rouge-techno-ref-5358.jpg
1140633390	/s/t/stylo-fantaisie-plume-corps-violet-techno-ref-5358.jpg
1140633391	/s/t/stylo-fantaisie-plume-corps-bleu-techno-ref-5358.jpg
1140633392	/s/t/stylo-fantaisie-papillon-corps-rouge-techno-ref-5357.jpg
1140633393	/s/t/stylo-fantaisie-papillon-corps-dore-techno-ref-5357.jpg
1140633394	/s/t/stylo-fantaisie-papillon-corps-violet-techno-ref-5357.jpg
1140633395	/s/t/stylo-fantaisie-papillon-corps-argente-techno-ref-5357.jpg
1140633396	/s/t/stylo-fantaisie-papillon-corps-rose-techno-ref-5357.jpg
1140633397	/s/t/stylo-fantaisie-visage-soulag_-techno-ref-5356.jpg
1140633398	/s/t/stylo-fantaisie-visage-tirant-la-longue-techno-ref-5356-1.jpg
1140633399	/s/t/stylo-fantaisie-visage-avec-lunette-de-soleil-techno-ref-5356.jpg
1140633400	/s/t/stylo-fantaisie-visage-souriant-techno-ref-5356.jpg
1140633401	/s/t/stylo-fantaisie-_toile-corps-rose-techno-ref-5355-2.jpg
1140633402	/s/t/stylo-fantaisie-_toile-corps-bleu-techno-ref-5355.jpg
1140633404	/s/t/stylo-fantaisie-_toile-corps-argente-techno-ref-5355.jpg
1140633405	/s/t/stylo-fantaisie-_toile-corps-rouge-techno-ref-5355.jpg
1140633406	/s/t/stylo-fantaisie-c_ur-corps-violet-techno-ref-5354.jpg
1140633407	/s/t/stylo-fantaisie-c_ur-corps-argente-techno-ref-5354.jpg
1140633408	/s/t/stylo-fantaisie-c_ur-corps-doree-techno-ref-5354.jpg
1140633409	/s/t/stylo-fantaisie-c_ur-corps-rouge-techno-ref-5354.jpg
1140633410	/s/t/stylo-fantaisie-papillon-paillet_-rose-techno-ref-5353.jpg
1140633411	/s/t/stylo-fantaisie-papillon-paillet_-violet-techno-ref-5353.jpg
1140633412	/s/t/stylo-fantaisie-papillon-paillet_-doree-techno-ref-5353.jpg
1140633413	/s/t/stylo-fantaisie-papillon-paillet_-argente-techno-ref-5353.jpg
1140633414	/s/t/stylo-fantaisie-papillon-paillet_-rouge-techno-ref-5353.jpg
1140633415	/s/t/stylo-fantaisie-fleur-rose-techno-ref-5352.jpg
1140633416	/s/t/stylo-fantaisie-fleur-rouge-techno-ref-5352.jpg
1140633417	/c/r/crayon-noir-groovy-hb_2-corps-rose-techno-ref-5322.jpg
1140633418	/c/r/crayon-noir-groovy-hb_2-corps-vert-techno-ref-5322.jpg
1140633419	/c/r/crayon-noir-groovy-hb_2-corps-orange-techno-ref-5322.jpg
1140633420	/c/r/crayon-noir-groovy-hb_2-corps-violet-techno-ref-5322.jpg
1140633421	/c/r/crayon-noir-groovy-hb_2-corps-bleu-techno-ref-5322.jpg
1140633422	/c/r/crayon-noir-groovy-hb_2-corps-jaune-techno-ref-5322.jpg
1140633428	/c/r/crayon-noir-hb_2-triplas-corps-rose-techno-ref-5369.jpg
1140633429	/c/r/crayon-noir-hb_2-triplas-corps-bleu-techno-ref-5369.jpg
1140633430	/c/r/crayon-noir-hb_2-triplas-corps-jaune-techno-ref-5369.jpg
1140633431	/c/r/crayon-noir-hb_2-triplas-corps-orange-techno-ref-5369.jpg
1140633432	/c/r/crayon-noir-hb_2-triplas-corps-vert-techno-ref-5369.jpg
1140633433	/c/r/crayon-noir-hb_2-triplas-corps-violet-techno-ref-5369.jpg
1140633443	/s/a/sac-a-dos-vert-techno-ref-4568-3.jpg
1140633443	/s/a/sac-a-dos-vert-techno-ref-4568-2.jpg
1140633443	/s/a/sac-a-dos-vert-techno-ref-4568-1.jpg
1140633444	/s/a/sac-a-dos-violet-techno-ref-4568-2.jpg
1140633444	/s/a/sac-a-dos-violet-techno-ref-4568.jpg
1140633444	/s/a/sac-a-dos-violet-techno-ref-4568-3.jpg
1140633543	/c/r/crayons-de-couleurs-wow-effa_able-boite-ronde-12-pieces-techno-ref-5803.jpg
1140633544	/c/r/crayons-de-couleurs-wow-effa_able-boite-ronde-18-pieces-techno-ref-5804.jpg
1140633545	/c/r/crayons-de-couleurs-wow-effa_able-boite-ronde-24-pieces-techno-ref-5805.jpg
1140633546	/c/r/crayons-de-couleurs-wow-effa_able-boite-ronde-36-pieces-techno-ref-5806.jpg
1140633547	/c/r/crayons-de-couleurs-wow-effa_able-boite-ronde-48-pieces-techno-ref-5807.jpg
1140633548	/c/r/crayons-de-couleurs-de-06-pcs-effacable-wow-techno-ref-5800.jpg
1140633549	/c/r/crayons-de-couleurs-de-18-pcs-effacable-wow-techno-ref-5801.jpg
1140633550	/c/r/crayons-de-couleurs-de-24-pcs-effacable-wow-techno-ref-5802.jpg
1140633551	/c/r/crayons-de-couleurs-de-36-pcs-effacable-wow-techno-ref-5848.jpg
1140633552	/c/r/crayons-de-couleurs-de-48-pcs-effacable-wow-techno-ref-5849.jpg
1140633555	/s/t/stylo-roller-rolly-bleu-techno-ref-5735_0.jpg
1140633556	/s/t/stylo-roller-rolly-noir-techno-ref-5736_0.jpg
1140633557	/s/t/stylo-roller-rolly-vert-techno-ref-5737_0.jpg
1140633558	/s/t/stylo-roller-rolly-rouge-techno-ref-5738_0.jpg
1140633560	/c/i/ciseaux-ecolier-13cm-tatoo-sous-blister-viking-maped-ref-580020.jpg
1140633561	/c/i/ciseaux-ecolier-13cm-tatoo-sous-blister-pirates-maped-ref-580020.jpg
1140633562	/p/o/pot-a-crayons-2-compartiments-de-rangement-rouge-maped-ref-875451.jpg
1140633563	/p/o/pot-a-crayons-2-compartiments-de-rangement-bleu-maped-ref-875451.jpg
1140633564	/p/o/pot-a-crayons-2-compartiments-de-rangement-gris-maped-ref-875451.jpg
1140633565	/s/t/stylo-encre-gel-retractable-slidy-bleu-techno-ref-5840.jpg
1140633566	/s/t/stylo-encre-gel-retractable-slidy-noir-techno-ref-5841.jpg
1140633567	/s/t/stylo-encre-gel-retractable-slidy-vert-techno-ref-5842.jpg
1140633568	/s/t/stylo-encre-gel-retractable-slidy-rouge-techno-ref-5843.jpg
1140633570	/t/a/tablier-pour-femme-enseignante-sans-manche-blanc-techno-ref-9724-25-26-27-28-29-30-32_9.png
1140633571	/t/a/tablier-pour-femme-enseignante-sans-manche-blanc-techno-ref-9724-25-26-27-28-29-30-32_8.png
1140633572	/t/a/tablier-pour-femme-enseignante-sans-manche-blanc-techno-ref-9724-25-26-27-28-29-30-32_7.png
1140633573	/t/a/tablier-pour-femme-enseignante-sans-manche-blanc-techno-ref-9724-25-26-27-28-29-30-32_6.png
1140633574	/t/a/tablier-pour-femme-enseignante-sans-manche-blanc-techno-ref-9724-25-26-27-28-29-30-32_5.png
1140633575	/t/a/tablier-pour-femme-enseignante-sans-manche-blanc-techno-ref-9724-25-26-27-28-29-30-32_4.png
1140633576	/t/a/tablier-pour-femme-enseignante-sans-manche-blanc-techno-ref-9724-25-26-27-28-29-30-32_3.png
1140633577	/t/a/tablier-pour-femme-enseignante-sans-manche-blanc-techno-ref-9724-25-26-27-28-29-30-32_2.png
1140633578	/t/a/tablier-pour-femme-enseignante-sans-manche-blanc-techno-ref-9724-25-26-27-28-29-30-32_1.png
1140633579	/t/a/tablier-pour-femme-enseignante-avec-manche-blanc-techno-_6.png
1140633580	/t/a/tablier-pour-femme-enseignante-avec-manche-blanc-techno-_5.png
1140633581	/t/a/tablier-pour-femme-enseignante-avec-manche-blanc-techno-_4.png
1140633582	/t/a/tablier-pour-femme-enseignante-avec-manche-blanc-techno-_3.png
1140633583	/t/a/tablier-pour-femme-enseignante-avec-manche-blanc-techno-_2.png
1140633584	/t/a/tablier-pour-femme-enseignante-avec-manche-blanc-techno-_1.png
1140633585	/t/a/tablier-pour-femme-enseignante-avec-manche-taille--48-blanc-techno-ref-9739.png
1140633586	/t/a/tablier-pour-femme-enseignante-avec-manche-taille--50-blanc-techno-ref-9740.png
1140633587	/t/a/tatablier-pour-femme-enseignante-avec-manche-taille--52-blanc-techno-ref-9741.png
1140633596	/s/t/stylo-a-bille-swing-1_0-mm-couleur-marron-fluo-techno-.jpg
1140633600	/p/i/pistolet-de-colle-20-w-avec-switch-on-off-techno-ref-5923-cyan.jpg
1140633600	/p/i/pistolet-de-colle-20-w-avec-switch-on-off-techno-ref-5923-noir.jpg
1140633600	/p/i/pistolet-de-colle-20-w-avec-switch-on-off-techno-ref-5923-rose.jpg
1140633600	/p/i/pistolet-de-colle-20-w-avec-switch-on-off-techno-ref-5923-vert.jpg
1140633601	/p/i/pistolet-de-colle-40-w-avec-switch-on-off-techno-ref-5924-bleu.jpg
1140633601	/p/i/pistolet-de-colle-40-w-avec-switch-on-off-techno-ref-5924-noir.jpg
1140633602	/p/i/pistolet-de-colle-60-w-avec-switch-on-off-techno-ref-5925-bleu.jpg
1140633602	/p/i/pistolet-de-colle-60-w-avec-switch-on-off-techno-ref-5925-noir.jpg
1140633605	/s/t/stylo-a-bille-swing-1_0-mm-couleur-violet-fluo-techno-.jpg
1140633606	/s/t/stylo-a-bille-swing-1_0-mm-couleur-rose-fluo-techno-.jpg
1140633607	/s/t/stylo-a-bille-swing-1_0-mm-couleur-vert-pistache-fluo-techno-.jpg
1140633608	/s/t/stylo-a-bille-swing-1_0-mm-couleur-orange-fluo-techno-.jpg
1140633609	/s/t/stylo-a-bille-swing-1_0-mm-couleur-bleu-ciel-fluo-techno-.jpg
1140633612	/4/6/4600_13_imresizer.jpg
1140633613	/4/6/4600_11_imresizer.jpg
1140633614	/s/t/stylo-correcteur-t_te-en-metal-07-ml-cops-rose-techno-ref-4669.jpg
1140633620	/s/t/stylo-correcteur-t_te-en-metal-07-ml-cops-violet-techno-ref-4669.jpg
1140633621	/s/t/stylo-correcteur-t_te-en-metal-07-ml-cops-vert-techno-ref-4669.jpg
1140633622	/s/t/stylo-correcteur-t_te-en-metal-07-ml-cops-bleu-techno-ref-4669.jpg
1140633628	/m/i/mini-stylo-roller-pen-rolino-corps-noir-et-orange-techno-ref-4536.jpg
1140633628	/m/i/mini-stylo-roller-pen-rolino-corps-noir-et-orange-techno-ref-4536-1.jpg
1140633629	/m/i/mini-stylo-roller-pen-rolino-corps-blanc-et-bleu-techno-ref-4536.jpg
1140633629	/m/i/mini-stylo-roller-pen-rolino-corps-blanc-et-bleu-techno-ref-4536-1.jpg
1140633630	/m/i/mini-stylo-roller-pen-rolino-corps-jaune-et-violet-techno-ref-4536.jpg
1140633630	/m/i/mini-stylo-roller-pen-rolino-corps-jaune-et-violet-techno-ref-4536-1.jpg
1140633631	/m/i/mini-stylo-roller-pen-rolino-corps-vert-et-bleu-techno-ref-4536.jpg
1140633631	/m/i/mini-stylo-roller-pen-rolino-corps-vert-et-bleu-techno-ref-4536-1.jpg
1140633632	/m/i/mini-stylo-roller-pen-rolino-corps-violet-et-rose-techno-ref-4536.jpg
1140633632	/m/i/mini-stylo-roller-pen-rolino-corps-violet-et-rose-techno-ref-4536-1.jpg
1140633633	/m/i/mini-stylo-roller-pen-rolino-corps-rose-clair-et-rose-fonce-techno-ref-4536.jpg
1140633633	/m/i/mini-stylo-roller-pen-rolino-corps-rose-clair-et-rose-fonce-techno-ref-4536-1.jpg
1140633634	/a/q/aquarelle-ecolier-12-pastilles-23mm-avec-pinceau-vert-techno-ref-4406.jpg
1140633635	/a/q/aquarelle-ecolier-12-pastilles-23mm-avec-pinceau-violet-techno-ref-4406.jpg
1140633636	/a/q/aquarelle-ecolier-12-pastilles-23mm-avec-pinceau-rose-techno-ref-4406.jpg
1140633637	/a/q/aquarelle-ecolier-12-pastilles-23mm-avec-pinceau-bleu-techno-ref-4406.jpg
1140633638	/a/q/aquarelle-ecolier-08-pastilles-28mm-avec-pinceau-vert-techno-ref-4405_1.jpg
1140633639	/a/q/aquarelle-ecolier-08-pastilles-28mm-avec-pinceau-violet-techno-ref-4405_1.jpg
1140633640	/a/q/aquarelle-ecolier-08-pastilles-28mm-avec-pinceau-rose-techno-ref-4405_1_1.jpg
1140633641	/a/q/aquarelle-ecolier-08-pastilles-28mm-avec-pinceau-bleu-techno-ref-4405_1.jpg
1140633648	/c/r/craie-couleur-de-10-pieces-motif-loney-tunes-techno-ref-4349.jpg
1140633648	/c/r/craie-couleur-de-10-pieces-motif-loney-tunes-techno-ref-4349-1.jpg
1140633648	/c/r/craie-couleur-de-10-pieces-motif-loney-tunes-techno-ref-4349-2.jpg
1140633649	/c/r/craie-couleur-de-10-pieces-motif-batman-techno-ref-4349-1.jpg
1140633649	/c/r/craie-couleur-de-10-pieces-motif-batman-techno-ref-4349.jpg
1140633649	/c/r/craie-couleur-de-10-pieces-motif-batman-techno-ref-4349-2.jpg
1140633650	/c/r/craie-couleur-de-10-pieces-motif-super-hero-girls-techno-ref-4349.jpg
1140633650	/c/r/craie-couleur-de-10-pieces-motif-super-hero-girls-techno-ref-4349-1.jpg
1140633650	/c/r/craie-couleur-de-10-pieces-motif-super-hero-girls-techno-ref-4349-2.jpg
1140633651	/c/r/craie-couleur-de-10-pieces-motif-tom-et-jerry-techno-ref-4349.jpg
1140633651	/c/r/craie-couleur-de-10-pieces-motif-tom-et-jerry-techno-ref-4349-1.jpg
1140633652	/c/r/craie-couleur-de-10-pieces-motif-minions-techno-ref-4349.jpg
1140633652	/c/r/craie-couleur-de-10-pieces-motif-minions-techno-ref-4349-1.jpg
1140633653	/c/r/craie-couleur-de-10-pieces-motif-trolls-techno-ref-4349-1.jpg
1140633653	/c/r/craie-couleur-de-10-pieces-motif-trolls-techno-ref-4349.jpg
1140633653	/c/r/craie-couleur-de-10-pieces-motif-trolls-techno-ref-4349-2.jpg
1140633663	/c/r/craie-blanche-de-10-pieces-motif-loney-tunes-techno-ref-4348.jpg
1140633663	/c/r/craie-blanche-de-10-pieces-motif-loney-tunes-techno-ref-4348-1.jpg
1140633664	/c/r/craie-blanche-de-10-pieces-motif-batman-techno-ref-4348.jpg
1140633664	/c/r/craie-blanche-de-10-pieces-motif-batman-techno-ref-4348-1.jpg
1140633664	/c/r/craie-blanche-de-10-pieces-motif-batman-techno-ref-4348-2.jpg
1140633665	/c/r/craie-blanche-de-10-pieces-motif-super-hero-girls-techno-ref-4348.jpg
1140633665	/c/r/craie-blanche-de-10-pieces-motif-super-hero-girls-techno-ref-4348-1.jpg
1140633665	/c/r/craie-blanche-de-10-pieces-motif-super-hero-girls-techno-ref-4348-2.jpg
1140633666	/c/r/craie-blanche-de-10-pieces-motif-tom-et-jerry-techno-ref-4348_1.jpg
1140633666	/c/r/craie-blanche-de-10-pieces-motif-tom-et-jerry-techno-ref-4348-1.jpg
1140633666	/c/r/craie-blanche-de-10-pieces-motif-tom-et-jerry-techno-ref-4348-2.jpg
1140633667	/c/r/craie-blanche-de-10-pieces-motif-minions-techno-ref-4348.jpg
1140633667	/c/r/craie-blanche-de-10-pieces-motif-minions-techno-ref-4348-1.jpg
1140633667	/c/r/craie-blanche-de-10-pieces-motif-minions-techno-ref-4348-2.jpg
1140633668	/c/r/craie-blanche-de-10-pieces-motif-trolls-techno-ref-4348.jpg
1140633668	/c/r/craie-blanche-de-10-pieces-motif-trolls-techno-ref-4348-1.jpg
1140633668	/c/r/craie-blanche-de-10-pieces-motif-trolls-techno-ref-4348-2.jpg
1140633669	/e/f/effaceur-dencre-a-plume-avec-reecriveur-corps-rose-techno-ref-1471.jpg
1140633670	/e/f/effaceur-dencre-a-plume-avec-reecriveur-corps-orange-techno-ref-1471.jpg
1140633671	/e/f/effaceur-dencre-a-plume-avec-reecriveur-corps-vert-techno-ref-1471.jpg
1140633671	/e/f/effaceur-dencre-a-plume-avec-reecriveur-techno-ref-1471-0.jpg
1140633671	/e/f/effaceur-dencre-a-plume-avec-reecriveur-corps-jaune-techno-ref-1471.jpg
1140633672	/e/f/effaceur-dencre-a-plume-avec-reecriveur-corps-vert-techno-ref-1471_1.jpg
1140633673	/e/f/effaceur-dencre-a-plume-avec-reecriveur-corps-bleu-techno-ref-1471.jpg
1140633732	/b/o/boite-a-mouchoir-en-bois-26x14x7cm-techno-ref-6311.jpg
1140633732	/b/o/boite-a-mouchoir-en-bois-26x14x7cm-techno-ref-6311_1.jpg
1140633733	/j/e/jeu-de-4-boites-en-bois-a-decorer-techno-ref-6312_1.jpg
1140633733	/j/e/jeu-de-4-boites-en-bois-a-decorer-techno-ref-6312_2.jpg
1140633733	/j/e/jeu-de-4-boites-en-bois-a-decorer-techno-ref-6312_3.jpg
1140633734	/b/o/boite-en-bois-a-decorer-18x14x9-cm-techno-ref-6313_1.jpg
1140633734	/b/o/boite-en-bois-a-decorer-18x14x9-cm-techno-ref-6313_2.jpg
1140633734	/b/o/boite-en-bois-a-decorer-18x14x9-cm-techno-ref-6313_3_1.jpg
1140633735	/j/e/jeu-de-3-boites-rectangulaires-en-bois-simple-a-decorer-techno-ref-6314_1.jpg
1140633735	/j/e/jeu-de-3-boites-rectangulaires-en-bois-simple-a-decorer-techno-ref-6314_2.jpg
1140633735	/j/e/jeu-de-3-boites-rectangulaires-en-bois-simple-a-decorer-techno-ref-6314_3.jpg
1140633736	/b/o/boite-en-bois-rectangulaire-13_5x8_5x6-cm-techno-ref-6315.jpg
1140633736	/b/o/boite-en-bois-rectangulaire-13_5x8_5x6-cm-techno-ref-6315_2.jpg
1140633737	/j/e/jeu-de-3-boites-rectangulaires-en-bois-a-decorer-techno-ref-6316_1.jpg
1140633737	/j/e/jeu-de-3-boites-rectangulaires-en-bois-a-decorer-techno-ref-6316_2.jpg
1140633737	/j/e/jeu-de-3-boites-rectangulaires-en-bois-a-decorer-techno-ref-6316_3.jpg
1140633738	/b/o/boite-en-bois-avec-un-tiroir-12_5x9_5x10-cm-techno-ref-6317_1.jpg
1140633738	/b/o/boite-en-bois-avec-un-tiroir-12_5x9_5x10-cm-techno-ref-6317_2.jpg
1140633738	/b/o/boite-en-bois-avec-un-tiroir-12_5x9_5x10-cm-techno-ref-6317_3.jpg
1140633738	/b/o/boite-en-bois-avec-un-tiroir-12_5x9_5x10-cm-techno-ref-6317_4.jpg
1140633739	/b/o/boite-en-bois-ovale-13x10x8cm-techno-ref-6318_1.jpg
1140633739	/b/o/boite-en-bois-ovale-13x10x8cm-techno-ref-6318_2.jpg
1140633739	/b/o/boite-en-bois-ovale-13x10x8cm-techno-ref-6318_3.jpg
1140633740	/b/o/boite-en-bois-avec-poignee-12x7x12_5cm-techno-ref-6319_1.jpg
1140633740	/b/o/boite-en-bois-avec-poignee-12x7x12_5cm-techno-ref-6319_2.jpg
1140633740	/b/o/boite-en-bois-avec-poignee-12x7x12_5cm-techno-ref-6319_3.jpg
1140633741	/b/o/boite-en-bois-rectangulaire-13x8x7_5-cm-techno-ref-6320_1.jpg
1140633741	/b/o/boite-en-bois-rectangulaire-13x8x7_5-cm-techno-ref-6320_2.jpg
1140633741	/b/o/boite-en-bois-rectangulaire-13x8x7_5-cm-techno-ref-6320_3.jpg
1140633742	/b/o/boite-en-bois-avec-poignee-12x7x10_5-cm-techno-ref-6321_1.jpg
1140633742	/b/o/boite-en-bois-avec-poignee-12x7x10_5-cm-techno-ref-6321_2.jpg
1140633742	/b/o/boite-en-bois-avec-poignee-12x7x10_5-cm-techno-ref-6321_3.jpg
1140633743	/j/e/jeu-de-2-boites-rectangulaires-en-bois-a-decorer-techno-ref-6322_1.jpg
1140633743	/j/e/jeu-de-2-boites-rectangulaires-en-bois-a-decorer-techno-ref-6322_2.jpg
1140633743	/j/e/jeu-de-2-boites-rectangulaires-en-bois-a-decorer-techno-ref-6322_3.jpg
1140633743	/j/e/jeu-de-2-boites-rectangulaires-en-bois-a-decorer-techno-ref-6322_4.jpg
1140633744	/j/e/jeu-de-2-boites-a-bijoux-en-bois-a-decorer-techno-ref-6323_1.jpg
1140633744	/j/e/jeu-de-2-boites-a-bijoux-en-bois-a-decorer-techno-ref-6323_2.jpg
1140633744	/j/e/jeu-de-2-boites-a-bijoux-en-bois-a-decorer-techno-ref-6323_3.jpg
1140633745	/j/e/jeu-de-3-boites-hexagonales-a-decorer-techno-ref-6324.jpg
1140633745	/j/e/jeu-de-3-boites-hexagonales-a-decorer-techno-ref-6324_1.jpg
1140633746	/j/e/jeu-de-4-boites-forme-coeur-a-decorer-techno-ref-6325_1.jpg
1140633746	/j/e/jeu-de-4-boites-forme-coeur-a-decorer-techno-ref-6325_2.jpg
1140633746	/j/e/jeu-de-4-boites-forme-coeur-a-decorer-techno-ref-6325_3.jpg
1140633747	/b/o/boite-en-bois-forme-c_ur-12_5x11x6_5cm-techno-ref-6326_1.jpg
1140633747	/b/o/boite-en-bois-forme-c_ur-12_5x11x6_5cm-techno-ref-6326_2.jpg
1140633747	/b/o/boite-en-bois-forme-c_ur-12_5x11x6_5cm-techno-ref-6326_3.jpg
1140633747	/b/o/boite-en-bois-forme-c_ur-12_5x11x6_5cm-techno-ref-6326_4.jpg
1140633752	/m/o/mousse-adhesive-coeur-rouge-techno-4614.jpg
1140633753	/m/o/mousse-adhesive-coeur-jaune-techno-4614.jpg
1140633754	/m/o/mousse-adhesive-coeur-argente-techno-4614.jpg
1140633755	/m/o/mousse-adhesive-coeur-vert-techno-4614.jpg
1140633756	/m/o/mousse-adhesive-coeur-mauve-techno-4614.jpg
1140633757	/m/o/mousse-adhesive-coeur-bleu-techno-4614.jpg
1140633766	/b/o/boite-en-bois-hexagonale-13x13x8cm-a-decorer-techno-ref-6327_1.jpg
1140633766	/b/o/boite-en-bois-hexagonale-13x13x8cm-a-decorer-techno-ref-6327_2.jpg
1140633766	/b/o/boite-en-bois-hexagonale-13x13x8cm-a-decorer-techno-ref-6327_3.jpg
1140633767	/b/o/boite-en-bois-ronde-a-decorer-13x13x4_5cm-techno-ref-6328.jpg
1140633767	/b/o/boite-en-bois-ronde-a-decorer-13x13x4_5cm-techno-ref-6328_1.jpg
1140633768	/m/a/maison-doiseau-en-bois-15_5x11x15-cm-techno-ref-6329.jpg
1140633768	/m/a/maison-doiseau-en-bois-15_5x11x15-cm-techno-ref-6329_1.jpg
1140633769	/m/a/maison-doiseau-en-bois-14x11x16-cm-techno-ref-6330.jpg
1140633769	/m/a/maison-doiseau-en-bois-14x11x16-cm-techno-ref-6330_1.jpg
1140633770	/m/a/maison-doiseau-en-bois-pm-techno-ref-6331.jpg
1140633770	/m/a/maison-doiseau-en-bois-pm-techno-ref-6331_1.jpg
1140633771	/m/a/maison-doiseau-en-bois-8x8x13_5-cm-techno-ref-6332.jpg
1140633771	/m/a/maison-doiseau-en-bois-8x8x13_5-cm-techno-ref-6332_1.jpg
1140633772	/c/a/cadre-photo-forme-fleur-13_5-x-18_5-x-1cm-en-bois-techno-ref-6333.jpg
1140633772	/c/a/cadre-photo-forme-fleur-13_5-x-18_5-x-1cm-en-bois-techno-ref-6333_1.jpg
1140633773	/c/a/cadre-photo-forme-fleur-petale-13_5x18_5x1cm-en-bois-techno-ref-6334.png
1140633773	/c/a/cadre-photo-forme-fleur-petale-13_5x18_5x1cm-en-bois-techno-ref-6334_1.jpg
1140633774	/c/a/cadre-photo-en-bois-forme-fleur-techno-ref-6335.jpg
1140633774	/c/a/cadre-photo-en-bois-forme-fleur-techno-ref-6335_1.jpg
1140633775	/c/a/cadre-photo-en-bois-techno-ref-6336.jpg
1140633775	/c/a/cadre-photo-en-bois-techno-ref-6336_1.jpg
1140633776	/c/a/cadre-photo-en-bois-techno-ref-6337.jpg
1140633776	/c/a/cadre-photo-en-bois-techno-ref-6337_1.jpg
1140633777	/b/o/boite-en-bois-techno-ref-6338_1.jpg
1140633777	/b/o/boite-en-bois-techno-ref-6338_2.jpg
1140633777	/b/o/boite-en-bois-techno-ref-6338_3.jpg
1140633778	/b/o/boite-en-bois-techno-ref-6339_1.jpg
1140633778	/b/o/boite-en-bois-techno-ref-6339_2.jpg
1140633778	/b/o/boite-en-bois-techno-ref-6339_3.jpg
1140633779	/b/o/boite-a-cles-en-bois-techno-ref-6340_1.jpg
1140633779	/b/o/boite-a-cles-en-bois-techno-ref-6340_2.jpg
1140633779	/b/o/boite-a-cles-en-bois-techno-ref-6340_3.jpg
1140633780	/b/o/boite-a-cles-en-bois-techno-ref-6341_1.jpg
1140633780	/b/o/boite-a-cles-en-bois-techno-ref-6341_2.jpg
1140633781	/b/o/boite-a-cles-en-bois-techno-ref-6342.jpg
1140633782	/b/o/boite-a-cles-en-bois-techno-ref-6343.jpg
1140633783	/b/o/boite-a-cles-en-bois-techno-ref-6344.jpg
1140633784	/p/l/plateau-en-bois-techno-ref-6345.jpg
1140633784	/p/l/plateau-en-bois-techno-ref-6345_1.jpg
1140633786	/p/l/plateau-en-bois-techno-ref-6346.jpg
1140633786	/p/l/plateau-en-bois-techno-ref-6346_1.jpg
1140633787	/p/l/plateau-en-bois-techno-ref-6347.jpg
1140633787	/p/l/plateau-en-bois-techno-ref-6347_1.jpg
1140633788	/p/l/plateau-en-bois-techno-ref-6348.jpg
1140633788	/p/l/plateau-en-bois-techno-ref-6348_1.jpg
1140633789	/e/n/ensemble-de-3-plateaux-en-bois-techno-ref-6349.jpg
1140633789	/e/n/ensemble-de-3-plateaux-en-bois-techno-ref-6349_1.jpg
1140633790	/e/n/ensemble-de-3-plateaux-en-bois-techno-ref-6350_1.jpg
1140633790	/e/n/ensemble-de-3-plateaux-en-bois-techno-ref-6350_3.jpg
1140633790	/e/n/ensemble-de-3-plateaux-en-bois-techno-ref-6350_2.jpg
1140633791	/e/n/ensemble-de-3-plateaux-en-bois-techno-ref-6351.jpg
1140633791	/e/n/ensemble-de-3-plateaux-en-bois-techno-ref-6351_1.jpg
1140633792	/p/a/panneau-de-signalisation-en-bois-c_ur-techno-ref-6352.jpg
1140633793	/p/a/panneau-de-signalisation-en-bois-techno-ref-6353.jpg
1140633794	/p/a/panneau-de-signalisation-en-bois-techno-ref-6354.jpg
1140633795	/p/a/panneau-de-signalisation-en-bois-papillon-techno-ref-6355.jpg
1140633797	/i/n/intercalaire_en_papier_de_06_positions_techno_ref_9475.jpg
1140633798	/i/n/intercalaire_en_papier_de_12_positions_techno_ref_9476.jpg
1140633816	/f/e/feutrine-adhesive-en-forme-papillons-techno-ref-4613.jpg
1140633817	/f/e/feutrine-adhesive-en-forme-etoile-de-mere-techno-ref-4613.jpg
1140633818	/f/e/feutrine-adhesive-en-forme-lapins-techno-ref-4613.jpg
1140633819	/f/e/feutrine-adhesive-en-forme-escargot-techno-ref-4613.jpg
1140633820	/f/e/feutrine-adhesive-en-forme-coccinelle-techno-ref-4613.jpg
1140633821	/f/e/feutrine-adhesive-en-forme-poussin-techno-ref-4613.jpg
1140633834	/a/r/armoire-a-cles-en-aluminium-de-24-pcs-techno-ref-6237.jpg
1140633834	/a/r/armoire-a-cles-en-aluminium-de-24-pcs-techno-ref-6237-1.jpg
1140633835	/a/r/armoire-a-cles-en-aluminium-de-32-pcs-techno-ref-6238.jpg
1140633835	/a/r/armoire-a-cles-en-aluminium-de-32-pcs-techno-ref-6238-1.jpg
1140633836	/a/r/armoire-a-cles-en-aluminium-de-48-pcs-techno-ref-6239.jpg
1140633836	/a/r/armoire-a-cles-en-aluminium-de-48-pcs-techno-ref-6239-1.jpg
1140633837	/a/r/armoire-a-cles-en-aluminium-de-96-pcs-techno-ref-6240.jpg
1140633837	/a/r/armoire-a-cles-en-aluminium-de-96-pcs-techno-ref-6240-1.jpg
1140633838	/a/r/armoire-a-cles-en-aluminium-de-120-pcs-techno-ref-6241.jpg
1140633838	/a/r/armoire-a-cles-en-aluminium-de-120-pcs-techno-ref-6241-1.jpg
1140633839	/a/r/armoire-a-cles-en-aluminium-de-150-pcs-techno-ref-6242.jpg
1140633839	/a/r/armoire-a-cles-en-aluminium-de-150-pcs-techno-ref-6242-1.jpg
1140633935	/s/t/stylo-fantaisie-_toile-corps-violet-techno-ref-5355.jpg
1140633960	/a/r/armoir_a_cles_metallique_de_24_pcs_techno_ref_6461.jpg
1140633960	/a/r/armoir_a_cles_metallique_de_24_pcs_techno_ref_6461-1.jpg
1140633961	/a/r/armoir_a_cles_metallique_de_36_pcs_techno_ref_6462.jpg
1140633961	/a/r/armoir_a_cles_metallique_de_36_pcs_techno_ref_6462-1.jpg
1140633962	/a/r/armoir_a_cles_metallique_de_48_pcs_techno_ref_6463.jpg
1140633962	/a/r/armoir_a_cles_metallique_de_48_pcs_techno_ref_6463-1.jpg
1140633963	/a/r/armoir_a_cles_metallique_de_60_pcs_techno_ref_6464.jpg
1140633963	/a/r/armoir_a_cles_metallique_de_60_pcs_techno_ref_6464-1.jpg
1140633964	/a/r/armoir_a_cles_metallique_de_90_pcs_techno_ref_6465.jpg
1140633964	/a/r/armoir_a_cles_metallique_de_90_pcs_techno_ref_6465-1.jpg
1140633965	/a/r/armoir_a_cles_metallique_de_100_pcs_techno_ref_6466.jpg
1140633965	/a/r/armoir_a_cles_metallique_de_100_pcs_techno_ref_6466-1.jpg
1140633966	/a/r/armoir_a_cles_metallique_de_240_pcs_techno_ref_6467.jpg
1140633966	/a/r/armoir_a_cles_metallique_de_240_pcs_techno_ref_6467-1.jpg
1140633983	/5/9/5928_imresizer.jpg
1140633984	/5/9/5929_imresizer.jpg
1140633985	/s/u/surligneur-pastel-show-pochette-4-couleurs-techno-ref-6401.jpg
1140633986	/s/u/surligneur-pastel-mini-show-pochette-4-couleurs-techno-ref-6402.jpg
1140634054	/f/o/forme-en-bois-dauphin-techno-ref-6356.jpg
1140634055	/c/r/crochet-mural-en-bois-papillon-techno-ref-6357.jpg
1140634056	/c/r/crochet-mural-en-bois-maison-techno-ref-6358_1.jpg
1140634056	/c/r/crochet-mural-en-bois-maison-techno-ref-6358_2.jpg
1140634057	/c/h/chiffre--0--en-bois-techno-ref-6359.jpg
1140634058	/c/h/chiffre--1--en-bois-techno-ref-6360_1.jpg
1140634059	/c/h/chiffre--2--en-bois-techno-ref-6361_1.jpg
1140634060	/c/h/chiffre--3--en-bois-techno-ref-6362_1.jpg
1140634061	/c/h/chiffre--4--en-bois-techno-ref-6363_1.jpg
1140634062	/c/h/chiffre--5--en-bois-techno-ref-6364_1.jpg
1140634063	/c/h/chiffre--6--en-bois-techno-ref-6365_1.jpg
1140634064	/c/h/chiffre--7--en-bois-techno-ref-6367_1.jpg
1140634065	/c/h/chiffre--8--en-bois-techno-ref-6368_1.jpg
1140634066	/c/h/chiffre--9--en-bois-techno-ref-6369_1.jpg
1140634067	/l/e/lettre--a--en-bois-techno-ref-6370_1.jpg
1140634068	/l/e/lettre--b--en-bois-techno-ref-6371_1.jpg
1140634069	/l/e/lettre--c--en-bois-techno-ref-6372_1.jpg
1140634070	/l/e/lettre--d--en-bois-techno-ref-6373_1.jpg
1140634071	/l/e/lettre--e--en-bois-techno-ref-6374_1.jpg
1140634072	/l/e/lettre--f--en-bois-techno-ref-6375_1.jpg
1140634073	/l/e/lettre--g--en-bois-techno-ref-6376_1.jpg
1140634074	/l/e/lettre--h--en-bois-techno-ref-6377_1.jpg
1140634075	/l/e/lettre--i--en-bois-techno-ref-6378_1.jpg
1140634076	/l/e/lettre--j--en-bois-techno-ref-6379_1.jpg
1140634077	/l/e/lettre--k--en-bois-techno-ref-6380_1.jpg
1140634078	/l/e/lettre--l--en-bois-techno-ref-6381_1.jpg
1140634079	/l/e/lettre--m--en-bois-techno-ref-6382_1.jpg
1140634080	/l/e/lettre-n--en-bois-techno-ref-6383_1.jpg
1140634081	/l/e/lettre--o--en-bois-techno-ref-6385_1.jpg
1140634082	/l/e/lettre--p--en-bois-techno-ref-6386_1.jpg
1140634083	/l/e/lettre--q--en-bois-techno-ref-6387_1.jpg
1140634084	/l/e/lettre-r--en-bois-techno-ref-6388_1.jpg
1140634085	/l/e/lettre--s--en-bois-techno-ref-6389_1.jpg
1140634086	/l/e/lettre--t--en-bois-techno-ref-6390_1.jpg
1140634087	/l/e/lettre--u--en-bois-techno-ref-6391_1.jpg
1140634088	/l/e/lettre--v--en-bois-techno-ref-6392_1.jpg
1140634089	/l/e/lettre--w--en-bois-techno-ref-6393_1.jpg
1140634090	/l/e/lettre--x--en-bois-techno-ref-6394_1.jpg
1140634091	/l/e/lettre--y--en-bois-techno-ref-6395_1.jpg
1140634092	/l/e/lettre--z--en-bois-techno-ref-6396_1.jpg
1140634293	/c/o/colle_blanche_bouchon_applicateur_trolls_40ml_techno_ref_5876.png
1140634294	/c/o/colle_blanche_bouchon_applicateur_super_hero_girls_40ml_techno_ref_5876.png
1140634295	/c/o/colle-blanche-bouchon-applicateur-tom-and-jerry-40ml-techno-ref-5876.png
1140634296	/c/o/colle-blanche-bouchon-applicateur-looney-tunes-40ml-techno-ref-5876.png
1140634297	/c/o/colle-blanche-bouchon-applicateur-minions-40ml-techno-ref-5876.png
1140634298	/c/o/colle-blanche-bouchon-applicateur-the-flash-40ml-techno-ref-5876.png
1140634299	/c/o/colle-blanche-bouchon-applicateur-batman-40ml-techno-ref-5876.png
1140634300	/c/o/colle-blanche-bouchon-applicateur-superman-40ml-techno-ref-5876.png
1140634301	/c/o/colle-blanche-bouchon-applicateur-the-green-lantery-40ml-techno-ref-5876.png
1140634304	/c/o/colle_blanche_bouchon_applicateur_trolls_120ml_techno_ref_5880.png
1140634305	/c/o/colle_blanche_bouchon_applicateur_super_hero_girls_120ml_techno_ref_5880.png
1140634306	/c/o/colle_blanche_bouchon_applicateur_tom_and_jerry_120ml_techno_ref_5880.png
1140634307	/c/o/colle_blanche_bouchon_applicateur_looney_tunes_120ml_techno_ref_5880.jpg
1140634308	/c/o/colle_blanche_bouchon_applicateur_minions_120ml_techno_ref_5880.jpg
1140634309	/c/o/colle_blanche_bouchon_applicateur_the_flash_120ml_techno_ref_5880.jpg
1140634320	/c/o/colle_blanche_bouchon_applicateur_batman_120ml_techno_ref_5880.jpg
1140634321	/c/o/colle_blanche_bouchon_applicateur_superman_120ml_techno_ref_5880.jpg
1140634322	/c/o/colle_blanche_bouchon_applicateur_the_green_lantery_120ml_techno_ref_5880_1.jpg
1140634324	/c/o/colle-stick-8g-trolls-techno-ref-5874.png
1140634325	/c/o/colle-stick-8g-super-hero-girls-techno-ref-5874.png
1140634326	/c/o/colle-stick-8g-tom-and-jerry-techno-ref-5874.png
1140634327	/c/o/colle-stick-8g-looney-tunes-techno-ref-5874.png
1140634328	/c/o/colle-stick-8g-minions-techno-ref-5874.png
1140634329	/c/o/colle-stick-8g-the-flash-techno-ref-5874.png
1140634330	/c/o/colle-stick-8g-batman-techno-ref-5874.png
1140634331	/c/o/colle-stick-8g-superman-techno-ref-5874_1.png
1140634332	/c/o/colle-stick-8g-the-green-lantery-techno-ref-5874.png
1140634336	/c/o/colle-stick-21g-trolls-techno-ref-5875.png
1140634337	/c/o/colle-stick-21g-super-hero-girls-techno-ref-5875.png
1140634338	/c/o/colle-stick-21g-tom-and-jerry-techno-ref-5875.png
1140634339	/c/o/colle-stick-21g-looney-tunes-techno-ref-5875.png
1140634340	/c/o/colle-stick-21g-minions-techno-ref-5875.png
1140634341	/c/o/colle-stick-21g-batman-techno-ref-5875.png
1140634342	/c/o/colle-stick-21g-batman-techno-ref-5875_1_1.png
1140634343	/c/o/colle-stick-21g-superman-techno-ref-5875.png
1140634344	/c/o/colle-stick-21g-the-green-lantery-techno-ref-5875.png
1140634345	/l/o/looney-tunes.png
1140634348	/h/e/herogirls.png
1140634349	/t/r/trolls.png
1140634350	/s/u/super-man_1_.png
1140634351	/b/a/batman.png
1140634352	/f/l/flash.png
1140634353	/t/o/tom_and_jerry.png
1140634354	/m/i/minions.png
1140634355	/l/e/league.png
1140634356	/a/r/ardoise-double-face-lign_e-blanche-noire-licence-looney-tunes-techno-ref-9657.png
1140634357	/a/r/ardoise-double-face-lign_e-blanche-noire-licence-super-hero-girls-techno-ref-9657.png
1140634358	/a/r/ardoise-double-face-lign_e-blanche-noire-licence-trolls-techno-ref-9657.png
1140634358	/9/6/9657trolls_violet.png
1140634359	/a/r/ardoise-double-face-lign_e-blanche-noire-licence-superman-techno-ref-9657.png
1140634359	/9/6/9657_superman_rouge.png
1140634360	/a/r/ardoise-double-face-lign_e-blanche-noire-licence-batman-techno-ref-9657.png
1140634361	/a/r/ardoise-double-face-lign_e-blanche-noire-licence-the-flash-techno-ref-9657.png
1140634362	/a/r/ardoise-double-face-lign_e-blanche-noire-licence-tom-and-jerry-techno-ref-9657.png
1140634363	/a/r/ardoise-double-face-lign_e-blanche-noire-licence-minions-techno-ref-9657.png
1140634364	/a/r/ardoise-double-face-lign_e-blanche-noire-licence-justice-league-techno-ref-9657.png
1140634364	/9/6/9657justiceleaguerouge.png
1140634365	/p/a/pate-a-modeler-de-6-couleurs-fluorescentes-licence-trolls-techno-ref-5867.png
1140634366	/p/a/pate-a-modeler-de-6-couleurs-fluorescentes-licence-batman-techno-ref-5867.png
1140634367	/p/a/pate-a-modeler-de-6-couleurs-fluorescentes-licence-looney-tunes-techno-ref-5867.png
1140634368	/p/a/pate-a-modeler-de-6-couleurs-fluorescentes-licence-minions-techno-ref-5867.png
1140634369	/p/a/pate-a-modeler-de-6-couleurs-fluorescentes-licence-super-hero-girls-techno-ref-5867.png
1140634370	/p/a/pate-a-modeler-de-6-couleurs-fluorescentes-licence-tom-and-jerry-techno-ref-5867.png
1140634378	/p/a/pate-a-modeler-de-12-couleurs-avec-4-moules-et-6-yeux-licence-trolls-techno-ref-5866..png
1140634379	/p/a/pate-a-modeler-de-12-couleurs-avec-4-moules-et-6-yeux-licence-batman-techno-ref-5866.png
1140634380	/l/o/loony-tunes.png
1140634381	/p/a/pate-a-modeler-de-12-couleurs-avec-4-moules-et-6-yeux-licence-minions-techno-ref-5866.png
1140634382	/s/u/super-hero-girls.png
1140634383	/t/o/tom_et_jerry.png
1140634393	/p/a/pate-a-modeler-de-12-couleurs-avec-1-rouleau-et-6-yeux-licence-trolls-techno-ref-5865.png
1140634394	/p/a/pate-a-modeler-de-12-couleurs-avec-1-rouleau-et-6-yeux-licence-batman-techno-ref-5865.png
1140634395	/5/8/5865_loony-tunes.png
1140634396	/p/a/pate-a-modeler-de-12-couleurs-avec-1-rouleau-et-6-yeux-licence-minions-techno-ref-5865.png
1140634397	/s/u/super_hero_girls.png
1140634398	/5/8/5865_tom_et_jerry.png
1140634399	/p/a/pate-a-modeler-de-10-couleurs-avec-1-rouleau-licence-techno-ref-5864.jpg
1140634400	/p/a/pate-a-modeler-de-10-couleurs-avec-1-rouleau-licence-batman-techno-ref-5864.png
1140634401	/p/a/pate-a-modeler-de-10-couleurs-avec-1-rouleau-licence-looney-tunes-techno-ref-5864.png
1140634402	/p/a/pate-a-modeler-de-10-couleurs-avec-1-rouleau-licence-minions-techno-ref-5864.png
1140634403	/p/a/pate-a-modeler-de-10-couleurs-avec-1-rouleau-licence-super-hero-girls-techno-ref-5864.png
1140634404	/p/a/pate-a-modeler-de-10-couleurs-avec-1-rouleau-licence-tom-et-jerry-techno-ref-5864.png
1140634409	/p/a/pate-a-modeler-de-10-couleurs-avec-3-moules-et-6-yeux-licence-trolls-techno-ref-5863.png
1140634410	/p/a/pate-a-modeler-de-10-couleurs-avec-3-moules-et-6-yeux-licence-batman-techno-ref-5863.png
1140634411	/5/8/5863_loony-tunes.png
1140634412	/p/a/pate-a-modeler-de-10-couleurs-avec-3-moules-et-6-yeux-licence-minions-techno-ref-5863.png
1140634413	/5/8/5863herogirls.png
1140634414	/5/8/5863.png
1140634416	/p/a/pate-a-modeler-de-8-couleurs-avec-2-moules-licence-trolls-techno-ref-5862.png
1140634417	/p/a/pate-a-modeler-de-8-couleurs-avec-2-moules-licence-batman-techno-ref-5862.png
1140634418	/p/a/pate-a-modeler-de-8-couleurs-avec-2-moules-licence-looney-tunes-techno-ref-5862.png
1140634419	/p/a/pate-a-modeler-de-8-couleurs-avec-2-moules-licence-minions-techno-ref-5862.png
1140634420	/p/a/pate-a-modeler-de-8-couleurs-avec-2-moules-licence-super-hero-grirls-techno-ref-5862.png
1140634421	/p/a/pate-a-modeler-de-8-couleurs-avec-2-moules-licence-tom-and-jerry-techno-ref-5862.png
1140634422	/p/a/pate-a-modeler-de-8-couleurs-avec-1-rouleau-licence-trolls-techno-ref-5861.png
1140634423	/p/a/pate-a-modeler-de-8-couleurs-avec-1-rouleau-licence-batman-techno-ref-5861.png
1140634424	/p/a/pate-a-modeler-de-8-couleurs-avec-1-rouleau-licence-looney-tunes-techno-ref-5861.png
1140634425	/p/a/pate-a-modeler-de-8-couleurs-avec-1-rouleau-licence-minions-techno-ref-5861.png
1140634426	/p/a/pate-a-modeler-de-8-couleurs-avec-1-rouleau-licence-super-hero-girls-techno-ref-5861.png
1140634427	/p/a/pate-a-modeler-de-8-couleurs-avec-1-rouleau-licence-tom-and-jerry-techno-ref-5861.png
1140634428	/p/a/pate-a-modeler-de-06-couleurs-licence-trolls-techno-ref-5860.png
1140634429	/p/a/pate-a-modeler-de-06-couleurs-licence-batman-techno-ref-5860.png
1140634430	/p/a/pate-a-modeler-de-06-couleurs-licence-looney-tunes-techno-ref-5860.png
1140634431	/p/a/pate-a-modeler-de-06-couleurs-licence-minions-techno-ref-5860.png
1140634432	/p/a/pate-a-modeler-de-06-couleurs-licence-super-hero-girls-techno-ref-5860.png
1140634433	/p/a/pate-a-modeler-de-06-couleurs-licence-tom-and-jerry-techno-ref-5860.png
1140634434	/p/a/pate_a_modeler_08_couleurs_licence_trolls_techno_ref_4393.png
1140634435	/p/a/pate_a_modeler_08_couleurs_licence_batman_techno_ref_4393.png
1140634436	/p/a/pate_a_modeler_08_couleurs_licence_looney_tunes_techno_ref_4393.png
1140634437	/p/a/pate_a_modeler_08_couleurs_licence_minions_techno_ref_4393.png
1140634438	/p/a/pate_a_modeler_08_couleurs_licence_super_hero_girls_techno_ref_4393.png
1140634439	/p/a/pate_a_modeler_08_couleurs_licence_tom_and_jerry_techno_ref_4393.png
1140634440	/b/u/buchettes_et_jetons_educatifs_sous_licence_super_hero_girls_techno_ref_9396.png
1140634441	/b/u/buchettes_et_jetons_educatifs_sous_licence_tom_and_jerry_techno_ref_9396.png
1140634442	/b/u/buchettes_et_jetons_educatifs_sous_licence_looney_tunestechno_ref_9396.png
1140634443	/b/u/buchettes_et_jetons_educatifs_sous_licence_super_man_techno_ref_9396.png
1140634444	/b/u/buchettes_et_jetons_educatifs_sous_licence_batman_techno_ref_9396.png
1140634445	/b/u/buchettes_et_jetons_educatifs_sous_licence_justice_league_techno_ref_9396.png
1140634446	/c/h/chevalet-de-campagne-techno-ref-5882.jpg
1140634467	/c/r/crayons-de-couleur-trino-fluo-boite-12-couleurs-techno-ref-5775_1.jpg
1140634467	/c/r/crayons-de-couleur-trino-fluo-boite-12-couleurs-techno-ref-5775_2_1.jpg
1140634467	/c/r/crayons-de-couleur-trino-fluo-boite-12-couleurs-techno-ref-5775_3.jpg
1140634468	/c/r/crayons-de-couleur-trino-fluo-boite-06-couleurs-techno-ref-5776_1.jpg
1140634468	/c/r/crayons-de-couleur-trino-fluo-boite-06-couleurs-techno-ref-5776_2.jpg
1140634468	/c/r/crayons-de-couleur-trino-fluo-boite-06-couleurs-techno-ref-5776_3.jpg
1140634472	/p/i/pince-double-clip-19-mm-boite-12-pcs-techno-ref-6290_0.jpg
1140634472	/p/i/pince-double-clip-19-mm-boite-12-pcs-techno-ref-6290_1.jpg
1140634473	/p/i/pince-double-clip-25-mm-boite-12-pcs-techno-ref-6291_0.jpg
1140634473	/p/i/pince-double-clip-25-mm-boite-12-pcs-techno-ref-6291_1.jpg
1140634474	/p/i/pince-double-clip-32-mm-boite-12-pcs-techno-ref-6292_0.jpg
1140634474	/p/i/pince-double-clip-32-mm-boite-12-pcs-techno-ref-6292_1.jpg
1140634475	/p/i/pince-double-clip-41-mm-boite-12-pcs-techno-ref-6293_0.jpg
1140634475	/p/i/pince-double-clip-41-mm-boite-12-pcs-techno-ref-6293_1.jpg
1140634476	/p/i/pince-double-clip-51-mm-boite-12-pcs-techno-ref-6294_0.jpg
1140634480	/w/h/whatsapp_image_2021-05-25_at_16.02.09.jpeg
1140634493	/m/a/marqueur-a-dessin-noir-art-tech-en-pochette-de-7-pieces-techno-ref-5896.png
1140634494	/m/a/marqueur-a-dessin-noir-0_05mm-art-tech-boite-techno-ref-5897.png
1140634495	/m/a/marqueur-a-dessin-noir-0_1-mm-art-tech-techno-ref-5898.png
1140634496	/m/a/marqueur-a-dessin-noir-0_3-mm-art-tech-techno-ref-5899.png
1140634497	/m/a/marqueur-a-dessin-noir-0_5mm-art-tech-techno-ref-5900.png
1140634498	/m/a/marqueur-a-dessin-noir-0_7mm-art-tech-techno-ref-5901.png
1140634499	/m/a/marqueur-a-dessin-noir-1_0mm-art-tech-techno-ref-5902.png
1140634500	/m/a/marqueur-a-dessin-art-liner-pochette-de-12-couleurs-techno-ref-5903.png
1140634501	/m/a/marqueur-a-dessin-pinceaux-art-brush-pochette-de-12-couleurs-techno-ref-5904.png
1140634502	/m/a/marqueur-a-dessin-pinceau-art-illustration-pochette-de-12-couleurs-techno-ref-5905.png
1140634503	/m/a/marqueur-a-dessin-pinceau-art-graphic-pochette-de-12-couleurs-techno-ref-5906.png
1140634504	/m/a/marqueur-a-dessin-liner-marker-pochette-de-12-couleurs-techno-ref-5914.png
1140634505	/m/a/marqueur-a-dessin-liner-marker-pochette-de-24-couleurs-techno-ref-5915.png
1140634568	/a/p/appareil-photo-instant-cam-printer-zoemini-c-jaune-ref-3884c006aa_2.png
1140634568	/a/p/appareil-photo-instant-cam-printer-zoemini-c-jaune-ref-3884c006aa_3.png
1140634568	/a/p/appareil-photo-instant-cam-printer-zoemini-c-jaune-ref-3884c006aa_4.png
1140634568	/a/p/appareil-photo-instant-cam-printer-zoemini-c-jaune-ref-3884c006aa_5.png
1140634568	/a/p/appareil-photo-instant-cam-printer-zoemini-jaune-ref-3884c006aa_1._1_1.jpg
1140634569	/a/p/appareil-photo-instant-cam-printer-zoemini-c-rose-ref-3884c005ab_2.png
1140634569	/a/p/appareil-photo-instant-cam-printer-zoemini-c-rose-ref-3884c005ab_3.png
1140634569	/a/p/appareil-photo-instant-cam-printer-zoemini-c-rose-ref-3884c005ab_4.png
1140634569	/a/p/appareil-photo-instant-cam-printer-zoemini-c-rose-ref-3884c005ab_1_1.png
1140634569	/a/p/appareil-photo-instant-cam-printer-zoemini-c-rose-ref-3884c005ab_5.jpg
1140634570	/a/p/appareil-photo-instant-cam-printer-zoemini-c-vert-pastel-ref-3884c007aa_2.png
1140634570	/a/p/appareil-photo-instant-cam-printer-zoemini-c-vert-pastel-ref-3884c007aa_3.png
1140634570	/a/p/appareil-photo-instant-cam-printer-zoemini-c-vert-pastel-ref-3884c007aa_1.jpg
1140634570	/a/p/appareil-photo-instant-cam-printer-zoemini-c-vert-pastel-ref-3884c007aa_4.png
1140634571	/a/p/appareil-photo-instant-cam-printer-zoemini-c-bleu-ref-3884c008aa_1.png
1140634571	/a/p/appareil-photo-instant-cam-printer-zoemini-c-bleu-ref-3884c008aa_2.jpg
1140634571	/a/p/appareil-photo-instant-cam-printer-zoemini-c-bleu-ref-3884c008aa_3_3.png
1140634571	/a/p/appareil-photo-instant-cam-printer-zoemini-c-bleu-ref-3884c008aa_4.png
1140634574	/c/o/corbeille_a_courriers_en_plastique_blanc_techno_ref_9760.png
1140634575	/c/o/corbeille_a_courriers_en_plastique_bleu_techno_ref_9761.png
1140634576	/9/7/9762.jpg
1140634577	/c/o/corbeille_a_courriers_en_plastique_jaune_techno_ref_9763.png
1140634578	/9/7/9764.jpg
1140634579	/c/o/corbeille_a_courriers_en_plastique_transparent_techno_ref_9765.png
1140634580	/c/o/corbeille_a_courriers_en_plastique_rouge_techno_ref_9766.png
1140634581	/c/o/corbeille_a_courriers_en_plastique_vert_techno_ref_9767_1.png
1140634582	/c/o/corbeille_a_courriers_en_plastique_bleu_pastel_techno_ref_9768.png
1140634583	/c/o/corbeille_a_courriers_en_plastique_vert_pastel_techno_ref_9769.png
1140634584	/c/o/corbeille_a_courriers_en_plastique_jaune_pastel_techno_ref_9770.png
1140634585	/c/o/corbeille_a_courriers_en_plastique_crevette_pastel_techno_ref_9771.png
1140634586	/c/o/corbeille_a_courriers_en_plastique_saumon_pastel_techno_ref_9772.png
1140634587	/c/o/corbeille_a_courriers_en_plastique_violet_pastel_techno_ref_9773.png
1140634588	/c/o/corbeille_a_courriers_en_plastique_vert_fluo_techno_ref_9774.png
1140634589	/c/o/corbeille_a_courriers_en_plastique_violet_fluo_techno_ref_9775.png
1140634590	/c/o/corbeille_a_courriers_en_plastique_orange_fluo_techno_ref_9776.png
1140634712	/c/o/colle-stick-pastel-edition-8_2-g.jpg
1140634713	/c/o/colle-stick-pastel-edition-21-g-1.jpg
1140634714	/c/o/colle-stick-pastel-edition-40-g-1.jpg
1140634715	/c/o/colle-glitter-glow-in-dark-5x10-ml-uhu-ref-48210-1.jpg
1140634715	/c/o/colle-glitter-glow-in-dark-5x10-ml-uhu-ref-48210-2.jpg
1140634715	/c/o/colle-glitter-glow-in-dark-5x10-ml-uhu-ref-48210-3.jpg
1140634715	/c/o/colle-glitter-glow-in-dark-5x10-ml-uhu-ref-48210-4.jpg
1140634715	/c/o/colle-glitter-glow-in-dark-5x10-ml-uhu-ref-48210-5.jpg
1140634715	/c/o/colle-glitter-glow-in-dark-5x10-ml-uhu-ref-48210-6.jpg
1140634863	/m/a/mawhoub.jpg
1140634994	/s/u/surligneur-pocket-mini-friends-vert-maped-ref-743633_2.jpg
1140634994	/s/u/surligneur-pocket-mini-friends-vert-maped-ref-743633_1_1.jpg
1140634995	/s/u/surligneur-pocket-mini-friends-bleu-maped-ref-743630.jpg
1140634995	/s/u/surligneur-pocket-mini-friends-bleu-maped-ref-743630_1.jpg
1140634996	/s/u/surligneur-pocket-mini-friends-jaune-maped-ref-743634.jpg
1140634996	/s/u/surligneur-pocket-mini-friends-jaune-maped-ref-743634_1_1.jpg
1140634997	/s/u/surligneur-pocket-mini-friends-rose-maped-ref-743636.jpg
1140634997	/s/u/surligneur-pocket-mini-friends-rose-maped-ref-743636_1_1.jpg
1140634998	/s/u/surligneur-pocket-mini-friends-orange-maped-ref-743635_2.jpg
1140634998	/s/u/surligneur-pocket-mini-friends-orange-maped-ref-743635_1_1.jpg
1140635011	/s/u/surligneur-classic-glitter-pastel-vert-maped-ref-742033.jpg
1140635011	/s/u/surligneur-classic-glitter-pastel-vert-maped-ref-742033_1.jpg
1140635012	/s/u/surligneur-classic-glitter-pastel-bleu-maped-ref-742030.jpg
1140635012	/s/u/surligneur-classic-glitter-pastel-bleu-maped-ref-742030_1.jpg
1140635013	/s/u/surligneur-classic-glitter-pastel-mauve-maped-ref-742037.jpg
1140635013	/s/u/surligneur-classic-glitter-pastel-mauve-maped-ref-742037_1.jpg
1140635014	/s/u/surligneur-classic-glitter-pastel-rose-maped-ref-742036.jpg
1140635014	/s/u/surligneur-classic-glitter-pastel-rose-maped-ref-742036_1.jpg
1140636720	/c/a/cartouche-de-toner-compatible-universal-printa-cb435-cb436-ce285a-ce278a-noir-techno-ref-6600.jpg
1140636721	/c/a/cartouche-de-toner-compatible-universal-printa-q2612a-can-fx-9-fx-10-noir-techno-ref-6601.jpg
1140636722	/c/a/cartouche-de-toner-compatible-printa-283a-noir-techno-ref-6602.jpg
1140636723	/c/a/cartouche-de-toner-compatible-printa-cf540a-crg054-noir-techno-ref-6603.jpg
1140636728	/c/a/cartouche-de-toner-compatible-printa-052-noir-techno-ref-6608.jpg
1140636729	/c/a/cartouche-de-toner-compatible-printa-tk1130-noir-techno-ref-6609.jpg
1140636730	/c/a/cartouche-de-toner-compatible-printa-tk1150-noir-techno-ref-6610.jpg
1140636731	/c/a/cartouche-de-toner-compatible-printa-tk1120-noir-techno-ref-6611.jpg
1140636793	/c/a/cartouche-dencre-prinjet-t2991-xl-noir-techno-ref-6612.jpg
1140636794	/c/a/cartouche-dencre-prinjet-t2992-xl-bleu-techno-ref-6613.jpg
1140636795	/c/a/cartouche-dencre-prinjet-t2993-xl-magenta-techno-ref-6614.jpg
1140636796	/c/a/cartouche-dencre-prinjet-t2994-xl-jaune-techno-ref-6615.jpg
1140636797	/c/a/cartouche-dencre-prinjet-lc123-xl-noir-techno-ref-6616.jpg
1140636798	/c/a/cartouche-dencre-prinjet-lc223-xl-noir-techno-ref-6617.jpg
1140636799	/c/a/cartouche-dencre-prinjet-cb1100-lc-980-1100-xl-noir-techno-ref-6618.jpg
1140636808	/c/a/cartouche-de-toner-compatible-universal-printa-cf280a-ce505a-noir-techno-ref-6627.jpg
1140636809	/r/u/ruban-encreur-pour-imprimante-matricielle-printape-lq2090-noir-techno-ref-6628.jpg
1140636810	/r/u/ruban-encreur-pour-imprimante-matricielle-printape-2080-techno-ref-6629.jpg
1140637269	/c/i/ciseaux-symetrique-17-cm-s-blister-techno-ref-6549.jpg
1140637270	/c/i/ciseaux-asymetrique-19_7-cm-s-blister-techno-ref-6550.jpg
1140637272	/c/i/ciseaux-asymetrique-23_5-cm-s-blister-techno-ref-6553.jpg
1140637273	/c/i/ciseaux-asymetrique-24_3-cm-s-blister-techno-ref-6554.jpg
1140637274	/c/i/ciseaux-asymetrique-19_3-cm-s-blister-techno-ref-6555.jpg
1140637275	/c/i/ciseaux-asymetrique-21_4-cm-s-blister-techno-ref-6556.jpg
1140637276	/c/i/ciseaux-asymetrique-16_5-cm-s-blister-techno-ref-6557.jpg
1140637277	/c/i/ciseaux-asymetrique-21_5-cm-s-blister-techno-ref-6558.jpg
1140637287	/p/i/pinceau-ecolier-n_2-6-10-s-blister-techno-ref-5378.jpg
1140637407	/t/r/trousse-ecolier-rose-pastel-techno-ref-6514.jpg
1140637408	/t/r/trousse-ecolier-violet-pastel-techno-ref-6514.jpg
1140637409	/t/r/trousse-ecolier-bleu-pastel-techno-ref-6514.jpg
1140637410	/t/r/trousse-ecolier-rose-techno-ref-6513.jpg
1140637411	/t/r/trousse-ecolier-violet-techno-ref-6513.jpg
1140637412	/t/r/trousse-ecolier-bleu-clair-techno-ref-6513.jpg
1140637413	/t/r/trousse-ecolier-avec-2-compartiments-noir-et-rouge-techno-ref-6512.jpg
1140637414	/t/r/trousse-ecolier-avec-2-compartiments-noir-et-vert-techno-ref-6512.jpg
1140637415	/t/r/trousse-ecolier-avec-2-compartiments-noir-et-bleu-techno-ref-6512.jpg
1140637416	/t/r/trousse-ecolier-noir-techno-ref-6511.jpg
1140637417	/t/r/trousse-ecolier-gris-clair-techno-ref-6511.jpg
1140637418	/t/r/trousse-ecolier-gris-souris-techno-ref-6511.jpg
1140637419	/t/r/trousse-ecolier-avec-2-compartiments-rose-techno-ref-6510.jpg
1140637420	/t/r/trousse-ecolier-avec-2-compartiments-violet-techno-ref-6510.jpg
1140637421	/t/r/trousse-ecolier-avec-2-compartiments-bleu-techno-ref-6510.jpg
1140637422	/t/r/trousse-ecolier-avec-2-compartiments-marron-techno-ref-6509.jpg
1140637423	/t/r/trousse-ecolier-avec-2-compartiments-gris-souris-techno-ref-6509.jpg
1140637424	/t/r/trousse-ecolier-avec-2-compartiments-gris-techno-ref-6509.jpg
1140637425	/t/r/trousse-ecolier-avec-2-compartiments-bleu-techno-ref-6508.jpg
1140637427	/t/r/trousse-ecolier-avec-2-compartiments-noir-techno-ref-6508.jpg
1140637428	/t/r/trousse-ecolier-avec-2-compartiments-gris-techno-ref-6508.jpg
1140637429	/t/r/trousse-ecolier-avec-2-compartiments-bleu-techno-ref-6507.jpg
1140637430	/t/r/trousse-ecolier-avec-2-compartiments-noir-techno-ref-6507.jpg
1140637431	/t/r/trousse-ecolier-avec-2-compartiments-gris-techno-ref-6507.jpg
1140637432	/t/r/trousse-ecolier-avec-2-compartiments-noir-et-bleu-techno-ref-6506.jpg
1140637433	/t/r/trousse-ecolier-avec-2-compartiments-noir-et-vert-techno-ref-6506.jpg
1140637434	/t/r/trousse-ecolier-avec-2-compartiments-noir-et-gris-techno-ref-6506.jpg
1140637435	/t/r/trousse-ecolier-avec-2-compartiments-bleu-marine-techno-ref-6505.jpg
1140637436	/t/r/trousse-ecolier-avec-2-compartiments-gris-souris-techno-ref-6505.jpg
1140637437	/t/r/trousse-ecolier-avec-2-compartiments-gris-techno-ref-6505.jpg
1140637438	/t/r/trousse-ecolier-avec-2-compartiments-vert-et-biege-techno-ref-6504.jpg
1140637439	/t/r/trousse-ecolier-avec-2-compartiments-bleu-et-biege-techno-ref-6504.jpg
1140637440	/t/r/trousse-ecolier-avec-2-compartiments-noir-et-biege-techno-ref-6504.jpg
1140637441	/t/r/trousse-ecolier-cristal-rose-techno-ref-6503.jpg
1140637442	/t/r/trousse-ecolier-cristal-viloet-techno-ref-6503.jpg
1140637443	/t/r/trousse-ecolier-cristal-bleu-techno-ref-6503.jpg
1140637444	/t/r/trousse-ecolier-bleu-techno-ref-6502.jpg
1140637445	/t/r/trousse-ecolier-vert-techno-ref-6502.jpg
1140637446	/t/r/trousse-ecolier-gris-techno-ref-6502.jpg
1140637447	/a/r/ardoise_double_faces_licence_looney_tunes_blanchenoire_techno_ref_9218.jpg
1140637448	/a/r/ardoise_double_faces_licence_super_hero_girls_blanchenoire_techno_ref_9218.jpg
1140637449	/a/r/ardoise_double_faces_licence_trolls_blanchenoire_techno_ref_9218.jpg
1140637450	/a/r/ardoise_double_faces_licence_superman_blanchenoire_techno_ref_9218.jpg
1140637451	/a/r/ardoise_double_faces_licence_batman_blanchenoire_techno_ref_9218.jpg
1140637452	/a/r/ardoise_double_faces_licence_the_flash_blanchenoire_techno_ref_9218.jpg
1140637453	/a/r/ardoise_double_faces_licence_tom_and_jerry_blanchenoire_techno_ref_9218.jpg
1140637454	/a/r/ardoise_double_faces_licence_minions_blanchenoire_techno_ref_9218.jpg
1140637455	/a/r/ardoise_double_faces_licence_justice_league_blanchenoire_techno_ref_9218.jpg
1140637456	/c/a/carnet_spirale_96p_9_x_14_cm_5x5_mm_70g_licence_looney_tunes_techno_ref_9558.png
1140637459	/c/a/carnet_spirale_96p_9_x_14_cm_5x5_mm_70g_licence_super_hero_girls_techno_ref_9558.png
1140637460	/c/a/carnet_spirale_96p_9_x_14_cm_5x5_mm_70g_licence_trolls_techno_ref_9558.png
1140637461	/c/a/carnet_spirale_96p_9_x_14_cm_5x5_mm_70g_licence_superman_techno_ref_9558.png
1140637462	/c/a/carnet_spirale_96p_9_x_14_cm_5x5_mm_70g_licence_batman_techno_ref_9558.png
1140637463	/c/a/carnet_spirale_96p_9_x_14_cm_5x5_mm_70g_licence_the_flash_techno_ref_9558.png
1140637464	/c/a/carnet_spirale_96p_9_x_14_cm_5x5_mm_70g_licence_tom_and_jerry_techno_ref_9558.png
1140637465	/c/a/carnet_spirale_96p_9_x_14_cm_5x5_mm_70g_licence_minions_techno_ref_9558.png
1140637466	/c/a/carnet_spirale_96p_9_x_14_cm_5x5_mm_70g_licence_wonder_woman_techno_ref_9558.png
1140637467	/c/a/carnet_spirale_96p_9_x_14_cm_5x5_mm_70g_licence_friends_techno_ref_9558.png
1140637468	/c/a/carnet_spirale_96p_9_x_14_cm_5x5_mm_70g_licence_harry_petter_techno_ref_9558.png
1140637469	/c/a/carnet_spirale_96p_9_x_14_cm_5x5_mm_70g_licence_super_green_techno_ref_9558.png
1140637470	/c/a/carnet_spirale_96p_9_x_14_cm_5x5_mm_70g_licence_batman_techno_ref_9558_1.png
1140637471	/c/a/carnet_spirale_simple_couvert_bleu_96p_9_x_14_cm_5x5_mm_70g_techno_ref_9557.png
1140637472	/c/a/carnet_spirale_simple_couvert_vert_96p_9_x_14_cm_5x5_mm_70g_techno_ref_9557.png
1140637473	/c/a/carnet_spirale_simple_couvert_orange_96p_9_x_14_cm_5x5_mm_70g_techno_ref_9557.png
1140637474	/c/a/carnet_spirale_simple_couvert_rouge_96p_9_x_14_cm_5x5_mm_70g_techno_ref_9557.png
1140637475	/c/a/carnet_spirale_simple_couvert_violet_96p_9_x_14_cm_5x5_mm_70g_techno_ref_9557.png
1140637476	/c/a/carnet_spirale_simple_couvert_bleu_vert_96p_9_x_14_cm_5x5_mm_70g_techno_ref_9557.png
1140637477	/c/a/carnet_spirale_simple_couvert_gris_96p_9_x_14_cm_5x5_mm_70g_techno_ref_9557.png
1140637480	/p/a/papier_cadeau_classique_etoile_blanche_200x70cm_60g_techno_ref_4702.png
1140637481	/p/a/papier_cadeau_classique_th_me_dore_200x70cm_60g_techno_ref_4702.png
1140637482	/p/a/papier_cadeau_classique_th_me_rouge_200x70cm_60g_techno_ref_4702.png
1140637483	/p/a/papier_cadeau_classique_th_me_zigzag_orange_200x70cm_60g_techno_ref_4702.png
1140637484	/p/a/papier_cadeau_classique_th_me_zigzag_rose_200x70cm_60g_techno_ref_4702.png
1140637488	/c/a/caisse_a_monnaie_metallique_de_30_cm_bleu_techno_ref_6471.jpg
1140637489	/c/a/caisse_a_monnaie_metallique_de_30_cm_vert_techno_ref_6471.jpg
1140637490	/c/a/caisse_a_monnaie_metallique_de_30_cm_rouge_techno_ref_6471.jpg
1140637491	/c/a/caisse_a_monnaie_metallique_de_25_cm_bleu_techno_ref_6470.jpg
1140637492	/c/a/caisse_a_monnaie_metallique_de_25_cm_vert_techno_ref_6470.jpg
1140637493	/c/a/caisse_a_monnaie_metallique_de_25_cm_rouge_techno_ref_6470.jpg
1140637494	/c/a/caisse_a_monnaie_metallique_de_20_cm_bleu_techno_ref_6469.jpg
1140637495	/c/a/caisse_a_monnaie_metallique_de_20_cm_vert_techno_ref_6469.jpg
1140637496	/c/a/caisse_a_monnaie_metallique_de_20_cm_rouge_techno_ref_6469.jpg
1140637497	/c/a/caisse_a_monnaie_metallique_de_15_cm_bleu_techno_ref_6468.jpg
1140637498	/c/a/caisse_a_monnaie_metallique_de_15_cm_vert_techno_ref_6468.jpg
1140637499	/c/a/caisse_a_monnaie_metallique_de_15_cm_rouge_techno_ref_6468.jpg
1140637509	/d/e/devidoir_ruban_adhesif_d_emballage_noir_et_gris_techno_ref_6203.jpg
1140637510	/d/e/devidoir_ruban_adhesif_d_emballage_rouge_et_beige_techno_ref_6203.jpg
1140637511	/d/e/devidoir-ruban-adhesif-gm-gris-techno-_1.jpg
1140637511	/d/e/devidoir-ruban-adhesif-gm-noir-techno-1_1.jpg
1140637512	/d/e/devidoir-ruban-adhesif-gm-noir-techno-.jpg
1140637512	/d/e/devidoir-ruban-adhesif-gm-noir-techno-1_1_1.jpg
1140637513	/d/e/devidoir-ruban-adhesif-mm-gris-techno-.jpg
1140637513	/d/e/devidoir-ruban-adhesif-mm-gris-techno-1.jpg
1140637514	/d/e/devidoir-ruban-adhesif-mm-noir-techno-.jpg
1140637514	/d/e/devidoir-ruban-adhesif-mm-gris-techno-1_1.jpg
1140637515	/d/e/devidoir-ruban-adhesif-pm-noir-techno-.jpg
1140637515	/d/e/devidoir-ruban-adhesif-pm-gris-techno-1_1.jpg
1140637516	/d/e/devidoir-ruban-adhesif-pm-gris-techno-.jpg
1140637516	/d/e/devidoir-ruban-adhesif-pm-gris-techno-1.jpg
1140637517	/d/e/devidoir-ruban-adhesif-pm-vert-pistache-techno-.jpg
1140637517	/d/e/devidoir-ruban-adhesif-pm-gris-techno-1_2.jpg
1140637527	/p/e/peinture-en-aerosol-belton-premium-400-ml-218-gris-clair-neutre-molotow-ref-mo327100_1.jpg
1140637527	/p/e/peinture-en-aerosol-belton-premium-400-ml-218-gris-clair-neutre-molotow-ref-mo327100_0_1.jpg
1140637528	/p/e/peinture-en-aerosol-belton-premium-400-ml-220-argent-dollar-molotow-ref-mo327158_1.jpg
1140637528	/p/e/peinture-en-aerosol-belton-premium-400-ml-220-argent-dollar-molotow-ref-mo327158_0_1.jpg
1140637529	/p/e/peinture-en-aerosol-belton-premium-400-ml-221-noir-intense-molotow-ref-mo327080_0.jpg
1140637529	/p/e/peinture-en-aerosol-belton-premium-400-ml-221-noir-intense-molotow-ref-mo327080_1.jpg
1140637530	/p/e/peinture-en-aerosol-belton-premium-400-ml-231-blanc-intense-molotow-ref-mo327160_1.jpg
1140637530	/p/e/peinture-en-aerosol-belton-premium-400-ml-231-blanc-intense-molotow-ref-mo327160_0.jpg
1140637548	/m/o/mo327184_463164_premium-400ml-013-dare-orange-hell_1.jpg
1140637686	/s/u/surligneur-boss-pastel-fraicheur-de-bleu-stabilo-ref-70-112-1.jpg
1140637686	/s/u/surligneur-boss-pastel-fraicheur-de-bleu-stabilo-ref-70-112-2.jpg
1140637687	/s/u/surligneur-boss-pastel-sorbet-abricot-stabilo-ref-70-125-1.jpg
1140637687	/s/u/surligneur-boss-pastel-sorbet-abricot-stabilo-ref-70-125-2.jpg
1140637688	/s/u/surligneur-boss-pastel-mauve-givre-stabilo-ref-70-158-1.jpg
1140637688	/s/u/surligneur-boss-pastel-mauve-givre-stabilo-ref-70-158-2.jpg
1140637689	/s/u/surligneur-boss-pastel-poudre-de-gris-stabilo-ref-70-194-1.jpg
1140637689	/s/u/surligneur-boss-pastel-poudre-de-gris-stabilo-ref-70-194-2.jpg
1140637690	/s/u/surligneur-boss-pastel-en-pochette-de-8-pcs-new-color-stabilo-ref-70-8-3-1_1.jpg
1140637691	/s/u/surligneur-boss-pastel-deskset-de-15-pcs-stabilo-ref-7015-02-5-1.jpg
1140637691	/s/u/surligneur-boss-pastel-deskset-de-15-pcs-stabilo-ref-7015-02-5-2.jpg
1140637691	/s/u/surligneur-boss-pastel-deskset-de-15-pcs-stabilo-ref-7015-02-5-3.jpg
1140637692	/s/u/surligneur-green-boss-pastel-deskset-de-8-pcs-stabilo-ref-6070-08-5-1.jpg
1140637692	/s/u/surligneur-green-boss-pastel-deskset-de-8-pcs-stabilo-ref-6070-08-5-2.jpg
1140637692	/s/u/surligneur-green-boss-pastel-deskset-de-8-pcs-stabilo-ref-6070-08-5-3.jpg
1140637692	/s/u/surligneur-green-boss-pastel-deskset-de-8-pcs-stabilo-ref-6070-08-5-4.jpg
1140637693	/s/u/surligneur-swing-cool-pastel-en-pochette-de-4-pcs-new-color-stabilo-ref-275-4-08-1-1.jpg
1140637694	/s/u/surligneur-swing-cool-pastel-en-pochette-de-8-pcs-new-color-stabilo-ref-275-8-08-1-1.jpg
1140637696	/s/u/surligneur-fluo-stabilo-shine-en-pochette-de-4-pcs-stabilo-ref-76-4-1.jpg
1140637696	/s/u/surligneur-fluo-stabilo-shine-en-pochette-de-4-pcs-stabilo-ref-76-4-2.jpg
1140637696	/s/u/surligneur-fluo-stabilo-shine-en-pochette-de-4-pcs-stabilo-ref-76-4-3.jpg
1140637697	/s/u/surligneur-swing-cool-deskset-de-18-couleurs-stabilo-ref-275-18-01-5-1.jpg
1140637697	/s/u/surligneur-swing-cool-deskset-de-18-couleurs-stabilo-ref-275-18-01-5-2.jpg
1140637697	/s/u/surligneur-swing-cool-deskset-de-18-couleurs-stabilo-ref-275-18-01-5-3.jpg
1140637697	/s/u/surligneur-swing-cool-deskset-de-18-couleurs-stabilo-ref-275-18-01-5-4.jpg
1140637699	/s/u/surligneur-boss-original-deskset-birthday-edition-23pcs-stabilo-ref-1871143-1.jpg
1140637699	/s/u/surligneur-boss-original-deskset-birthday-edition-23pcs-stabilo-ref-1871143-2.jpg
1140637699	/s/u/surligneur-boss-original-deskset-birthday-edition-23pcs-stabilo-ref-1871143-3.jpg
1140637699	/s/u/surligneur-boss-original-deskset-birthday-edition-23pcs-stabilo-ref-1871143-4.jpg
1140637699	/s/u/surligneur-boss-original-deskset-birthday-edition-23pcs-stabilo-ref-1871143-5.jpg
1140637699	/s/u/surligneur-boss-original-deskset-birthday-edition-23pcs-stabilo-ref-1871143-6.jpg
1140637998	/c/a/cahier-pique-96p-17-x-22-cm-seyes-70g-techno-ref-9810_7.jpg
1140637998	/c/a/cahier-pique-96p-17-x-22-cm-seyes-70g-techno-ref-9810_0.jpg
1140637998	/c/a/cahier-pique-96p-17-x-22-cm-seyes-70g-techno-ref-9810_1.jpg
1140637998	/c/a/cahier-pique-96p-17-x-22-cm-seyes-70g-techno-ref-9810_6.jpg
1140637998	/c/a/cahier-pique-96p-17-x-22-cm-seyes-70g-techno-ref-9810_2.jpg
1140637998	/c/a/cahier-pique-96p-17-x-22-cm-seyes-70g-techno-ref-9810_3.jpg
1140637998	/c/a/cahier-pique-96p-17-x-22-cm-seyes-70g-techno-ref-9810_4.jpg
1140637998	/c/a/cahier-pique-96p-17-x-22-cm-seyes-70g-techno-ref-9810_5.jpg
1140638092	/p/e/peinture-en-aerosol-belton-premium-400-ml-001-jaune-jasmin-molotow-ref-mo327001_0.jpg
1140638092	/p/e/peinture-en-aerosol-belton-premium-400-ml-001-jaune-jasmin-molotow-ref-mo327001.jpg
1140638093	/m/o/mo327006_463226_premium-400ml-002-zinkgelb_1.jpg
1140638094	/p/e/peinture-en-aerosol-belton-premium-400-ml-003-jaune-de-cadmium-molotow-ref-mo327082_0.jpg
1140638094	/p/e/peinture-en-aerosol-belton-premium-400-ml-003-jaune-de-cadmium-molotow-ref-mo327082_1.jpg
1140638095	/p/e/peinture-en-aerosol-belton-premium-400-ml-004-jaune-signal-molotow-ref-mo327165_0.jpg
1140638095	/p/e/peinture-en-aerosol-belton-premium-400-ml-004-jaune-signal-molotow-ref-mo327165_1.jpg
1140638096	/p/e/peinture-en-aerosol-belton-premium-400-ml-005-blanc-naturel-molotow-ref-mo327079_0.jpg
1140638097	/p/e/peinture-en-aerosol-belton-premium-400-ml-006-vanille-molotow-ref-mo327115_0.jpg
1140638097	/p/e/peinture-en-aerosol-belton-premium-400-ml-006-vanille-molotow-ref-mo327115_1.jpg
1140638099	/p/e/peinture-en-aerosol-belton-premium-400-ml-009-jaune-or-molotow-ref-mo327083_0.jpg
1140638099	/p/e/peinture-en-aerosol-belton-premium-400-ml-009-jaune-or-molotow-ref-mo327083_1.jpg
1140638100	/m/o/mo327007_463078_premium-400ml-010-melonengelb_1.jpg
1140638101	/p/e/peinture-en-aerosol-belton-premium-400-ml-011-orange-clair-slider-molotow-ref-mo327084_0.jpg
1140638101	/p/e/peinture-en-aerosol-belton-premium-400-ml-011-orange-clair-slider-molotow-ref-mo327084_1.jpg
1140638102	/p/e/peinture-en-aerosol-belton-premium-400-ml-012-orange-pastel-molotow-ref-mo327133_0.jpg
1140638102	/p/e/peinture-en-aerosol-belton-premium-400-ml-012-orange-pastel-molotow-ref-mo327133_1.jpg
1140638103	/p/e/peinture-en-aerosol-belton-premium-400-ml-014-orange-dare-molotow-ref-mo327085_0.jpg
1140638103	/p/e/peinture-en-aerosol-belton-premium-400-ml-014-orange-dare-molotow-ref-mo327085_1.jpg
1140638104	/p/e/peinture-en-aerosol-belton-premium-400-ml-016-rouge-trafic-swet-100-molotow-ref-mo327013_0.jpg
1140638104	/p/e/peinture-en-aerosol-belton-premium-400-ml-016-rouge-trafic-swet-100-molotow-ref-mo327013_1.jpg
1140638105	/p/e/peinture-en-aerosol-belton-premium-400-ml-017-rouge-tornade-molotow-ref-mo327098_0.jpg
1140638105	/p/e/peinture-en-aerosol-belton-premium-400-ml-017-rouge-tornade-molotow-ref-mo327098_1.jpg
1140638106	/p/e/peinture-en-aerosol-belton-premium-400-ml-018-rouge-rubis-molotow-ref-mo327166_0.jpg
1140638106	/p/e/peinture-en-aerosol-belton-premium-400-ml-018-rouge-rubis-molotow-ref-mo327166_1.jpg
1140638107	/p/e/peinture-en-aerosol-belton-premium-400-ml-019-bourgogne-molotow-ref-mo327086_0.jpg
1140638107	/p/e/peinture-en-aerosol-belton-premium-400-ml-019-bourgogne-molotow-ref-mo327086_1.jpg
1140638108	/p/e/peinture-en-aerosol-belton-premium-400-ml-020-grenat-molotow-ref-mo327185_0.jpg
1140638108	/p/e/peinture-en-aerosol-belton-premium-400-ml-020-grenat-molotow-ref-mo327185_1.jpg
1140638109	/p/e/peinture-en-aerosol-belton-premium-400-ml-021-rouge-noir-geser-molotow-ref-mo327139_0.jpg
1140638109	/p/e/peinture-en-aerosol-belton-premium-400-ml-021-rouge-noir-geser-molotow-ref-mo327139_1.jpg
1140638110	/m/o/mo327046.jpg
1140638111	/p/e/peinture-en-aerosol-belton-premium-400-ml-023-p_che-pastel-molotow-ref-mo327186_0.jpg
1140638111	/p/e/peinture-en-aerosol-belton-premium-400-ml-023-p_che-pastel-molotow-ref-mo327186_1.jpg
1140638112	/p/e/peinture-en-aerosol-belton-premium-400-ml-027-homard-clair-molotow-ref-mo327171_0.jpg
1140638112	/p/e/peinture-en-aerosol-belton-premium-400-ml-027-homard-clair-molotow-ref-mo327171_1.jpg
1140638113	/p/e/peinture-en-aerosol-belton-premium-400-ml-028-homard-moyen-molotow-ref-mo327242_0.jpg
1140638113	/p/e/peinture-en-aerosol-belton-premium-400-ml-028-homard-moyen-molotow-ref-mo327242_1.jpg
1140638114	/p/e/peinture-en-aerosol-belton-premium-400-ml-029-homard-molotow-ref-mo327010_0.jpg
1140638114	/p/e/peinture-en-aerosol-belton-premium-400-ml-029-homard-molotow-ref-mo327010_1.jpg
1140638115	/p/e/peinture-en-aerosol-belton-premium-400-ml-030-orange-sanguine-molotow-ref-mo327135_0.jpg
1140638115	/p/e/peinture-en-aerosol-belton-premium-400-ml-030-orange-sanguine-molotow-ref-mo327135_1.jpg
1140638116	/p/e/peinture-en-aerosol-belton-premium-400-ml-032-rouge-cerise-mad-c-molotow-ref-mo327188_0.jpg
1140638116	/p/e/peinture-en-aerosol-belton-premium-400-ml-032-rouge-cerise-mad-c-molotow-ref-mo327188_1.jpg
1140638117	/p/e/peinture-en-aerosol-belton-premium-400-ml-033-rouge-signal-molotow-ref-mo327014_0.jpg
1140638117	/p/e/peinture-en-aerosol-belton-premium-400-ml-033-rouge-signal-molotow-ref-mo327014_1.jpg
1140638118	/p/e/peinture-en-aerosol-belton-premium-400-ml-045-pamplemousse-clair-molotow-ref-mo327192_0.jpg
1140638118	/p/e/peinture-en-aerosol-belton-premium-400-ml-045-pamplemousse-clair-molotow-ref-mo327192_1.jpg
1140638128	/p/e/peinture-en-aerosol-belton-premium-400-ml-046-pamplemousse-molotow-ref-mo327122_0.jpg
1140638128	/p/e/peinture-en-aerosol-belton-premium-400-ml-046-pamplemousse-molotow-ref-mo327122_1.jpg
1140638129	/p/e/peinture-en-aerosol-belton-premium-400-ml-052-rose-porcelet-molotow-ref-mo327012_0.jpg
1140638129	/p/e/peinture-en-aerosol-belton-premium-400-ml-052-rose-porcelet-molotow-ref-mo327012_1.jpg
1140638130	/p/e/peinture-en-aerosol-belton-premium-400-ml-057-rose-chewing-gum-tilt-molotow-ref-mo327197_0.jpg
1140638130	/p/e/peinture-en-aerosol-belton-premium-400-ml-057-rose-chewing-gum-tilt-molotow-ref-mo327197_1.jpg
1140638131	/p/e/peinture-en-aerosol-belton-premium-400-ml-058-rose-fuchsia-molotow-ref-mo327136_0.jpg
1140638131	/p/e/peinture-en-aerosol-belton-premium-400-ml-058-rose-fuchsia-molotow-ref-mo327136_1.jpg
1140638132	/p/e/peinture-en-aerosol-belton-premium-400-ml-059-rose-psycho-mad-c-molotow-ref-mo327198_0.jpg
1140638132	/p/e/peinture-en-aerosol-belton-premium-400-ml-059-rose-psycho-mad-c-molotow-ref-mo327198_1.jpg
1140638133	/p/e/peinture-en-aerosol-belton-premium-400-ml-060-t_l_magenta-molotow-ref-mo327164_1.jpg
1140638133	/p/e/peinture-en-aerosol-belton-premium-400-ml-060-t_l_magenta-molotow-ref-mo327164_0_1.jpg
1140638134	/p/e/peinture-en-aerosol-belton-premium-400-ml-061-rouge-amarante-molotow-ref-mo327099_1.jpg
1140638134	/p/e/peinture-en-aerosol-belton-premium-400-ml-061-rouge-amarante-molotow-ref-mo327099_0_1.jpg
1140638135	/p/e/peinture-en-aerosol-belton-premium-400-ml-062-pourpre-macrew-molotow-ref-mo327153_1.jpg
1140638135	/p/e/peinture-en-aerosol-belton-premium-400-ml-062-pourpre-macrew-molotow-ref-mo327153_0_1.jpg
1140638136	/p/e/peinture-en-aerosol-belton-premium-400-ml-063-violet-pourpre-molotow-ref-mo327138_0.jpg
1140638136	/p/e/peinture-en-aerosol-belton-premium-400-ml-063-violet-pourpre-molotow-ref-mo327138_1.jpg
1140638137	/p/e/peinture-en-aerosol-belton-premium-400-ml-066-lilas-molotow-ref-mo327201_0.jpg
1140638137	/p/e/peinture-en-aerosol-belton-premium-400-ml-066-lilas-molotow-ref-mo327201_1.jpg
1140638138	/p/e/peinture-en-aerosol-belton-premium-400-ml-067-grappe-de-raisin-molotow-ref-mo327202_0.jpg
1140638138	/p/e/peinture-en-aerosol-belton-premium-400-ml-067-grappe-de-raisin-molotow-ref-mo327202_1.jpg
1140638139	/p/e/peinture-en-aerosol-belton-premium-400-ml-068-m_re-molotow-ref-mo327203_0.jpg
1140638139	/p/e/peinture-en-aerosol-belton-premium-400-ml-068-m_re-molotow-ref-mo327203_1.jpg
1140638140	/p/e/peinture-en-aerosol-belton-premium-400-ml-069-cassis-molotow-ref-mo327042_0.jpg
1140638140	/p/e/peinture-en-aerosol-belton-premium-400-ml-069-cassis-molotow-ref-mo327042_1.jpg
1140638141	/p/e/peinture-en-aerosol-belton-premium-400-ml-070-prune-folle-molotow-ref-mo327044_0.jpg
1140638141	/p/e/peinture-en-aerosol-belton-premium-400-ml-070-prune-folle-molotow-ref-mo327044_1.jpg
1140638142	/p/e/peinture-en-aerosol-belton-premium-400-ml-089-bleu-ciel-clair-molotow-ref-mo327211_0.jpg
1140638142	/p/e/peinture-en-aerosol-belton-premium-400-ml-089-bleu-ciel-clair-molotow-ref-mo327211_1.jpg
1140638143	/p/e/peinture-en-aerosol-belton-premium-400-ml-090-bleu-ciel-molotow-ref-mo327212_0.jpg
1140638143	/p/e/peinture-en-aerosol-belton-premium-400-ml-090-bleu-ciel-molotow-ref-mo327212_1.jpg
1140638144	/p/e/peinture-en-aerosol-belton-premium-400-ml-093-bleu-intense-moyen-molotow-ref-mo327161_0_1.jpg
1140638144	/p/e/peinture-en-aerosol-belton-premium-400-ml-093-bleu-intense-moyen-molotow-ref-mo327161_1_1.jpg
1140638145	/p/e/peinture-en-aerosol-belton-premium-400-ml-093-bleu-intense-moyen-molotow-ref-mo327161_0.jpg
1140638145	/p/e/peinture-en-aerosol-belton-premium-400-ml-093-bleu-intense-moyen-molotow-ref-mo327161_1.jpg
1140638146	/p/e/peinture-en-aerosol-belton-premium-400-ml-094-bleu-intense-molotow-ref-mo327032_0.jpg
1140638146	/p/e/peinture-en-aerosol-belton-premium-400-ml-094-bleu-intense-molotow-ref-mo327032_1.jpg
1140638147	/m/o/mo327213_463215_premium-400ml-095-tulpenblau-hell_1.jpg
1140638148	/p/e/peinture-en-aerosol-belton-premium-400-ml-096-bleu-tulipe-moyen-molotow-ref-mo327214_0.jpg
1140638148	/p/e/peinture-en-aerosol-belton-premium-400-ml-096-bleu-tulipe-moyen-molotow-ref-mo327214_1.jpg
1140638149	/p/e/peinture-en-aerosol-belton-premium-400-ml-097-bleu-tulipe-molotow-ref-mo327033_0.jpg
1140638150	/m/o/mo327209_463208_premium-400ml-102-marineblau_1.jpg
1140638151	/p/e/peinture-en-aerosol-belton-premium-400-ml-103-bleu-outremer-molotow-ref-mo327024_0.jpg
1140638151	/p/e/peinture-en-aerosol-belton-premium-400-ml-103-bleu-outremer-molotow-ref-mo327024_1.jpg
1140638152	/p/e/peinture-en-aerosol-belton-premium-400-ml-104-bleu-saphir-molotow-ref-mo327034_0.jpg
1140638152	/p/e/peinture-en-aerosol-belton-premium-400-ml-104-bleu-saphir-molotow-ref-mo327034_1.jpg
1140638153	/p/e/peinture-en-aerosol-belton-premium-400-ml-105-indigo-molotow-ref-mo327210_0.jpg
1140638153	/p/e/peinture-en-aerosol-belton-premium-400-ml-105-indigo-molotow-ref-mo327210_1.jpg
1140638154	/p/e/peinture-en-aerosol-belton-premium-400-ml-110-bleu-glacial-fonc_-molotow-ref-mo327019_1.jpg
1140638154	/p/e/peinture-en-aerosol-belton-premium-400-ml-110-bleu-glacial-fonc_-molotow-ref-mo327019_0_1.jpg
1140638155	/p/e/peinture-en-aerosol-belton-premium-400-ml-111-bleu-dauphin-molotow-ref-mo327022_0.jpg
1140638155	/p/e/peinture-en-aerosol-belton-premium-400-ml-111-bleu-dauphin-molotow-ref-mo327022_1.jpg
1140638156	/p/e/peinture-en-aerosol-belton-premium-400-ml-113-bleu-cr_me-molotow-ref-mo327113_0.jpg
1140638156	/p/e/peinture-en-aerosol-belton-premium-400-ml-113-bleu-cr_me-molotow-ref-mo327113_1.jpg
1140638157	/p/e/peinture-en-aerosol-belton-premium-400-ml-114-bleu-olympe-molotow-ref-mo327021_0.jpg
1140638157	/p/e/peinture-en-aerosol-belton-premium-400-ml-114-bleu-olympe-molotow-ref-mo327021_1.jpg
1140638158	/p/e/peinture-en-aerosol-belton-premium-400-ml-115-aquatique-molotow-ref-mo327215_0.jpg
1140638158	/p/e/peinture-en-aerosol-belton-premium-400-ml-115-aquatique-molotow-ref-mo327215_1.jpg
1140638159	/p/e/peinture-en-aerosol-belton-premium-400-ml-116-algue-molotow-ref-mo327026_0.jpg
1140638159	/p/e/peinture-en-aerosol-belton-premium-400-ml-116-algue-molotow-ref-mo327026_1.jpg
1140638165	/p/e/peinture-en-aerosol-belton-premium-400-ml-121-cara_bes-molotow-ref-mo327114_0.jpg
1140638165	/p/e/peinture-en-aerosol-belton-premium-400-ml-121-cara_bes-molotow-ref-mo327114_1.jpg
1140638166	/p/e/peinture-en-aerosol-belton-premium-400-ml-123-riviera-clair-molotow-ref-mo327072_0.jpg
1140638166	/p/e/peinture-en-aerosol-belton-premium-400-ml-123-riviera-clair-molotow-ref-mo327072_1.jpg
1140638167	/p/e/peinture-en-aerosol-belton-premium-400-ml-124-riviera-moyen-molotow-ref-mo327217_0.jpg
1140638167	/p/e/peinture-en-aerosol-belton-premium-400-ml-124-riviera-moyen-molotow-ref-mo327217_1.jpg
1140638168	/p/e/peinture-en-aerosol-belton-premium-400-ml-126-bleu-lagune-molotow-ref-mo327074_0.jpg
1140638168	/p/e/peinture-en-aerosol-belton-premium-400-ml-126-bleu-lagune-molotow-ref-mo327074_1.jpg
1140638169	/p/e/peinture-en-aerosol-belton-premium-400-ml-127-marine-martha-molotow-ref-mo327155_0.jpg
1140638169	/p/e/peinture-en-aerosol-belton-premium-400-ml-127-marine-martha-molotow-ref-mo327155_1.jpg
1140638170	/p/e/peinture-en-aerosol-belton-premium-400-ml-127-marine-martha-molotow-ref-mo327155_0_1.jpg
1140638170	/p/e/peinture-en-aerosol-belton-premium-400-ml-127-marine-martha-molotow-ref-mo327155_1_1.jpg
1140638171	/p/e/peinture-en-aerosol-belton-premium-400-ml-137-calypso-clair-molotow-ref-mo327068_0.jpg
1140638171	/p/e/peinture-en-aerosol-belton-premium-400-ml-137-calypso-clair-molotow-ref-mo327068_1.jpg
1140638172	/m/o/mo327069_463203_premium-400ml-138-calypso-mittel_1.jpg
1140638173	/p/e/peinture-en-aerosol-belton-premium-400-ml-139-calypso-fonc_-molotow-ref-mo327070_0.jpg
1140638173	/p/e/peinture-en-aerosol-belton-premium-400-ml-139-calypso-fonc_-molotow-ref-mo327070_1.jpg
1140638174	/m/o/mo327219_463237_premium-400ml-140-tuerkisgruen_1.jpg
1140638175	/p/e/peinture-en-aerosol-belton-premium-400-ml-141-vert-turquoise-moyen-molotow-ref-mo327172_0.jpg
1140638175	/p/e/peinture-en-aerosol-belton-premium-400-ml-141-vert-turquoise-moyen-molotow-ref-mo327172_1.jpg
1140638176	/p/e/peinture-en-aerosol-belton-premium-400-ml-142-vert-turquoise-fonc_-molotow-ref-mo327220_0.jpg
1140638176	/p/e/peinture-en-aerosol-belton-premium-400-ml-142-vert-turquoise-fonc_-molotow-ref-mo327220_1.jpg
1140638177	/m/o/mo327123_463283_premium-400ml-145-menthol_1.jpg
1140638178	/p/e/peinture-en-aerosol-belton-premium-400-ml-147-vert-salade-molotow-ref-mo327131_0.jpg
1140638178	/p/e/peinture-en-aerosol-belton-premium-400-ml-147-vert-salade-molotow-ref-mo327131_1.jpg
1140638179	/p/e/peinture-en-aerosol-belton-premium-400-ml-148-kiwi-pastel-molotow-ref-mo327120_0.jpg
1140638179	/p/e/peinture-en-aerosol-belton-premium-400-ml-148-kiwi-pastel-molotow-ref-mo327120_1.jpg
1140638180	/m/o/mo327119_463266_premium-400ml-149-kiwi-hell_1.jpg
1140638181	/p/e/peinture-en-aerosol-belton-premium-400-ml-150-kiwi-molotow-ref-mo327118_0.jpg
1140638181	/p/e/peinture-en-aerosol-belton-premium-400-ml-150-kiwi-molotow-ref-mo327118_1.jpg
1140638193	/a/r/ardoise-magnetique-cadre-aluminuim-20x30-cm-d-face-lignee-vert-techno-ref-9797.jpg
1140638194	/a/r/ardoise-magnetique-cadre-aluminuim-20x30-cm-d-face-lignee-blanche-techno-ref-9796.jpg
1140638197	/p/e/peinture-en-aerosol-belton-premium-400-ml-152-vert-brillant-molotow-ref-mo327061_0.jpg
1140638197	/p/e/peinture-en-aerosol-belton-premium-400-ml-152-vert-brillant-molotow-ref-mo327061_1.jpg
1140638198	/p/e/peinture-en-aerosol-belton-premium-400-ml-153-sauterelle-molotow-ref-mo327064_0.jpg
1140638198	/p/e/peinture-en-aerosol-belton-premium-400-ml-153-sauterelle-molotow-ref-mo327064_1.jpg
1140638199	/m/o/mo327222_463223_premium-400ml-156-wasabi_1.jpg
1140638200	/m/o/mo327065_463307_premium-400ml-157-cliffgruen_1.jpg
1140638201	/p/e/peinture-en-aerosol-belton-premium-400-ml-159-vert-de-vessie-molotow-ref-mo327066_0.jpg
1140638201	/p/e/peinture-en-aerosol-belton-premium-400-ml-159-vert-de-vessie-molotow-ref-mo327066_1.jpg
1140638202	/p/e/peinture-en-aerosol-belton-premium-400-ml-161-vert-feuille-molotow-ref-mo327143_0.jpg
1140638202	/p/e/peinture-en-aerosol-belton-premium-400-ml-161-vert-feuille-molotow-ref-mo327143_1.jpg
1140638203	/m/o/mo327062_463259_premium-400ml-162-mighty-green_1.jpg
1140638204	/p/e/peinture-en-aerosol-belton-premium-400-ml-163-avocat-molotow-ref-mo327224_0.jpg
1140638204	/p/e/peinture-en-aerosol-belton-premium-400-ml-163-avocat-molotow-ref-mo327224_1.jpg
1140638205	/p/e/peinture-en-aerosol-belton-premium-400-ml-164-vert-foug_re-molotow-ref-mo327142_0.jpg
1140638205	/p/e/peinture-en-aerosol-belton-premium-400-ml-164-vert-foug_re-molotow-ref-mo327142_1.jpg
1140638206	/m/o/mo327225_463239_premium-400ml-165-moosgruen_1.jpg
1140638207	/m/o/mo327262_463301_premium-400ml-182-1-senfgelb_1.jpg
1140638208	/p/e/peinture-en-aerosol-belton-premium-400-ml-185-caf_-au-lait-molotow-ref-mo327075_0.jpg
1140638208	/p/e/peinture-en-aerosol-belton-premium-400-ml-185-caf_-au-lait-molotow-ref-mo327075_1.jpg
1140638209	/m/o/mo327094_463170_premium-400ml-187-espresso_1.jpg
1140638210	/p/e/peinture-en-aerosol-belton-premium-400-ml-188-moka-molotow-ref-mo327173_0.jpg
1140638210	/p/e/peinture-en-aerosol-belton-premium-400-ml-188-moka-molotow-ref-mo327173_1.jpg
1140638211	/m/o/mo327230_463238_premium-400ml-189-saharabeige-hell_1.jpg
1140638212	/p/e/peinture-en-aerosol-belton-premium-400-ml-190-beige-sahara-moyen-molotow-ref-mo327231_0.jpg
1140638212	/p/e/peinture-en-aerosol-belton-premium-400-ml-190-beige-sahara-moyen-molotow-ref-mo327231_1.jpg
1140638213	/m/o/mo327005_463258_premium-400ml-191-saharabeige_1.jpg
1140638214	/p/e/peinture-en-aerosol-belton-premium-400-ml-198-brun-ocre-molotow-ref-mo327150_0.jpg
1140638214	/p/e/peinture-en-aerosol-belton-premium-400-ml-198-brun-ocre-molotow-ref-mo327150_1.jpg
1140638215	/p/e/peinture-en-aerosol-belton-premium-400-ml-207-noisette-molotow-ref-mo327092_0.jpg
1140638215	/p/e/peinture-en-aerosol-belton-premium-400-ml-207-noisette-molotow-ref-mo327092_1.jpg
1140638216	/p/e/peinture-en-aerosol-belton-premium-400-ml-208-brun-chocolat-molotow-ref-mo327152_0.jpg
1140638216	/p/e/peinture-en-aerosol-belton-premium-400-ml-208-brun-chocolat-molotow-ref-mo327152_1.jpg
1140638217	/m/o/mo327093_463172_premium-400ml-209-dunkelbraun-cmp_1_1_.jpg
1140638218	/p/e/peinture-en-aerosol-belton-premium-400-ml-214-noir-signal-toast-molotow-ref-mo327180_0.jpg
1140638218	/p/e/peinture-en-aerosol-belton-premium-400-ml-214-noir-signal-toast-molotow-ref-mo327180_1.jpg
1140638219	/p/e/peinture-en-aerosol-belton-premium-400-ml-215-gris-noir-neutre-molotow-ref-mo327103_1.jpg
1140638219	/p/e/peinture-en-aerosol-belton-premium-400-ml-215-gris-noir-neutre-molotow-ref-mo327103_0_1.jpg
1140638220	/p/e/peinture-en-aerosol-belton-premium-400-ml-216-gris-fonc_-neutre-molotow-ref-mo327102_1.jpg
1140638220	/p/e/peinture-en-aerosol-belton-premium-400-ml-216-gris-fonc_-neutre-molotow-ref-mo327102_0_1.jpg
1140638221	/p/e/peinture-en-aerosol-belton-premium-400-ml-217-gris-moyen-neutre-caparso-molotow-ref-mo327101_1.jpg
1140638221	/p/e/peinture-en-aerosol-belton-premium-400-ml-217-gris-moyen-neutre-caparso-molotow-ref-mo327101_0_1.jpg
1140638222	/p/e/peinture-en-aerosol-belton-premium-400-ml-232-jaune-fluo-molotow-ref-mo327350_0.jpg
1140638222	/p/e/peinture-en-aerosol-belton-premium-400-ml-232-jaune-fluo-molotow-ref-mo327350_1.jpg
1140638223	/m/o/mo327351_463083_premium-neon-400ml-233-neonorange_1.jpg
1140638224	/p/e/peinture-en-aerosol-belton-premium-400-ml-234-rose-fluo-molotow-ref-mo327352_0.jpg
1140638224	/p/e/peinture-en-aerosol-belton-premium-400-ml-234-rose-fluo-molotow-ref-mo327352_1.jpg
1140638225	/m/o/mo327353_463074_premium-neon-400ml-235-neonblau_1.jpg
1140638226	/p/e/peinture-en-aerosol-belton-premium-400-ml-236-vert-fluo-molotow-ref-mo327354_0.jpg
1140638226	/p/e/peinture-en-aerosol-belton-premium-400-ml-236-vert-fluo-molotow-ref-mo327354_1.jpg
1140638227	/p/e/peinture-en-aerosol-belton-premium-400-ml-236-1-antistatik-rouge-fluo-molotow-ref-mo327355_0.jpg
1140638227	/p/e/peinture-en-aerosol-belton-premium-400-ml-236-1-antistatik-rouge-fluo-molotow-ref-mo327355_1.jpg
1140638228	/p/e/peinture-en-aerosol-belton-premium-400-ml-234-1-violet-fluo-molotow-ref-mo327356_0.jpg
1140638229	/p/e/peinture-en-aerosol-belton-premium-400-ml-235-1-turquoise-fluo-molotow-ref-mo327357_0.jpg
1140638229	/p/e/peinture-en-aerosol-belton-premium-400-ml-235-1-turquoise-fluo-molotow-ref-mo327357_1.jpg
1140638316	/c/a/cahier-pique-120p-17x22cm-seyes-70g-techno-ref-9805_0.jpg
1140638316	/c/a/cahier-pique-120p-17x22cm-seyes-70g-techno-ref-9805_1.jpg
1140638316	/c/a/cahier-pique-120p-17x22cm-seyes-70g-techno-ref-9805_2.jpg
1140638316	/c/a/cahier-pique-120p-17x22cm-seyes-70g-techno-ref-9805_3.jpg
1140638316	/c/a/cahier-pique-120p-17x22cm-seyes-70g-techno-ref-9805_7.jpg
1140638316	/c/a/cahier-pique-120p-17x22cm-seyes-70g-techno-ref-9805_4.jpg
1140638316	/c/a/cahier-pique-120p-17x22cm-seyes-70g-techno-ref-9805_5.jpg
1140638316	/c/a/cahier-pique-120p-17x22cm-seyes-70g-techno-ref-9805_6.jpg
1140638317	/c/a/cahier-pique-192p-17x22cm-seyes-70g-techno-ref-9806_1.jpg
1140638317	/c/a/cahier-pique-192p-17x22cm-seyes-70g-techno-ref-9806_2.jpg
1140638317	/c/a/cahier-pique-192p-17x22cm-seyes-70g-techno-ref-9806_3.jpg
1140638317	/c/a/cahier-pique-192p-17x22cm-seyes-70g-techno-ref-9806_4.jpg
1140638317	/c/a/cahier-pique-192p-17x22cm-seyes-70g-techno-ref-9806_5.jpg
1140638317	/c/a/cahier-pique-192p-17x22cm-seyes-70g-techno-ref-9806_6.jpg
1140638317	/c/a/cahier-pique-192p-17x22cm-seyes-70g-techno-ref-9806_7.jpg
1140638317	/c/a/cahier-pique-192p-17x22cm-seyes-70g-techno-ref-9806_0.jpg
1140638318	/c/a/cahier-pique-32p-17x22cm-seyes-70g-techno-ref-9807_4.jpg
1140638318	/c/a/cahier-pique-32p-17x22cm-seyes-70g-techno-ref-9807_5.jpg
1140638318	/c/a/cahier-pique-32p-17x22cm-seyes-70g-techno-ref-9807_6.jpg
1140638318	/c/a/cahier-pique-32p-17x22cm-seyes-70g-techno-ref-9807_7.jpg
1140638318	/c/a/cahier-pique-32p-17x22cm-seyes-70g-techno-ref-9807_0.jpg
1140638318	/c/a/cahier-pique-32p-17x22cm-seyes-70g-techno-ref-9807_1.jpg
1140638318	/c/a/cahier-pique-32p-17x22cm-seyes-70g-techno-ref-9807_2.jpg
1140638318	/c/a/cahier-pique-32p-17x22cm-seyes-70g-techno-ref-9807_3.jpg
1140638319	/c/a/cahier-pique-48p-17x22cm-seyes-70g-techno-ref-9808_7.jpg
1140638319	/c/a/cahier-pique-48p-17x22cm-seyes-70g-techno-ref-9808_0.jpg
1140638319	/c/a/cahier-pique-48p-17x22cm-seyes-70g-techno-ref-9808_1.jpg
1140638319	/c/a/cahier-pique-48p-17x22cm-seyes-70g-techno-ref-9808_2.jpg
1140638319	/c/a/cahier-pique-48p-17x22cm-seyes-70g-techno-ref-9808_3.jpg
1140638319	/c/a/cahier-pique-48p-17x22cm-seyes-70g-techno-ref-9808_4.jpg
1140638320	/c/a/cahier-pique-64p-17x22cm-seyes-70g-techno-ref-9809_4.jpg
1140638320	/c/a/cahier-pique-64p-17x22cm-seyes-70g-techno-ref-9809_5.jpg
1140638320	/c/a/cahier-pique-64p-17x22cm-seyes-70g-techno-ref-9809_7.jpg
1140638320	/c/a/cahier-pique-64p-17x22cm-seyes-70g-techno-ref-9809_8.jpg
1140638320	/c/a/cahier-pique-64p-17x22cm-seyes-70g-techno-ref-9809_0.jpg
1140638320	/c/a/cahier-pique-64p-17x22cm-seyes-70g-techno-ref-9809_1.jpg
1140638320	/c/a/cahier-pique-64p-17x22cm-seyes-70g-techno-ref-9809_2.jpg
1140638320	/c/a/cahier-pique-64p-17x22cm-seyes-70g-techno-ref-9809_3.jpg
1140638321	/c/a/cahier-pique-tp-120p-17x22-cm-seyes-70g-techno-ref-9811_0_1.jpg
1140638321	/c/a/cahier-pique-tp-120p-17x22-cm-seyes-70g-techno-ref-9811_1_1.jpg
1140638321	/c/a/cahier-pique-tp-120p-17x22-cm-seyes-70g-techno-ref-9811_2_1.jpg
1140638321	/c/a/cahier-pique-tp-120p-17x22-cm-seyes-70g-techno-ref-9811_3_1.jpg
1140638321	/c/a/cahier-pique-tp-120p-17x22-cm-seyes-70g-techno-ref-9811_4_1.jpg
1140638321	/c/a/cahier-pique-tp-120p-17x22-cm-seyes-70g-techno-ref-9811_5_1.jpg
1140638321	/c/a/cahier-pique-tp-120p-17x22-cm-seyes-70g-techno-ref-9811_6_1.jpg
1140638321	/c/a/cahier-pique-tp-120p-17x22-cm-seyes-70g-techno-ref-9811_7_1.jpg
1140638321	/c/a/cahier-pique-tp-120p-17x22-cm-seyes-70g-techno-ref-9811_8_1.jpg
1140638321	/c/a/cahier-pique-tp-120p-17x22-cm-seyes-70g-techno-ref-9811_9_1.jpg
1140638321	/c/a/cahier-pique-tp-120p-17x22-cm-seyes-70g-techno-ref-9811_10_1.jpg
1140638321	/c/a/cahier-pique-tp-120p-17x22-cm-seyes-70g-techno-ref-9811_11_1.jpg
1140638321	/c/a/cahier-pique-tp-120p-17x22-cm-seyes-70g-techno-ref-9811_12_1.jpg
1140638321	/c/a/cahier-pique-tp-120p-17x22-cm-seyes-70g-techno-ref-9811_13_1.jpg
1140638321	/c/a/cahier-pique-tp-120p-17x22-cm-seyes-70g-techno-ref-9811_14_1.jpg
1140638321	/c/a/cahier-pique-tp-120p-17x22-cm-seyes-70g-techno-ref-9811_16_1.jpg
1140638322	/c/a/cahier-pique-tp-64p-17-x-22-cm-seyes-70g-techno-ref-9812_2.jpg
1140638322	/c/a/cahier-pique-tp-64p-17-x-22-cm-seyes-70g-techno-ref-9812_3.jpg
1140638322	/c/a/cahier-pique-tp-64p-17-x-22-cm-seyes-70g-techno-ref-9812_4.jpg
1140638322	/c/a/cahier-pique-tp-64p-17-x-22-cm-seyes-70g-techno-ref-9812_5.jpg
1140638322	/c/a/cahier-pique-tp-64p-17-x-22-cm-seyes-70g-techno-ref-9812_6.jpg
1140638322	/c/a/cahier-pique-tp-64p-17-x-22-cm-seyes-70g-techno-ref-9812_7.jpg
1140638322	/c/a/cahier-pique-tp-64p-17-x-22-cm-seyes-70g-techno-ref-9812_8.jpg
1140638322	/c/a/cahier-pique-tp-64p-17-x-22-cm-seyes-70g-techno-ref-9812_9.jpg
1140638322	/c/a/cahier-pique-tp-64p-17-x-22-cm-seyes-70g-techno-ref-9812_10.jpg
1140638322	/c/a/cahier-pique-tp-64p-17-x-22-cm-seyes-70g-techno-ref-9812_11.jpg
1140638322	/c/a/cahier-pique-tp-64p-17-x-22-cm-seyes-70g-techno-ref-9812_12.jpg
1140638322	/c/a/cahier-pique-tp-64p-17-x-22-cm-seyes-70g-techno-ref-9812_13.jpg
1140638322	/c/a/cahier-pique-tp-64p-17-x-22-cm-seyes-70g-techno-ref-9812_14.jpg
1140638322	/c/a/cahier-pique-tp-64p-17-x-22-cm-seyes-70g-techno-ref-9812_15.jpg
1140638322	/c/a/cahier-pique-tp-64p-17-x-22-cm-seyes-70g-techno-ref-9812_0.jpg
1140638322	/c/a/cahier-pique-tp-64p-17-x-22-cm-seyes-70g-techno-ref-9812_1.jpg
1140638323	/c/a/cahier-pique-tp-64p-21-x-29_7-cm-seyes-70-techno-ref-9813_4.jpg
1140638323	/c/a/cahier-pique-tp-64p-21-x-29_7-cm-seyes-70-techno-ref-9813_5.jpg
1140638323	/c/a/cahier-pique-tp-64p-21-x-29_7-cm-seyes-70-techno-ref-9813_0.jpg
1140638323	/c/a/cahier-pique-tp-64p-21-x-29_7-cm-seyes-70-techno-ref-9813_1.jpg
1140638323	/c/a/cahier-pique-tp-64p-21-x-29_7-cm-seyes-70-techno-ref-9813_2.jpg
1140638323	/c/a/cahier-pique-tp-64p-21-x-29_7-cm-seyes-70-techno-ref-9813_3.jpg
1140638324	/c/a/cahier-pique-tp-96p-17-x-22-cm-seyes-70-g-techno-ref-9814_6.jpg
1140638324	/c/a/cahier-pique-tp-96p-17-x-22-cm-seyes-70-g-techno-ref-9814_7.jpg
1140638324	/c/a/cahier-pique-tp-96p-17-x-22-cm-seyes-70-g-techno-ref-9814_8.jpg
1140638324	/c/a/cahier-pique-tp-96p-17-x-22-cm-seyes-70-g-techno-ref-9814_9.jpg
1140638324	/c/a/cahier-pique-tp-96p-17-x-22-cm-seyes-70-g-techno-ref-9814_10.jpg
1140638324	/c/a/cahier-pique-tp-96p-17-x-22-cm-seyes-70-g-techno-ref-9814_11.jpg
1140638324	/c/a/cahier-pique-tp-96p-17-x-22-cm-seyes-70-g-techno-ref-9814_12.jpg
1140638324	/c/a/cahier-pique-tp-96p-17-x-22-cm-seyes-70-g-techno-ref-9814_13.jpg
1140638324	/c/a/cahier-pique-tp-96p-17-x-22-cm-seyes-70-g-techno-ref-9814_14.jpg
1140638324	/c/a/cahier-pique-tp-96p-17-x-22-cm-seyes-70-g-techno-ref-9814_15.jpg
1140638324	/c/a/cahier-pique-tp-96p-17-x-22-cm-seyes-70-g-techno-ref-9814_0.jpg
1140638324	/c/a/cahier-pique-tp-96p-17-x-22-cm-seyes-70-g-techno-ref-9814_1.jpg
1140638324	/c/a/cahier-pique-tp-96p-17-x-22-cm-seyes-70-g-techno-ref-9814_2_1.jpg
1140638324	/c/a/cahier-pique-tp-96p-17-x-22-cm-seyes-70-g-techno-ref-9814_3.jpg
1140638324	/c/a/cahier-pique-tp-96p-17-x-22-cm-seyes-70-g-techno-ref-9814_4.jpg
1140638324	/c/a/cahier-pique-tp-96p-17-x-22-cm-seyes-70-g-techno-ref-9814_5.jpg
1140638325	/c/a/cahier-pique-tp-96p-21-x-29_7cm-seyes-70g-techno-ref-9815_0.jpg
1140638325	/c/a/cahier-pique-tp-96p-21-x-29_7cm-seyes-70g-techno-ref-9815_1.jpg
1140638325	/c/a/cahier-pique-tp-96p-21-x-29_7cm-seyes-70g-techno-ref-9815_2.jpg
1140638325	/c/a/cahier-pique-tp-96p-21-x-29_7cm-seyes-70g-techno-ref-9815_3.jpg
1140638325	/c/a/cahier-pique-tp-96p-21-x-29_7cm-seyes-70g-techno-ref-9815_4.jpg
1140638325	/c/a/cahier-pique-tp-96p-21-x-29_7cm-seyes-70g-techno-ref-9815_5.jpg
1140638410	/s/t/stylo-a-bille-focus-1_0-mm-bleu-techno-ref-9791.jpg
1140638410	/s/t/stylo-a-bille-focus-1_0-mm-bleu-techno-ref-9791-1.jpg
1140638411	/s/t/stylo-a-bille-focus-1_0-mm-vert-techno-ref-9792.jpg
1140638411	/s/t/stylo-a-bille-focus-1_0-mm-vert-techno-ref-9792-1.jpg
1140638412	/s/t/stylo-a-bille-focus-1_0-mm-rouge-techno-ref-9793.jpg
1140638412	/s/t/stylo-a-bille-focus-1_0-mm-rouge-techno-ref-9793-1.jpg
1140638413	/s/t/stylo-a-bille-focus-1_0-mm-noir-techno-ref-9794_1.jpg
1140638413	/s/t/stylo-a-bille-focus-1_0-mm-noir-techno-ref-9794-1_1.jpg
1140638591	/t/a/tableau-blanc-mural-quadrille-d-faces-blanc-blanc-45-x-60-cm-techno-ref-9821.jpg
1140638592	/t/a/tableau-blanc-mural-quadrille-d-faces-blanc-blanc-60-x-90-cm-techno-ref-9822.jpg
1140638593	/t/a/tableau-blanc-mural-quadrille-d-faces-blanc-blanc-90-x-120cm-techno-ref-9823.jpg
1140638594	/t/a/tableau-blanc-mural-quadrille-d-faces-blanc-blanc-100x150cm-techno-ref-9824.jpg
1140638595	/t/a/tableau-blanc-mural-quadrille-d-faces-blanc-blanc-100x200cm-techno-ref-9825.jpg
1140638596	/t/a/tableau-blanc-mural-quadrille-d-faces-blanc-blanc-120x180cm-techno-ref-9826.jpg
1140638597	/t/a/tableau-blanc-mural-quadrille-d-faces-blanc-blanc-120x240cm-techno-ref-9827.jpg
1140638598	/t/a/tableau-blanc-mural-quadrille-d-faces-blanc-vert-45-x-60-cm-techno-ref-9828.jpg
1140638599	/t/a/tableau-blanc-mural-quadrille-d-faces-blanc-vert-60-x-90-cm-techno-ref-9829.jpg
1140638600	/t/a/tableau-blanc-mural-quadrille-d-faces-blanc-vert-90-x-120-cm-techno-ref-9830.jpg
1140638601	/t/a/tableau-blanc-mural-quadrille-d-faces-blanc-vert-100-x-150cm-techno-ref-9831.jpg
1140638602	/t/a/tableau-blanc-mural-quadrille-d-faces-blanc-vert-100-x-200cm-techno-ref-9832.jpg
1140638603	/t/a/tableau-blanc-mural-quadrille-d-faces-blanc-vert-100-x-400cm-techno-ref-9833.jpg
1140638648	/r/e/recharge-magic-pen-bleu-techno-ref-6690.jpg
1140638649	/r/e/recharge-magic-pen-vert-techno-ref-6691.jpg
1140638651	/s/t/stylo-magic-pen-bleu-techno-ref-6693.jpg
1140638651	/s/t/stylo-magic-pen-bleu-techno-ref-6693_0.jpg
1140638652	/s/t/stylo-magic-pen-vert-techno-ref-6694.jpg
1140638652	/s/t/stylo-magic-pen-vert-techno-ref-6694_0.jpg
1140638654	/s/t/stylo-magic-techno-pen-clic-bleu-ref-6696.jpg
1140638655	/s/t/stylo-magic-techno-pen-clic-vert-ref-6697.jpg
1140638804	/p/u/punaises-chromees-boite-de-50-pcs-techno-ref-6530._2.jpg
1140638805	/p/u/punaises-en-couleurs-boite-de-50-pcs-techno-ref-6531.jpg
1140638810	/6/4/6453__copy1.png
1140638811	/6/4/6454____copy1.png
1140638812	/6/4/6455__copy1.png
1140638813	/6/4/6456_____copy1.png
1140639272	/s/u/surligneur-fluo-stabilo-shine-jaune-stabilo-ref-76-24-1.jpg
1140639272	/s/u/surligneur-fluo-stabilo-shine-jaune-stabilo-ref-76-24-2.jpg
1140639273	/s/u/surligneur-fluo-stabilo-shine-en-vert-stabilo-ref-76-33-1.jpg
1140639273	/s/u/surligneur-fluo-stabilo-shine-en-vert-stabilo-ref-76-33-2.jpg
1140639274	/s/u/surligneur-fluo-stabilo-shine-en-orange-stabilo-ref-76-54-1.jpg
1140639274	/s/u/surligneur-fluo-stabilo-shine-en-orange-stabilo-ref-76-54-2.jpg
1140639275	/s/u/surligneur-fluo-stabilo-shine-en-rose-stabilo-ref-76-56-1.jpg
1140639275	/s/u/surligneur-fluo-stabilo-shine-en-rose-stabilo-ref-76-56-2.jpg
1140639625	/t/a/tableau-blanc-mural-quadrille-d-faces-blanc-noir-45-x-60-cm-techno-ref-9834.jpg
1140639626	/t/a/tableau-blanc-mural-quadrille-d-faces-blanc-noir-60-x-90-cm-techno-ref-9835.jpg
1140639627	/t/a/tableau-blanc-mural-quadrille-d-faces-blanc-noir-90-x-120-cm-techno-ref-9836.jpg
1140639628	/t/a/tableau-blanc-mural-quadrille-d-faces-blanc-noir-100-x-150-cm-techno-ref-9837.jpg
1140639629	/t/a/tableau-blanc-mural-quadrille-d-faces-blanc-noir-100-x-200-cm-techno-ref-9838.jpg
1140640138	/c/r/crayons-de-couleur-square-bicolores-boite-de-12x2-couleurs-techno-ref-6579.jpg
1140640221	/p/r/protege-cahier-36-x-22_5-cm-cristal-bleu-techno-ref-9874.jpg
1140640222	/p/r/protege-cahier-36-x-22_5-cm-cristal-jaune-techno-ref-9875.jpg
1140640223	/p/r/protege-cahier-36-x-22_5-cm-cristal-rouge-techno-ref-9876.jpg
1140640224	/p/r/protege-cahier-36-x-22_5-cm-cristal-vert-techno-ref-9877.jpg
1140640225	/p/r/protege-cahier-36-x-22_5-cm-cristal-transparent-techno-ref-9878.jpg
1140640226	/p/r/protege-cahier-36-x-22_5-cm-cristal-marron-techno-ref-9879.jpg
1140640227	/p/r/protege-cahier-36-x-22_5-cm-cristal-orange-techno-ref-9880.jpg
1140640228	/p/r/protege-cahier-36-x-22_5-cm-cristal-rose-techno-ref-9881.jpg
1140640229	/p/r/protege-cahier-36-x-22_5-cm-cristal-violet-techno-ref-9882.jpg
1140640230	/p/r/protege-cahier-36-x-22_5-cm-cristal-fume-techno-ref-9883.jpg
1140640271	/i/n/intercalaire-en-pp-a4-numerique-1-6-techno-ref-6725.jpg
1140640272	/i/n/intercalaire-en-pp-a4-numerique-1-12-techno-ref-6726.jpg
1140640273	/i/n/intercalaire-en-pp-a4-numerique-1-31-techno-ref-6727.jpg
1140640274	/i/n/intercalaire-en-pp-a4-mensuel-j-d-techno-ref-6728.jpg
1140640275	/i/n/intercalaire-en-pp-a4-alphabetique-a-z-techno-ref-6729.jpg
1140640293	/n/e/nettoyant-tableau-blanc-150-ml-techno-ref-9895.jpg
1140640448	/c/a/cahier-spirale-120p-17-x-22-cm-seyes-70g-techno-ref-9816_4.jpg
1140640448	/c/a/cahier-spirale-120p-17-x-22-cm-seyes-70g-techno-ref-9816_5.jpg
1140640448	/c/a/cahier-spirale-120p-17-x-22-cm-seyes-70g-techno-ref-9816_6.jpg
1140640448	/c/a/cahier-spirale-120p-17-x-22-cm-seyes-70g-techno-ref-9816_7.jpg
1140640448	/c/a/cahier-spirale-120p-17-x-22-cm-seyes-70g-techno-ref-9816_8.jpg
1140640448	/c/a/cahier-spirale-120p-17-x-22-cm-seyes-70g-techno-ref-9816_1.jpg
1140640448	/c/a/cahier-spirale-120p-17-x-22-cm-seyes-70g-techno-ref-9816_2.jpg
1140640448	/c/a/cahier-spirale-120p-17-x-22-cm-seyes-70g-techno-ref-9816_3.jpg
1140640449	/c/a/cahier-spirale-192p-17-x-22-cm-seyes-70g-techno-ref-9817_0.jpg
1140640449	/c/a/cahier-spirale-192p-17-x-22-cm-seyes-70g-techno-ref-9817_1.jpg
1140640449	/c/a/cahier-spirale-192p-17-x-22-cm-seyes-70g-techno-ref-9817_2.jpg
1140640449	/c/a/cahier-spirale-192p-17-x-22-cm-seyes-70g-techno-ref-9817_3.jpg
1140640449	/c/a/cahier-spirale-192p-17-x-22-cm-seyes-70g-techno-ref-9817_4.jpg
1140640449	/c/a/cahier-spirale-192p-17-x-22-cm-seyes-70g-techno-ref-9817_5.jpg
1140640449	/c/a/cahier-spirale-192p-17-x-22-cm-seyes-70g-techno-ref-9817_6.jpg
1140640449	/c/a/cahier-spirale-192p-17-x-22-cm-seyes-70g-techno-ref-9817_7.jpg
1140640449	/c/a/cahier-spirale-192p-17-x-22-cm-seyes-70g-techno-ref-9817_8.jpg
1140640449	/c/a/cahier-spirale-192p-17-x-22-cm-seyes-70g-techno-ref-9817_9.jpg
1140640449	/c/a/cahier-spirale-192p-17-x-22-cm-seyes-70g-techno-ref-9817_10.jpg
1140640449	/c/a/cahier-spirale-192p-17-x-22-cm-seyes-70g-techno-ref-9817_11.jpg
1140640449	/c/a/cahier-spirale-192p-17-x-22-cm-seyes-70g-techno-ref-9817_12.jpg
1140640449	/c/a/cahier-spirale-192p-17-x-22-cm-seyes-70g-techno-ref-9817_13.jpg
1140640449	/c/a/cahier-spirale-192p-17-x-22-cm-seyes-70g-techno-ref-9817_14.jpg
1140640449	/c/a/cahier-spirale-192p-17-x-22-cm-seyes-70g-techno-ref-9817_15.jpg
1140640450	/c/a/cahier-spirale-288p-17-x-22-cm-seyes-70g-techno-ref-9818_1.jpg
1140640450	/c/a/cahier-spirale-288p-17-x-22-cm-seyes-70g-techno-ref-9818_2.jpg
1140640450	/c/a/cahier-spirale-288p-17-x-22-cm-seyes-70g-techno-ref-9818_3.jpg
1140640450	/c/a/cahier-spirale-288p-17-x-22-cm-seyes-70g-techno-ref-9818_4.jpg
1140640450	/c/a/cahier-spirale-288p-17-x-22-cm-seyes-70g-techno-ref-9818_5.jpg
1140640450	/c/a/cahier-spirale-288p-17-x-22-cm-seyes-70g-techno-ref-9818_6.jpg
1140640450	/c/a/cahier-spirale-288p-17-x-22-cm-seyes-70g-techno-ref-9818_7.jpg
1140640450	/c/a/cahier-spirale-288p-17-x-22-cm-seyes-70g-techno-ref-9818_8.jpg
1140640451	/c/a/cahier-spirale-96p-17-x-22-cm-seyes-70g-techno-ref-9819_1.jpg
1140640451	/c/a/cahier-spirale-96p-17-x-22-cm-seyes-70g-techno-ref-9819_2.jpg
1140640451	/c/a/cahier-spirale-96p-17-x-22-cm-seyes-70g-techno-ref-9819_3.jpg
1140640451	/c/a/cahier-spirale-96p-17-x-22-cm-seyes-70g-techno-ref-9819_4.jpg
1140640451	/c/a/cahier-spirale-96p-17-x-22-cm-seyes-70g-techno-ref-9819_5.jpg
1140640451	/c/a/cahier-spirale-96p-17-x-22-cm-seyes-70g-techno-ref-9819_6.jpg
1140640451	/c/a/cahier-spirale-96p-17-x-22-cm-seyes-70g-techno-ref-9819_7.jpg
1140640451	/c/a/cahier-spirale-96p-17-x-22-cm-seyes-70g-techno-ref-9819_8.jpg
1140640531	/s/a/sac-a-dos-creche-little-ruby-tiger-family-ref-2201-f4_1.png
1140640538	/s/a/sac-a-gouter-bag-glizy-mermaid-tiger-family-ref-sg221-f.png
1140640539	/t/r/trousse-ovale-a-rabat-ambience-tiger-family-ref-tr220-g_1.jpg
1140640540	/s/a/sacoche-a-main-kids-rush-hour-tiger-family-ref-scm221-g.png
1140640549	/s/a/sac-a-dos-ergonomique-rainbow-bubbles-go-green--tiger-family-ref-2212-f3.png
1140640559	/s/a/sac-a-dos-ergonomique-earnest-robot-in-space-tiger-family-ref-2231-g.png
1140640580	/s/a/sac-a-dos-fun-time-cuddle-me-now-tiger-family-ref-2213-f.png
1140640582	/s/a/sac-a-dos-creche-little-travelers-mini-little-ruby-tiger-family-ref-2201-f_1.png
1140640585	/s/a/sac-a-dos-ergonomique-compact-soft-green-field-tiger-family-ref-2252-g.png
1140640589	/s/a/sac-a-dos-ergonomique-earnest-enchanted-moment-tiger-family-ref-2231-f.png
1140640607	/t/r/trousse-fantaisie-rainbow-desserts-tiger-family-ref-tr226-f.png
1140640608	/t/r/trousse-fantaisie-magical-tiger-family-ref-tr226-f.png
1140640610	/s/a/sac-a-main-kids-alluring-forest-tiger-family-ref-sm221-f.png
1140640611	/s/a/sac-a-main-kids-icy-heart-tiger-family-ref-sm221-f.png
1140640612	/s/a/sac-a-dos-ergonomique-max-purple-sky-tiger-family-ref-2282-f.png
1140640612	/s/a/sac-a-dos-ergonomique-max-purple-sky-tiger-family-ref-2282-f-1.png
1140640613	/s/a/sac-a-dos-ergonomique-max-blossoms-tiger-family-ref-2282-f.png
1140640613	/s/a/sac-a-dos-ergonomique-max-blossoms-tiger-family-ref-2282-f-1.png
1140640614	/s/a/sac-a-dos-ergonomique-max-swirl-tiger-family-ref-2282-f.png
1140640614	/s/a/sac-a-dos-ergonomique-max-swirl-tiger-family-ref-2282-f-1.png
1140640615	/s/a/sac-a-dos-ergonomique-max-carnival-tiger-family-ref-2282-f.png
1140640615	/s/a/sac-a-dos-ergonomique-max-carnival-tiger-family-ref-2282-f-1.png
1140640616	/s/a/sac-a-dos-ergonomique-max-storm-tiger-family-ref-2282-g.png
1140640616	/s/a/sac-a-dos-ergonomique-max-storm-tiger-family-ref-2282-g-1.png
1140640617	/s/a/sac-a-dos-ergonomique-max-neon-sky-tiger-family-ref-2282-g.png
1140640617	/s/a/sac-a-dos-ergonomique-max-neon-sky-tiger-family-ref-2282-g-1.png
1140640629	/s/a/sac-a-dos-ergonomique-max-division-tiger-family-ref-2282-g.png
1140640629	/s/a/sac-a-dos-ergonomique-max-division-tiger-family-ref-2282-g-1.png
1140640631	/s/a/sac-a-dos-ergonomique-max-voltage-tiger-family-ref-2282-g-1.png
1140640631	/s/a/sac-a-dos-ergonomique-max-voltage-tiger-family-ref-2282-g.png
1140640636	/s/a/sac-a-dos-ergonomique-jolly-pro-sapphire-heart-tiger-family-ref-2212-f.png
1140640637	/s/a/sac-a-dos-ergonomique-jolly-pro-mayas-party-tiger-family-ref-2212-f.png
1140640638	/s/a/sac-a-dos-ergonomique-jolly-pro-dream-on-sequins--tiger-family-ref-2212-f2.png
1140640639	/s/a/sac-a-dos-ergonomique-jolly-pro-lovely-kitty-cat-sequins--tiger-family-ref-2212-f2.png
1140640640	/2/2/2211-f3.png
1140640641	/s/a/sac-a-dos-ergonomique-jolly-dino-and-beyond-go-green--tiger-family-ref-2211-g3-01.png
1140640650	/t/r/trousse-ovale-a-rabat-dream-on-tiger-family-ref-tr220-f.png
1140640651	/t/r/trousse-ovale-a-rabat-wild-out-tiger-family-ref-tr220-f.png
1140640652	/t/r/trousse-ovale-a-rabat-enchanted-moment-tiger-family-ref-tr220-f.png
1140640653	/s/a/sacoche-a-main-kids-lovely-things-tiger-family-ref-scm221-f.png
1140640654	/s/a/sacoche-a-main-kids-glittery-night-tiger-family-ref-scm221-f.png
1140640655	/t/r/trousse-a-rabat-rainbow-bubbles-tiger-family-ref-tr223-f2.png
1140640656	/t/r/trousse-a-rabat-frozen-yogurt-tiger-family-ref-tr223-f2.png
1140640657	/t/r/trousse-a-rabat-lovely-things-tiger-family-ref-tr223-f2.png
1140640658	/t/r/trousse-a-rabat-dino-and-beyond-tiger-family-ref-tr223-g2.png
1140640659	/t/r/trousse-a-rabat-lighning-strike-tiger-family-ref-tr223-g2.png
1140640660	/t/r/trousse-a-rabat-level-up-tiger-family-ref-tr223-g2.png
1140640661	/t/r/trousse-a-rabat-pack-carnival-tiger-family-ref-tr223-f.png
1140640662	/t/r/trousse-a-rabat-pack-blossoms-tiger-family-ref-tr223-f.png
1140640666	/t/r/trousse-a-rabat-neon-sky-tiger-family-ref-tr223-g.png
1140640667	/t/r/trousse-a-rabat-division-tiger-family-ref-tr223-g.png
1140640668	/s/a/sac-a-dos-ergonomique-eggie-lighning-strike-go-green--tiger-family-ref-2214-g.png
1140640668	/s/a/sac-a-dos-ergonomique-eggie-lighning-strike-go-green--tiger-family-ref-2214-g-1.png
1140640669	/s/a/sac-a-dos-ergonomique-eggie-dino-and-beyond-go-green--tiger-family-ref-2214-g.png
1140640669	/s/a/sac-a-dos-ergonomique-eggie-dino-and-beyond-go-green--tiger-family-ref-2214-g-1.png
1140640671	/s/a/sac-a-dos-ergonomique-eggie-lovely-things-go-green--tiger-family-ref-2214-f-01.png
1140640672	/s/a/sac-a-dos-ergonomique-eggie-dream-on-sequins-tiger-family-ref-2214-f-01.png
1140640673	/s/a/sac-a-dos-ergonomique-eggie-rainbow-bubbles-tiger-family-ref-2214-f-01.png
1140640674	/s/a/sac-a-dos-ergonomique-eggie-butterflies-and-rainbows-tiger-family-ref-2214-f.png
1140640676	/s/a/sac-a-dos-ergonomique-jolly-pro-cruise-tiger-family-ref-2212-g.png
1140640677	/s/a/sac-a-dos-ergonomique-jolly-pro-robot-in-space-tiger-family-ref-2212-g.png
1140640678	/s/a/sac-a-dos-ergonomique-max-cube-purple-sky-tiger-family-ref-2284-f.png
1140640679	/s/a/sac-a-dos-ergonomique-max-cube-blossoms-tiger-family-ref-2284-f.png
1140640687	/s/a/sac-a-dos-ergonomique-max-cube-voltage-tiger-family-ref-2284-g.png
1140640688	/s/a/sac-a-dos-ergonomique-max-cube-storm-tiger-family-ref-2284-g.png
1140640689	/s/a/sac-a-dos-ergonomique-max-cube-neon-sky-special-edition--tiger-family-ref-2284-g.png
1140640690	/s/a/sac-a-dos-ergonomique-infinity-street-racing-go-green--tiger-family-ref-2253-g.png
1140640690	/s/a/sac-a-dos-ergonomique-infinity-street-racing-go-green--tiger-family-ref-2253-g-1.png
1140640691	/s/a/sac-a-dos-ergonomique-infinity-super-galaxy-go-green--tiger-family-ref-2253-g.png
1140640691	/s/a/sac-a-dos-ergonomique-infinity-super-galaxy-go-green--tiger-family-ref-2253-g-1.png
1140640692	/s/a/sac-a-dos-ergonomique-infinity-pastel-ocean-go-green--tiger-family-ref-2253-f.png
1140640692	/s/a/sac-a-dos-ergonomique-infinity-pastel-ocean-go-green--tiger-family-ref-2253-f-1.png
1140640693	/s/a/sac-a-dos-ergonomique-infinity-glittery-night-go-green--tiger-family-ref-2253-f-1.png
1140640694	/s/a/sac-a-dos-ergonomique-joy-pro-dino-and-beyond-go-green--tiger-family-ref-2262-g.png
1140640695	/s/a/sac-a-dos-ergonomique-joy-pro-lightning-strike-go-green--tiger-family-ref-2262-g.png
1140640696	/s/a/sac-a-dos-ergonomique-joy-pro-rush-hour-tiger-family-ref-2262-g.png
1140640697	/s/a/sac-a-dos-ergonomique-joy-pro-rainbow-bubbles-go-green-tiger-family-ref-2262-f.png
1140640698	/s/a/sac-a-dos-ergonomique-joy-pro-lilac-beach-sequins--tiger-family-ref-2262-f.png
1140640700	/s/a/sac-a-dos-ergonomique-joy-pro-butherfiles-and-rainbows-tiger-family-ref-2262-f.png
1140640701	/s/a/sac-a-dos-ergonomique-max-2_0-blossoms-tiger-family-ref-2281-f.png
1140640702	/s/a/sac-a-dos-ergonomique-max-2_0-purple-sky-special-edition-tiger-family-ref-2281-f.png
1140640703	/s/a/sac-a-dos-ergonomique-max-2_0-storm-tiger-family-ref-2281-g.png
1140640707	/s/a/sac-a-dos-ergonomique-max-2_0-voltage-tiger-family-ref-2281-g.png
1140640708	/s/a/sac-a-dos-ergonomique-max-2_0-neon-sky-special-edition--tiger-family-ref-2281-g.png
1140640709	/s/a/sac-a-dos-creche-dino-kingdom-tiger-family-ref-2201-g5.png
1140640710	/s/a/sac-a-dos-creche-hello-panda-tiger-family-ref-2201-g5.png
1140640711	/s/a/sac-a-dos-creche-buckle-dreamy-pony-tiger-family-ref-2201-f5.png
1140640712	/s/a/sac-a-dos-creche-buckle-elegant-butterfly-tiger-family-ref-2201-f5.png
1140640713	/s/a/sac-a-dos-creche-dear-friends-party-liama-tiger-family-ref-2201-f2.png
1140640714	/s/a/sac-a-dos-creche-dear-friends-festive-narwhal-tiger-family-ref-2201-f2.png
1140640715	/s/a/sac-a-dos-creche-dear-friends-astro-dino-tiger-family-ref-2201-g2.png
1140640716	/s/a/sac-a-dos-creche-dear-friends-smart-tiger-tiger-family-ref-2201-g2.png
1140640717	/s/a/sac-a-dos-ergonomique-nature-quest-metal-dino-tiger-family-ref-2211-g.png
1140640718	/s/a/sac-a-dos-ergonomique-nature-quest-twist-and-turn-tiger-family-ref-2211-g.png
1140640719	/s/a/sac-a-dos-ergonomique-nature-quest-green-fleld-tiger-family-ref-2211-g.png
1140640721	/s/a/sac-a-dos-ergonomique-nature-quest-robot-in-space-tiger-family-ref-2211-g.png
1140640722	/s/a/sac-a-dos-ergonomique-compact-soft-dream-on-sequins--tiger-family-ref-2252-f.png
1140640725	/s/a/sac-a-dos-ergonomique-rainbow-boost-yellow-lines-tiger-family-ref-2271-g.png
1140640726	/s/a/sac-a-dos-ergonomique-rainbow-boost-silver-dimension-tiger-family-ref-2271-g.png
1140640731	/s/a/sac-a-dos-ergonomique-rainbow-boost-blue-raibbons-tiger-family-ref-2271-f.png
1140640732	/s/a/sac-a-dos-ergonomique-rainbow-boost-pink-could-tiger-family-ref-2271-f.png
1140640733	/s/a/sac-a-dos-ergonomique-nature-quest-rainbow-bubbles-go-green--tiger-family-ref-2211-f3.png
1140640734	/s/a/sac-a-dos-ergonomique-nature-quest-lilac-beach-sequins--tiger-family-ref-2211-f2.png
1140640735	/s/a/sac-a-dos-ergonomique-nature-quest-dream-on-sequins--tiger-family-ref-2211-f2.png
1140640736	/s/a/sac-a-dos-ergonomique-nature-quest-dazzling-heart-tiger-family-ref-2211-f.png
1140640737	/s/a/sac-a-dos-ergonomique-nature-quest-glittery-feathers-tiger-family-ref-2211-f.png
1140640738	/s/a/sac-a-dos-fun-time-mezzo-blossoms-tiger-family-ref-2282-f2.png
1140640739	/s/a/sac-a-dos-fun-time-mezzo-purple-sky-tiger-family-ref-2282-f2.png
1140640782	/s/u/surligneur-couleur-metallique-show-pochette-4-pcs-techno-ref-6733_02.jpg
1140640783	/s/u/surligneur-couleur-metallique-show-pochette-4-pcs-techno-ref-6734_01.jpg
1140640788	/s/u/surligneur-couleur-metallique-mini-show-pochette-4-pcs-techno-ref-6687.jpg
1140640789	/s/u/surligneur-couleur-metallique-mini-show-pochette-4-pcs-techno-ref-6688_01.jpg
1140640798	/s/u/surligneur-couleur-vintage-show-pochette-6-pcs-techno-ref-6747.jpg
1140640799	/c/r/crayons-de-couleur-wow-heart-boite-de-12-clr-techno-ref-6564.jpg
1140640800	/c/r/crayons-de-couleur-wow-pastel-boite-ronde-de-12-clr-techno-ref-6566.jpg
1140640801	/c/r/crayons-de-couleurs-wow-effa_able-boite-de-72-couleurs-techno-ref-6569.jpg
1140640802	/c/r/crayons-de-couleur-wow-fluo-boite-de-12-couleurs-techno-ref-6567.jpg
1140640803	/c/r/crayons-de-couleur-wow-flower-boite-de-12-clr-techno-ref-6563.jpg
1140640804	/c/r/crayons-de-couleur-wow-pastel-boite-de-12-couleurs-techno-ref-6565.jpg
1140640820	/g/o/gomme-little-monster-bleu-maped-ref-127711.jpg
1140640820	/g/o/gomme-little-monster-bleu-maped-ref-127711_1.jpg
1140640821	/g/o/gomme-little-monster-vert-maped-ref-127711.jpg
1140640821	/g/o/gomme-little-monster-vert-maped-ref-127711_1.jpg
1140640822	/g/o/gomme-little-monster-mauve-maped-ref-127711_2.jpg
1140640822	/g/o/gomme-little-monster-mauve-maped-ref-127711_1.jpg
1140640823	/c/o/compas-study-pop-bague-violet-rose-maped-ref-194102.jpg
1140640823	/c/o/compas-study-pop-bague-violet-rose-maped-ref-194102_1.jpg
1140640824	/c/o/compas-study-pop-bague-jaune-bleu-maped-ref-194102.jpg
1140640824	/c/o/compas-study-pop-bague-jaune-bleu-maped-ref-194102_1.jpg
1140640825	/s/u/surligneur-classic-glitter-pastel-mauve-maped-ref-742038.jpg
1140640825	/s/u/surligneur-classic-glitter-pastel-mauve-maped-ref-742038_1.jpg
1140640826	/s/u/surligneur-classic-glitter-pastel-rose-maped-ref-742038.jpg
1140640826	/s/u/surligneur-classic-glitter-pastel-rose-maped-ref-742038_1.jpg
1140640827	/s/u/surligneur-classic-glitter-pastel-vert-maped-ref-742038.jpg
1140640827	/s/u/surligneur-classic-glitter-pastel-vert-maped-ref-742038_1.jpg
1140640828	/s/u/surligneur-classic-glitter-pastel-bleu-maped-ref-742038.jpg
1140640828	/s/u/surligneur-classic-glitter-pastel-bleu-maped-ref-742038_1.jpg
1140640829	/s/u/surligneur-pocket-mini-friends-jaune-maped-ref-743638.jpg
1140640829	/s/u/surligneur-pocket-mini-friends-jaune-maped-ref-743638_1.jpg
1140640830	/s/u/surligneur-pocket-mini-friends-vert-maped-ref-743638.jpg
1140640830	/s/u/surligneur-pocket-mini-friends-vert-maped-ref-743638_1.jpg
1140640831	/s/u/surligneur-pocket-mini-friends-bleu-maped-ref-743638.jpg
1140640831	/s/u/surligneur-pocket-mini-friends-bleu-maped-ref-743638_1.jpg
1140640832	/s/u/surligneur-pocket-mini-friends-orange-maped-ref-743638.jpg
1140640832	/s/u/surligneur-pocket-mini-friends-orange-maped-ref-743638_1.jpg
1140640833	/s/u/surligneur-pocket-mini-friends-rose-maped-ref-743638.jpg
1140640833	/s/u/surligneur-pocket-mini-friends-rose-maped-ref-743638_1.jpg
1140640856	/p/e/perforateur-papier-2-trous-heavy-duty-punch-up-techno-ref-6593.jpg
1140640856	/p/e/perforateur-papier-2-trous-heavy-duty-punch-up-techno-ref-6593_1.jpg
1140640857	/p/e/perforateur-papier-4-trous-heavy-duty-punch-up-techno-ref-6594.jpg
1140640857	/p/e/perforateur-papier-4-trous-heavy-duty-punch-up-techno-ref-6594_1.jpg
1140640858	/p/e/perforateur-papier-4-trous-punch-up-techno-ref-6595.jpg
1140640858	/p/e/perforateur-papier-4-trous-punch-up-techno-ref-6595_1.jpg
1140641516	/p/r/protege-livre-36x50-cm-adhesif-transparent-techno-ref-9905.jpg
1140641706	/s/u/surligneur-nightfall-pochette-carton-de-4-pcs-maped-ref-740700.jpg
1140641706	/s/u/surligneur-nightfall-pochette-carton-de-4-pcs-maped-ref-740700_1.jpg
1140641707	/s/u/surligneur-couleurs-metal-glitter-pochette-carton-de-4-pcs-maped-ref-742000.jpg
1140641723	/t/r/trousse-mini-cute-mauve-maped-ref-934803.jpg
1140641723	/t/r/trousse-mini-cute-mauve-maped-ref-934803_1.jpg
1140641724	/t/r/trousse-mini-cute-bleu-maped-ref-934804.jpg
1140641724	/t/r/trousse-mini-cute-bleu-maped-ref-934804_1.jpg
1140641744	/t/-/t-shirt-cadeau-tiger-family-sac-_-dos.png
1140641807	/c/u/cutter-plastique-9-mm-start-maped-ref-092211_1.jpg
1140641838	/t/-/t-shirt_tiger_-min.png
1140642049	/c/r/crayon-noir-embout-gomme-hb-mini-cute-rose-maped-ref-851814_1.jpg
1140642049	/c/r/crayon-noir-embout-gomme-hb-mini-cute-rose-maped-ref-851814.jpg
1140642050	/c/r/crayon-noir-embout-gomme-hb-mini-cute-bleu-maped-ref-851814_1.jpg
1140642050	/c/r/crayon-noir-embout-gomme-hb-mini-cute-bleu-maped-ref-851814.jpg
1140642051	/s/u/surligneur-pastel-glitter-pochette-carton-de-2-pcs-vert-et-mauve-maped-ref-742028.jpg
1140642052	/s/u/surligneur-pastel-glitter-pochette-carton-de-2-pcs-rose-et-bleu-maped-ref-742028.jpg
1140642053	/c/r/crayon-noir-embout-gomme-hb-nightfall-bleu-maped-ref-851813_1.jpg
1140642053	/c/r/crayon-noir-embout-gomme-hb-nightfall-bleu-maped-ref-851813.jpg
1140642054	/c/r/crayon-noir-embout-gomme-hb-nightfall-rose-maped-ref-851813_1.jpg
1140642054	/c/r/crayon-noir-embout-gomme-hb-nightfall-rose-maped-ref-851813.jpg
1140642059	/s/a/sac_a_dos_noir_techno_ref_6891-01.png
1140642071	/s/a/sac_a_dos_bleu_fonce_techno_ref_6891-01.png
1140642072	/s/a/sac_a_dos_gris_souris_techno_ref_6890-01.png
1140642073	/s/a/sac_a_dos_gris_clair_techno_ref_6890-01.png
1140642074	/s/a/sac_a_dos_violet_techno_ref_6889-01.png
1140642075	/s/a/sac_a_dos_saumon_techno_ref_6889-01.png
1140642075	/s/a/sac_a_dos_saumon_techno_ref_6889-01_star.jpg
1140642076	/s/a/sac_a_dos_gris_techno_ref_6888-01_1.png
1140642077	/s/a/sac_a_dos_gris_techno_ref_6888-01.png
1140642078	/s/a/sac_a_dos_gris_techno_ref_6887-01.png
1140642079	/s/a/sac_a_dos_noir_techno_ref_6887-01.png
1140642080	/s/a/sac_a_dos_gris_techno_ref_6886-01.png
1140642081	/s/a/sac_a_dos_noir_techno_ref_6886-01.png
1140642082	/s/a/sac_a_dos_saumon_techno_ref_6885-01.png
1140642082	/s/a/sac_a_dos_saumon_techno_ref_6885-02.jpg
1140642083	/s/a/sac_a_dos_bleu_techno_ref_6885-01.png
1140642084	/s/a/sac_a_dos_gris_techno_ref_6884-01.png
1140642085	/s/a/sac_a_dos_noir_techno_ref_6884-01.png
1140642154	/c/o/compas-bague-coffret-de-03-pieces-bleu-techno-ref-5324.jpg
1140642155	/c/o/compas-bague-coffret-de-03-pieces-vert-techno-ref-5324.jpg
1140642156	/c/o/compas-bague-coffret-de-03-pieces-rose-techno-ref-5324.jpg
1140642157	/c/o/compas-bague-coffret-de-03-pieces-violet-techno-ref-5324.jpg
1140642158	/c/o/compas-ecolier-a-bague-violet-techno-ref-5363.jpg
1140642159	/c/o/compas-ecolier-a-bague-bleu-techno-ref-5363.jpg
1140642160	/c/o/compas-ecolier-a-bague-rose-techno-ref-5363.jpg
1140642161	/c/o/compas-ecolier-a-bague-vert-techno-ref-5363.jpg
1140642162	/n/o/notes-adhesives-forme-maison-100f-couleurs-fluorescentes-stick-it-techno-ref-5148_0.jpg
1140642162	/n/o/notes-adhesives-forme-maison-100f-couleurs-fluorescentes-stick-it-techno-ref-5148_1.jpg
1140642163	/n/o/notes-adhesives-forme-pomme-100f-couleurs-fluorescentes-stick-it-techno-ref-5148_0.jpg
1140642163	/n/o/notes-adhesives-forme-pomme-100f-couleurs-fluorescentes-stick-it-techno-ref-5148_1.jpg
1140642164	/n/o/notes-adhesives-forme-coeur-100f-couleurs-fluorescentes-stick-it-techno-ref-5148_0.jpg
1140642164	/n/o/notes-adhesives-forme-coeur-100f-couleurs-fluorescentes-stick-it-techno-ref-5148_1.jpg
1140642165	/n/o/notes-adhesives-forme-etoile-100f-couleurs-fluorescentes-stick-it-techno-ref-5148_0.jpg
1140642165	/n/o/notes-adhesives-forme-etoile-100f-couleurs-fluorescentes-stick-it-techno-ref-5148_1.jpg
1140642348	/4/7/47306_uhu_metallic_glue_5x10ml_multilanguge_bk_-_packshot_96dpi_701x1024px_e_nr-44235.jpg
1140642422	/s/a/sac_a_dos_gris_clair_techno_ref_6879.jpg
1140642423	/s/a/sac_a_dos_noir_techno_ref_6879-01.png
1140642424	/s/a/sac_a_dos_motif_sport_noir_vert_ref_6878.jpg
1140642425	/s/a/sac_a_dos_motif_sport_noir_rouge_ref_6878.jpg
1140642656	/s/a/sac-a-dos-ergonomique-dino-and-beyond-tiger-family-ref-2112-g2_1.jpg
1140642657	/s/a/sac-a-dos-ergonomique-lightning-strike-tiger-family-ref-2112-g2.jpg
1140643907	/p/e/peinture-a-lhuile-de-12-couleurs-techno-ref-6895.jpg
1140646006	/o/r/organiseur-de-bureau-diago-bleu-pastel-techno-ref-9939.jpg
1140646007	/o/r/organiseur-de-bureau-diago-crevette-pastel-techno-ref-9940.jpg
1140646008	/o/r/organiseur-de-bureau-diago-jaune-pastel-techno-ref-9941.jpg
1140646009	/o/r/organiseur-de-bureau-diago-rose-pastel-techno-ref-9942.jpg
1140646010	/o/r/organiseur-de-bureau-diago-vert-pastel-techno-ref-9943.jpg
1140646021	/o/r/organiseur-de-bureau-diago-violet-pastel-techno-ref-9944.jpg
1140646025	/o/r/organiseur-de-bureau-diago-transparent-techno-ref-9945.jpg
1140646026	/o/r/organiseur-de-bureau-diago-noir-techno-ref-9946.jpg
1140646027	/o/r/organiseur-de-bureau-diago-rouge-techno-ref-9947.jpg
1140646393	/p/o/pochette-de-coloriage-means-of-transportation-techno-ref-9969.jpg
1140646393	/p/o/pochette-de-coloriage-means-of-transportation-techno-ref-9969-1.png
1140646393	/p/o/pochette-de-coloriage-means-of-transportation-techno-ref-9969-2.png
1140646394	/p/o/pochette-de-coloriage-in-the-fun-fair-techno-ref-9970.jpg
1140646394	/p/o/pochette-de-coloriage-in-the-fun-fair-techno-ref-9970-1.png
1140646394	/p/o/pochette-de-coloriage-in-the-fun-fair-techno-ref-9970-2.png
1140646395	/p/o/pochette-de-coloriage-at-the-zoo-techno-ref-9971.jpg
1140646395	/p/o/pochette-de-coloriage-at-the-zoo-techno-ref-9971-1.png
1140646395	/p/o/pochette-de-coloriage-at-the-zoo-techno-ref-9971-2.png
1140646396	/p/o/pochette-de-coloriage-in-the-jungle-safari-techno-ref-9972.jpg
1140646396	/p/o/pochette-de-coloriage-in-the-jungle-safari-techno-ref-9972-1.png
1140646396	/p/o/pochette-de-coloriage-in-the-jungle-safari-techno-ref-9972-2.png
1140646397	/p/o/pochette-de-coloriage-in-the-snow-techno-ref-9973.jpg
1140646397	/p/o/pochette-de-coloriage-in-the-snow-techno-ref-9973-1.png
1140646397	/p/o/pochette-de-coloriage-in-the-snow-techno-ref-9973-2.png
1140646398	/p/o/pochette-de-coloriage-knights-et-princess-techno-ref-9974.jpg
1140646398	/p/o/pochette-de-coloriage-knights-et-princess-techno-ref-9974-1.png
1140646398	/p/o/pochette-de-coloriage-knights-et-princess-techno-ref-9974-2.png
1140646399	/p/o/pochette-de-coloriage-in-the-desert-safari-techno-ref-9975.jpg
1140646399	/p/o/pochette-de-coloriage-in-the-desert-safari-techno-ref-9975-1.png
1140646399	/p/o/pochette-de-coloriage-in-the-desert-safari-techno-ref-9975-2.png
1140646400	/p/o/pochette-de-coloriage-under-the-sea-techno-ref-9976.jpg
1140646400	/p/o/pochette-de-coloriage-under-the-sea-techno-ref-9976-1.png
1140646400	/p/o/pochette-de-coloriage-under-the-sea-techno-ref-9976-2.png
1140646401	/p/o/pochette-de-coloriage-in-the-space-techno-ref-9977.jpg
1140646401	/p/o/pochette-de-coloriage-in-the-space-techno-ref-9977-1.png
1140646401	/p/o/pochette-de-coloriage-in-the-space-techno-ref-9977-2.png
1140646764	/s/a/sac-a-dos-ergonomique-natrure-quest-sweet-strawberry-sequins--tiger-family-ref-ig11-f2_0.jpg
1140646764	/s/a/sac-a-dos-ergonomique-natrure-quest-sweet-strawberry-sequins--tiger-family-ref-ig11-f2_1.jpg
1140646764	/s/a/sac-a-dos-ergonomique-natrure-quest-sweet-strawberry-sequins--tiger-family-ref-ig11-f2_2.jpg
1140646764	/s/a/sac-a-dos-ergonomique-natrure-quest-sweet-strawberry-sequins--tiger-family-ref-ig11-f2_3.jpg
1140646764	/s/a/sac-a-dos-ergonomique-natrure-quest-sweet-strawberry-sequins--tiger-family-ref-ig11-f2_4.jpg
1140646764	/s/a/sac-a-dos-ergonomique-natrure-quest-sweet-strawberry-sequins--tiger-family-ref-ig11-f2_5.jpg
1140646765	/s/a/sac-a-dos-ergonomique-natrure-quest-peach-waves-go-green--tiger-family-ref-ig11-f3_0.jpg
1140646765	/s/a/sac-a-dos-ergonomique-natrure-quest-peach-waves-go-green--tiger-family-ref-ig11-f3_1.jpg
1140646765	/s/a/sac-a-dos-ergonomique-natrure-quest-peach-waves-go-green--tiger-family-ref-ig11-f3_2.jpg
1140646765	/s/a/sac-a-dos-ergonomique-natrure-quest-peach-waves-go-green--tiger-family-ref-ig11-f3_3.jpg
1140646765	/s/a/sac-a-dos-ergonomique-natrure-quest-peach-waves-go-green--tiger-family-ref-ig11-f3_4.jpg
1140646767	/s/a/sac-a-dos-ergonomique-natrure-quest-space-things-tiger-family-ref-ig11-g3_0.jpg
1140646767	/s/a/sac-a-dos-ergonomique-natrure-quest-space-things-tiger-family-ref-ig11-g3_1.png
1140646767	/s/a/sac-a-dos-ergonomique-natrure-quest-space-things-tiger-family-ref-ig11-g3_2.jpg
1140646767	/s/a/sac-a-dos-ergonomique-natrure-quest-space-things-tiger-family-ref-ig11-g3_3.jpg
1140646767	/s/a/sac-a-dos-ergonomique-natrure-quest-space-things-tiger-family-ref-ig11-g3_4.jpg
1140646768	/s/a/sac-a-dos-ergonomique-jolly-pro-wings-of-kindness-tiger-family-ref-ig12-f_0.jpg
1140646768	/s/a/sac-a-dos-ergonomique-jolly-pro-wings-of-kindness-tiger-family-ref-ig12-f_1.jpg
1140646768	/s/a/sac-a-dos-ergonomique-jolly-pro-wings-of-kindness-tiger-family-ref-ig12-f_2.jpg
1140646768	/s/a/sac-a-dos-ergonomique-jolly-pro-wings-of-kindness-tiger-family-ref-ig12-f_3.jpg
1140646768	/s/a/sac-a-dos-ergonomique-jolly-pro-wings-of-kindness-tiger-family-ref-ig12-f_4.jpg
1140646769	/s/a/sac-a-dos-ergonomique-jolly-pro-sweet-strawberry-sequins--tiger-family-ref-ig12-f2_0.jpg
1140646769	/s/a/sac-a-dos-ergonomique-jolly-pro-sweet-strawberry-sequins--tiger-family-ref-ig12-f2_1.jpg
1140646769	/s/a/sac-a-dos-ergonomique-jolly-pro-sweet-strawberry-sequins--tiger-family-ref-ig12-f2_2.jpg
1140646769	/s/a/sac-a-dos-ergonomique-jolly-pro-sweet-strawberry-sequins--tiger-family-ref-ig12-f2_3.jpg
1140646769	/s/a/sac-a-dos-ergonomique-jolly-pro-sweet-strawberry-sequins--tiger-family-ref-ig12-f2_4.jpg
1140646769	/s/a/sac-a-dos-ergonomique-jolly-pro-sweet-strawberry-sequins--tiger-family-ref-ig12-f2_5.jpg
1140646770	/s/a/sac-a-dos-ergonomique-jolly-pro-peach-waves-go-green--tiger-family-ref-ig12-f3_0.jpg
1140646770	/s/a/sac-a-dos-ergonomique-jolly-pro-peach-waves-go-green--tiger-family-ref-ig12-f3_1.jpg
1140646770	/s/a/sac-a-dos-ergonomique-jolly-pro-peach-waves-go-green--tiger-family-ref-ig12-f3_2.jpg
1140646770	/s/a/sac-a-dos-ergonomique-jolly-pro-peach-waves-go-green--tiger-family-ref-ig12-f3_3.jpg
1140646770	/s/a/sac-a-dos-ergonomique-jolly-pro-peach-waves-go-green--tiger-family-ref-ig12-f3_4.jpg
1140646772	/s/a/sac-a-dos-ergonomique-jolly-pro-space-things-go-green--tiger-family-ref-ig12-g3_0.jpg
1140646772	/s/a/sac-a-dos-ergonomique-jolly-pro-space-things-go-green--tiger-family-ref-ig12-g3_1.jpg
1140646772	/s/a/sac-a-dos-ergonomique-jolly-pro-space-things-go-green--tiger-family-ref-ig12-g3_2.jpg
1140646772	/s/a/sac-a-dos-ergonomique-jolly-pro-space-things-go-green--tiger-family-ref-ig12-g3_3.jpg
1140646772	/s/a/sac-a-dos-ergonomique-jolly-pro-space-things-go-green--tiger-family-ref-ig12-g3_4.jpg
1140646773	/s/a/sac-a-dos-ergonomique-eggie-peach-waves-go-green--tiger-family-ref-ig14-f3_0.jpg
1140646773	/s/a/sac-a-dos-ergonomique-eggie-peach-waves-go-green--tiger-family-ref-ig14-f3_1.jpg
1140646773	/s/a/sac-a-dos-ergonomique-eggie-peach-waves-go-green--tiger-family-ref-ig14-f3_2.jpg
1140646773	/s/a/sac-a-dos-ergonomique-eggie-peach-waves-go-green--tiger-family-ref-ig14-f3_3.jpg
1140646773	/s/a/sac-a-dos-ergonomique-eggie-peach-waves-go-green--tiger-family-ref-ig14-f3_4.jpg
1140646774	/s/a/sac-a-dos-ergonomique-eggie-space-things-go-green--tiger-family-ref-ig14-g3_0_1.jpg
1140646774	/s/a/sac-a-dos-ergonomique-eggie-space-things-go-green--tiger-family-ref-ig14-g3_1.jpg
1140646774	/s/a/sac-a-dos-ergonomique-eggie-space-things-go-green--tiger-family-ref-ig14-g3_2_1.jpg
1140646774	/s/a/sac-a-dos-ergonomique-eggie-space-things-go-green--tiger-family-ref-ig14-g3_3_1.jpg
1140646774	/s/a/sac-a-dos-ergonomique-eggie-space-things-go-green--tiger-family-ref-ig14-g3_4_1.jpg
1140646775	/s/a/sac-a-dos-ergonomique-eggie-wild-out-tiger-family-ref-ig14-g_0.jpg
1140646775	/s/a/sac-a-dos-ergonomique-eggie-wild-out-tiger-family-ref-ig14-g_1.jpg
1140646775	/s/a/sac-a-dos-ergonomique-eggie-wild-out-tiger-family-ref-ig14-g_2.jpg
1140646775	/s/a/sac-a-dos-ergonomique-eggie-wild-out-tiger-family-ref-ig14-g_3.jpg
1140646775	/s/a/sac-a-dos-ergonomique-eggie-wild-out-tiger-family-ref-ig14-g_4.jpg
1140646776	/s/a/sac-a-dos-ergonomique-earnest-butterfly-dance-tiger-family-ref-ig31-f_0.jpg
1140646776	/s/a/sac-a-dos-ergonomique-earnest-butterfly-dance-tiger-family-ref-ig31-f_1.jpg
1140646776	/s/a/sac-a-dos-ergonomique-earnest-butterfly-dance-tiger-family-ref-ig31-f_2.jpg
1140646776	/s/a/sac-a-dos-ergonomique-earnest-butterfly-dance-tiger-family-ref-ig31-f_3.jpg
1140646776	/s/a/sac-a-dos-ergonomique-earnest-butterfly-dance-tiger-family-ref-ig31-f_4.jpg
1140646777	/s/a/sac-a-dos-ergonomique-earnest-platinum-tiger-family-ref-ig31-g_0.jpg
1140646777	/s/a/sac-a-dos-ergonomique-earnest-platinum-tiger-family-ref-ig31-g_1.jpg
1140646777	/s/a/sac-a-dos-ergonomique-earnest-platinum-tiger-family-ref-ig31-g_2.jpg
1140646777	/s/a/sac-a-dos-ergonomique-earnest-platinum-tiger-family-ref-ig31-g_3.jpg
1140646777	/s/a/sac-a-dos-ergonomique-earnest-platinum-tiger-family-ref-ig31-g_4.jpg
1140646778	/s/a/sac-a-dos-ergonomique-champ-super-galaxy-series--tiger-family-ref-ig32-g.jpg
1140646780	/s/a/sac-a-dos-ergonomique-joy-pro-ribbon-sorbet-tiger-family-ref-ig62-f_0.jpg
1140646780	/s/a/sac-a-dos-ergonomique-joy-pro-ribbon-sorbet-tiger-family-ref-ig62-f_1.jpg
1140646780	/s/a/sac-a-dos-ergonomique-joy-pro-ribbon-sorbet-tiger-family-ref-ig62-f_2.jpg
1140646780	/s/a/sac-a-dos-ergonomique-joy-pro-ribbon-sorbet-tiger-family-ref-ig62-f_3.jpg
1140646780	/s/a/sac-a-dos-ergonomique-joy-pro-ribbon-sorbet-tiger-family-ref-ig62-f_4.jpg
1140646781	/s/a/sac-a-dos-ergonomique-joy-pro-lovely-kitty-cat-sequins--tiger-family-ref-ig62-f2_0.jpg
1140646781	/s/a/sac-a-dos-ergonomique-joy-pro-lovely-kitty-cat-sequins--tiger-family-ref-ig62-f2_1.jpg
1140646781	/s/a/sac-a-dos-ergonomique-joy-pro-lovely-kitty-cat-sequins--tiger-family-ref-ig62-f2_2.jpg
1140646781	/s/a/sac-a-dos-ergonomique-joy-pro-lovely-kitty-cat-sequins--tiger-family-ref-ig62-f2_3.jpg
1140646781	/s/a/sac-a-dos-ergonomique-joy-pro-lovely-kitty-cat-sequins--tiger-family-ref-ig62-f2_4.jpg
1140646781	/s/a/sac-a-dos-ergonomique-joy-pro-lovely-kitty-cat-sequins--tiger-family-ref-ig62-f2_5.jpg
1140646782	/s/a/sac-a-dos-ergonomique-joy-pro-peach-waves-go-green--tiger-family-ref-ig62-f3_0_1.jpg
1140646782	/s/a/sac-a-dos-ergonomique-joy-pro-peach-waves-go-green--tiger-family-ref-ig62-f3_2.jpg
1140646782	/s/a/sac-a-dos-ergonomique-joy-pro-peach-waves-go-green--tiger-family-ref-ig62-f3_3_1.jpg
1140646782	/s/a/sac-a-dos-ergonomique-joy-pro-peach-waves-go-green--tiger-family-ref-ig62-f3_4_1.jpg
1140646782	/s/a/sac-a-dos-ergonomique-joy-pro-peach-waves-go-green--tiger-family-ref-ig62-f3_5_1.jpg
1140646784	/s/a/sac-a-dos-ergonomique-joy-pro-space-things-go-green--tiger-family-ref-ig62-g3_0.jpg
1140646784	/s/a/sac-a-dos-ergonomique-joy-pro-space-things-go-green--tiger-family-ref-ig62-g3_1.jpg
1140646784	/s/a/sac-a-dos-ergonomique-joy-pro-space-things-go-green--tiger-family-ref-ig62-g3_2.jpg
1140646784	/s/a/sac-a-dos-ergonomique-joy-pro-space-things-go-green--tiger-family-ref-ig62-g3_3.jpg
1140646784	/s/a/sac-a-dos-ergonomique-joy-pro-space-things-go-green--tiger-family-ref-ig62-g3_4.jpg
1140646785	/s/a/sac-a-dos-ergonomique-jump-pro-lovely-things-go-green--tiger-family-ref-ig52-f3_0.jpg
1140646785	/s/a/sac-a-dos-ergonomique-jump-pro-lovely-things-go-green--tiger-family-ref-ig52-f3_1.jpg
1140646785	/s/a/sac-a-dos-ergonomique-jump-pro-lovely-things-go-green--tiger-family-ref-ig52-f3_2.jpg
1140646785	/s/a/sac-a-dos-ergonomique-jump-pro-lovely-things-go-green--tiger-family-ref-ig52-f3_3.jpg
1140646785	/s/a/sac-a-dos-ergonomique-jump-pro-lovely-things-go-green--tiger-family-ref-ig52-f3_4.jpg
1140646785	/s/a/sac-a-dos-ergonomique-jump-pro-lovely-things-go-green--tiger-family-ref-ig52-f3_5.jpg
1140646785	/s/a/sac-a-dos-ergonomique-jump-pro-lovely-things-go-green--tiger-family-ref-ig52-f3_6.jpg
1140646785	/s/a/sac-a-dos-ergonomique-jump-pro-lovely-things-go-green--tiger-family-ref-ig52-f3_7.jpg
1140646785	/s/a/sac-a-dos-ergonomique-jump-pro-lovely-things-go-green--tiger-family-ref-ig52-f3_8.jpg
1140646785	/s/a/sac-a-dos-ergonomique-jump-pro-lovely-things-go-green--tiger-family-ref-ig52-f3_9.jpg
1140646785	/s/a/sac-a-dos-ergonomique-jump-pro-lovely-things-go-green--tiger-family-ref-ig52-f3_11.jpg
1140646785	/s/a/sac-a-dos-ergonomique-jump-pro-lovely-things-go-green--tiger-family-ref-ig52-f3_12.jpg
1140646785	/s/a/sac-a-dos-ergonomique-jump-pro-lovely-things-go-green--tiger-family-ref-ig52-f3_13.jpg
1140646785	/s/a/sac-a-dos-ergonomique-jump-pro-lovely-things-go-green--tiger-family-ref-ig52-f3_14.jpg
1140646786	/s/a/sac-a-dos-ergonomique-jump-pro-pearly-mermaid-tiger-family-ref-ig52-f_0.jpg
1140646786	/s/a/sac-a-dos-ergonomique-jump-pro-pearly-mermaid-tiger-family-ref-ig52-f_1.jpg
1140646786	/s/a/sac-a-dos-ergonomique-jump-pro-pearly-mermaid-tiger-family-ref-ig52-f_2.jpg
1140646786	/s/a/sac-a-dos-ergonomique-jump-pro-pearly-mermaid-tiger-family-ref-ig52-f_3.jpg
1140646786	/s/a/sac-a-dos-ergonomique-jump-pro-pearly-mermaid-tiger-family-ref-ig52-f_4.jpg
1140646787	/s/a/sac-a-dos-ergonomique-jump-pro-lightning-strike-go-green--tiger-family-ref-ig52-g3_0.jpg
1140646787	/s/a/sac-a-dos-ergonomique-jump-pro-lightning-strike-go-green--tiger-family-ref-ig52-g3_1.jpg
1140646787	/s/a/sac-a-dos-ergonomique-jump-pro-lightning-strike-go-green--tiger-family-ref-ig52-g3_2.jpg
1140646787	/s/a/sac-a-dos-ergonomique-jump-pro-lightning-strike-go-green--tiger-family-ref-ig52-g3_3.jpg
1140646787	/s/a/sac-a-dos-ergonomique-jump-pro-lightning-strike-go-green--tiger-family-ref-ig52-g3_4.jpg
1140646788	/s/a/sac-a-dos-ergonomique-jump-pro-mecharex-tiger-family-ref-ig52-g_0.jpg
1140646788	/s/a/sac-a-dos-ergonomique-jump-pro-mecharex-tiger-family-ref-ig52-g_1.jpg
1140646788	/s/a/sac-a-dos-ergonomique-jump-pro-mecharex-tiger-family-ref-ig52-g_2.jpg
1140646788	/s/a/sac-a-dos-ergonomique-jump-pro-mecharex-tiger-family-ref-ig52-g_3.jpg
1140646788	/s/a/sac-a-dos-ergonomique-jump-pro-mecharex-tiger-family-ref-ig52-g_4.jpg
1140646794	/s/a/sac-a-dos-ergonomique-infinity-space-journey-go-green--tiger-family-ref-ig53-g_0.jpg
1140646794	/s/a/sac-a-dos-ergonomique-infinity-space-journey-go-green--tiger-family-ref-ig53-g_1.jpg
1140646794	/s/a/sac-a-dos-ergonomique-infinity-space-journey-go-green--tiger-family-ref-ig53-g_2.jpg
1140646794	/s/a/sac-a-dos-ergonomique-infinity-space-journey-go-green--tiger-family-ref-ig53-g_3.jpg
1140646794	/s/a/sac-a-dos-ergonomique-infinity-space-journey-go-green--tiger-family-ref-ig53-g_4.jpg
1140646806	/s/a/sac-a-dos-fun-time-sophie-with-donut-tiger-family-ref-ig13-f.jpg
1140646816	/s/a/sacoche-a-main-kids-peach-waves-tiger-family-ref-scmig1-f.jpg
1140646818	/p/a/patchie-lumineux-travel-together-tiger-family-ref-ptlig1-g_1.jpg
1140646818	/p/a/patchie-lumineux-travel-together-tiger-family-ref-ptlig1-g_0.jpg
1140646818	/p/a/patchie-lumineux-travel-together-tiger-family-ref-ptlig1-g_2.jpg
1140646818	/p/a/patchie-lumineux-travel-together-tiger-family-ref-ptlig1-g_3.jpg
1140646820	/p/a/patchie-lumineux-sophie-with-donut-tiger-family-ref-ptlig1-f_0_1.jpg
1140646820	/p/a/patchie-lumineux-sophie-with-donut-tiger-family-ref-ptlig1-f_1_1.jpg
1140646820	/p/a/patchie-lumineux-sophie-with-donut-tiger-family-ref-ptlig1-f_2_1.jpg
1140646820	/p/a/patchie-lumineux-sophie-with-donut-tiger-family-ref-ptlig1-f_3_1.jpg
1140646821	/p/a/patchie-jacob-in-space-tiger-family-ref-ptig1-f_0.jpg
1140646821	/p/a/patchie-jacob-in-space-tiger-family-ref-ptig1-f_1.jpg
1140646822	/p/a/patchie-sugar-heart-tiger-family-ref-ptig2-f_0.jpg
1140646822	/p/a/patchie-sugar-heart-tiger-family-ref-ptig2-f_1.jpg
1140646823	/p/a/patchie-mascot-buddies-tiger-family-ref-ptig3-f_0.jpg
1140646823	/p/a/patchie-mascot-buddies-tiger-family-ref-ptig3-f_1.jpg
1140646824	/h/o/housse-de-pluie-purple-tiger-family-ref-hp001.jpg
1140646828	/p/a/patchie_lumineux_sac_dos_tiger_family.jpg
1140647433	/s/a/sac-a-dos-ergonomique-natrure-quest-planet-cat-tiger-family-ref-ig11-f_0.jpg
1140647433	/s/a/sac-a-dos-ergonomique-natrure-quest-planet-cat-tiger-family-ref-ig11-f_1.jpg
1140647433	/s/a/sac-a-dos-ergonomique-natrure-quest-planet-cat-tiger-family-ref-ig11-f_2.jpg
1140647433	/s/a/sac-a-dos-ergonomique-natrure-quest-planet-cat-tiger-family-ref-ig11-f_3.jpg
1140647433	/s/a/sac-a-dos-ergonomique-natrure-quest-planet-cat-tiger-family-ref-ig11-f_4.jpg
1140647434	/s/a/sac-a-dos-ergonomique-natrure-quest-ribbon-sorbet-tiger-family-ref-ig11-f_0_1.jpg
1140647434	/s/a/sac-a-dos-ergonomique-natrure-quest-ribbon-sorbet-tiger-family-ref-ig11-f_1_1.jpg
1140647434	/s/a/sac-a-dos-ergonomique-natrure-quest-ribbon-sorbet-tiger-family-ref-ig11-f_2.jpg
1140647434	/s/a/sac-a-dos-ergonomique-natrure-quest-ribbon-sorbet-tiger-family-ref-ig11-f_3_1.jpg
1140647434	/s/a/sac-a-dos-ergonomique-natrure-quest-ribbon-sorbet-tiger-family-ref-ig11-f_4_1.jpg
1140647435	/s/a/sac-a-dos-ergonomique-natrure-quest-game-on-tiger-family-ref-ig11-g_0.jpg
1140647435	/s/a/sac-a-dos-ergonomique-natrure-quest-game-on-tiger-family-ref-ig11-g_1.jpg
1140647435	/s/a/sac-a-dos-ergonomique-natrure-quest-game-on-tiger-family-ref-ig11-g_2.jpg
1140647435	/s/a/sac-a-dos-ergonomique-natrure-quest-game-on-tiger-family-ref-ig11-g_3.jpg
1140647435	/s/a/sac-a-dos-ergonomique-natrure-quest-game-on-tiger-family-ref-ig11-g_4.jpg
1140647436	/s/a/sac-a-dos-ergonomique-natrure-quest-one-goal-tiger-family-ref-ig11-g_0.jpg
1140647436	/s/a/sac-a-dos-ergonomique-natrure-quest-one-goal-tiger-family-ref-ig11-g_1.jpg
1140647436	/s/a/sac-a-dos-ergonomique-natrure-quest-one-goal-tiger-family-ref-ig11-g_2.jpg
1140647436	/s/a/sac-a-dos-ergonomique-natrure-quest-one-goal-tiger-family-ref-ig11-g_3.jpg
1140647436	/s/a/sac-a-dos-ergonomique-natrure-quest-one-goal-tiger-family-ref-ig11-g_4.jpg
1140647437	/s/a/sac-a-dos-ergonomique-jolly-pro-platinum-tiger-family-ref-ig12-g_0.jpg
1140647437	/s/a/sac-a-dos-ergonomique-jolly-pro-platinum-tiger-family-ref-ig12-g_1.jpg
1140647437	/s/a/sac-a-dos-ergonomique-jolly-pro-platinum-tiger-family-ref-ig12-g_2.jpg
1140647437	/s/a/sac-a-dos-ergonomique-jolly-pro-platinum-tiger-family-ref-ig12-g_3.jpg
1140647437	/s/a/sac-a-dos-ergonomique-jolly-pro-platinum-tiger-family-ref-ig12-g_4.jpg
1140647438	/s/a/sac-a-dos-ergonomique-jolly-pro-tigers-first-roar-tiger-family-ref-ig12-g_0.jpg
1140647438	/s/a/sac-a-dos-ergonomique-jolly-pro-tigers-first-roar-tiger-family-ref-ig12-g_1.jpg
1140647438	/s/a/sac-a-dos-ergonomique-jolly-pro-tigers-first-roar-tiger-family-ref-ig12-g_2.jpg
1140647439	/s/a/sac-a-dos-ergonomique-champ-lovely-things-tiger-family-ref-ig32-f_0.jpg
1140647440	/s/a/sac-a-dos-ergonomique-champ-dream-on-tiger-family-ref-ig32-f.jpg
1140647441	/s/a/sac-a-dos-ergonomique-joy-pro-ambience-tiger-family-ref-ig62-g_0.jpg
1140647441	/s/a/sac-a-dos-ergonomique-joy-pro-ambience-tiger-family-ref-ig62-g_1.jpg
1140647441	/s/a/sac-a-dos-ergonomique-joy-pro-ambience-tiger-family-ref-ig62-g_2.jpg
1140647441	/s/a/sac-a-dos-ergonomique-joy-pro-ambience-tiger-family-ref-ig62-g_3.jpg
1140647441	/s/a/sac-a-dos-ergonomique-joy-pro-ambience-tiger-family-ref-ig62-g_4.jpg
1140647442	/s/a/sac-a-dos-ergonomique-joy-pro-tigers-first-roar-tiger-family-ref-ig62-g_0.png
1140647442	/s/a/sac-a-dos-ergonomique-joy-pro-tigers-first-roar-tiger-family-ref-ig62-g_1.jpg
1140647442	/s/a/sac-a-dos-ergonomique-joy-pro-tigers-first-roar-tiger-family-ref-ig62-g_2.jpg
1140647442	/s/a/sac-a-dos-ergonomique-joy-pro-tigers-first-roar-tiger-family-ref-ig62-g_3.jpg
1140647442	/s/a/sac-a-dos-ergonomique-joy-pro-tigers-first-roar-tiger-family-ref-ig62-g_4.jpg
1140647443	/s/a/sac-a-dos-ergonomique-infinity-twinkle-twinkle-go-green--tiger-family-ref-ig53-f_0.jpg
1140647443	/s/a/sac-a-dos-ergonomique-infinity-twinkle-twinkle-go-green--tiger-family-ref-ig53-f_1.jpg
1140647443	/s/a/sac-a-dos-ergonomique-infinity-twinkle-twinkle-go-green--tiger-family-ref-ig53-f_2.jpg
1140647443	/s/a/sac-a-dos-ergonomique-infinity-twinkle-twinkle-go-green--tiger-family-ref-ig53-f_3.jpg
1140647443	/s/a/sac-a-dos-ergonomique-infinity-twinkle-twinkle-go-green--tiger-family-ref-ig53-f_4.jpg
1140647444	/s/a/sac-a-dos-ergonomique-infinity-peachy-savanna-go-green--tiger-family-ref-ig53-f_0_1.jpg
1140647444	/s/a/sac-a-dos-ergonomique-infinity-peachy-savanna-go-green--tiger-family-ref-ig53-f_1_1.jpg
1140647444	/s/a/sac-a-dos-ergonomique-infinity-peachy-savanna-go-green--tiger-family-ref-ig53-f_2_1.jpg
1140647444	/s/a/sac-a-dos-ergonomique-infinity-peachy-savanna-go-green--tiger-family-ref-ig53-f_3.jpg
1140647444	/s/a/sac-a-dos-ergonomique-infinity-peachy-savanna-go-green--tiger-family-ref-ig53-f_4_1.jpg
1140647445	/s/a/sac-a-dos-ergonomique-lively-butter-fireworks-tiger-family-ref-ig01-f_0.jpg
1140647445	/s/a/sac-a-dos-ergonomique-lively-butter-fireworks-tiger-family-ref-ig01-f_1.jpg
1140647445	/s/a/sac-a-dos-ergonomique-lively-butter-fireworks-tiger-family-ref-ig01-f_2.jpg
1140647445	/s/a/sac-a-dos-ergonomique-lively-butter-fireworks-tiger-family-ref-ig01-f_3.jpg
1140647445	/s/a/sac-a-dos-ergonomique-lively-butter-fireworks-tiger-family-ref-ig01-f_4.jpg
1140647446	/s/a/sac-a-dos-ergonomique-lively-blue-leaves-tiger-family-ref-ig01-f_0.jpg
1140647446	/s/a/sac-a-dos-ergonomique-lively-blue-leaves-tiger-family-ref-ig01-f_1.jpg
1140647446	/s/a/sac-a-dos-ergonomique-lively-blue-leaves-tiger-family-ref-ig01-f_2.jpg
1140647447	/s/a/sac-a-dos-ergonomique-lively-next-world-tiger-family-ref-ig01-g_0.jpg
1140647447	/s/a/sac-a-dos-ergonomique-lively-next-world-tiger-family-ref-ig01-g_1.jpg
1140647447	/s/a/sac-a-dos-ergonomique-lively-next-world-tiger-family-ref-ig01-g_2.jpg
1140647447	/s/a/sac-a-dos-ergonomique-lively-next-world-tiger-family-ref-ig01-g_3.jpg
1140647447	/s/a/sac-a-dos-ergonomique-lively-next-world-tiger-family-ref-ig01-g_4.jpg
1140647448	/s/a/sac-a-dos-ergonomique-lively-skater-life-tiger-family-ref-ig01-g_0.jpg
1140647448	/s/a/sac-a-dos-ergonomique-lively-skater-life-tiger-family-ref-ig01-g_1.jpg
1140647448	/s/a/sac-a-dos-ergonomique-lively-skater-life-tiger-family-ref-ig01-g_2.jpg
1140647448	/s/a/sac-a-dos-ergonomique-lively-skater-life-tiger-family-ref-ig01-g_3.jpg
1140647448	/s/a/sac-a-dos-ergonomique-lively-skater-life-tiger-family-ref-ig01-g_4.jpg
1140647452	/s/a/sac-a-dos-ergonomique-max-2_0-fairytale-special-edition--tiger-family-ref-ig81-f_0_1.jpg
1140647452	/s/a/sac-a-dos-ergonomique-max-2_0-fairytale-special-edition--tiger-family-ref-ig81-f_1.jpg
1140647452	/s/a/sac-a-dos-ergonomique-max-2_0-fairytale-special-edition--tiger-family-ref-ig81-f_2_1.jpg
1140647452	/s/a/sac-a-dos-ergonomique-max-2_0-fairytale-special-edition--tiger-family-ref-ig81-f_3_1.jpg
1140647452	/s/a/sac-a-dos-ergonomique-max-2_0-fairytale-special-edition--tiger-family-ref-ig81-f_4_1.jpg
1140647453	/s/a/sac-a-dos-ergonomique-max-2_0-story-book-special-edition--tiger-family-ref-ig81-f_0.jpg
1140647453	/s/a/sac-a-dos-ergonomique-max-2_0-story-book-special-edition--tiger-family-ref-ig81-f_1.jpg
1140647453	/s/a/sac-a-dos-ergonomique-max-2_0-story-book-special-edition--tiger-family-ref-ig81-f_2.jpg
1140647453	/s/a/sac-a-dos-ergonomique-max-2_0-story-book-special-edition--tiger-family-ref-ig81-f_3.jpg
1140647453	/s/a/sac-a-dos-ergonomique-max-2_0-story-book-special-edition--tiger-family-ref-ig81-f_4.jpg
1140647454	/s/a/sac-a-dos-ergonomique-max-2_0-bubble-bath-tiger-family-ref-ig81-f_0.jpg
1140647454	/s/a/sac-a-dos-ergonomique-max-2_0-bubble-bath-tiger-family-ref-ig81-f_1.jpg
1140647454	/s/a/sac-a-dos-ergonomique-max-2_0-bubble-bath-tiger-family-ref-ig81-f_2.jpg
1140647454	/s/a/sac-a-dos-ergonomique-max-2_0-bubble-bath-tiger-family-ref-ig81-f_3.jpg
1140647455	/s/a/sac-a-dos-ergonomique-max-2_0-legend-special-edition--tiger-family-ref-ig81-g_0.jpg
1140647455	/s/a/sac-a-dos-ergonomique-max-2_0-legend-special-edition--tiger-family-ref-ig81-g_1.jpg
1140647455	/s/a/sac-a-dos-ergonomique-max-2_0-legend-special-edition--tiger-family-ref-ig81-g_2.jpg
1140647455	/s/a/sac-a-dos-ergonomique-max-2_0-legend-special-edition--tiger-family-ref-ig81-g_3.jpg
1140647455	/s/a/sac-a-dos-ergonomique-max-2_0-legend-special-edition--tiger-family-ref-ig81-g_4.jpg
1140647456	/s/a/sac-a-dos-ergonomique-max-2_0-gravel-tiger-family-ref-ig81-g_0.jpg
1140647456	/s/a/sac-a-dos-ergonomique-max-2_0-gravel-tiger-family-ref-ig81-g_1.jpg
1140647456	/s/a/sac-a-dos-ergonomique-max-2_0-gravel-tiger-family-ref-ig81-g_2.jpg
1140647456	/s/a/sac-a-dos-ergonomique-max-2_0-gravel-tiger-family-ref-ig81-g_3.jpg
1140647456	/s/a/sac-a-dos-ergonomique-max-2_0-gravel-tiger-family-ref-ig81-g_4.jpg
1140647457	/s/a/sac-a-dos-ergonomique-max-2_0-space-fiction-special-edition--tiger-family-ref-ig81-g_0.jpg
1140647457	/s/a/sac-a-dos-ergonomique-max-2_0-space-fiction-special-edition--tiger-family-ref-ig81-g_1.jpg
1140647457	/s/a/sac-a-dos-ergonomique-max-2_0-space-fiction-special-edition--tiger-family-ref-ig81-g_2.jpg
1140647457	/s/a/sac-a-dos-ergonomique-max-2_0-space-fiction-special-edition--tiger-family-ref-ig81-g_3.jpg
1140647457	/s/a/sac-a-dos-ergonomique-max-2_0-space-fiction-special-edition--tiger-family-ref-ig81-g_4.jpg
1140647458	/s/a/sac-a-dos-ergonomique-max-cube-fairytale-special-edition--tiger-family-ref-ig84-f_0.jpg
1140647458	/s/a/sac-a-dos-ergonomique-max-cube-fairytale-special-edition--tiger-family-ref-ig84-f_1.jpg
1140647458	/s/a/sac-a-dos-ergonomique-max-cube-fairytale-special-edition--tiger-family-ref-ig84-f_2.jpg
1140647458	/s/a/sac-a-dos-ergonomique-max-cube-fairytale-special-edition--tiger-family-ref-ig84-f_3.jpg
1140647458	/s/a/sac-a-dos-ergonomique-max-cube-fairytale-special-edition--tiger-family-ref-ig84-f_4.jpg
1140647459	/s/a/sac-a-dos-ergonomique-max-cube-cloud-nine-tiger-family-ref-ig84-f_0.jpg
1140647459	/s/a/sac-a-dos-ergonomique-max-cube-cloud-nine-tiger-family-ref-ig84-f_1.jpg
1140647459	/s/a/sac-a-dos-ergonomique-max-cube-cloud-nine-tiger-family-ref-ig84-f_2.jpg
1140647459	/s/a/sac-a-dos-ergonomique-max-cube-cloud-nine-tiger-family-ref-ig84-f_3.jpg
1140647459	/s/a/sac-a-dos-ergonomique-max-cube-cloud-nine-tiger-family-ref-ig84-f_4.jpg
1140647460	/s/a/sac-a-dos-ergonomique-max-cube-story-book-special-edition--tiger-family-ref-ig84-f_.jpg
1140647460	/s/a/sac-a-dos-ergonomique-max-cube-story-book-special-edition--tiger-family-ref-ig84-f_0.jpg
1140647460	/s/a/sac-a-dos-ergonomique-max-cube-story-book-special-edition--tiger-family-ref-ig84-f_1.jpg
1140647460	/s/a/sac-a-dos-ergonomique-max-cube-story-book-special-edition--tiger-family-ref-ig84-f_2.jpg
1140647460	/s/a/sac-a-dos-ergonomique-max-cube-story-book-special-edition--tiger-family-ref-ig84-f_3.jpg
1140647461	/s/a/sac-a-dos-ergonomique-max-cube-aloha-tiger-family-ref-ig84-f_0.jpg
1140647461	/s/a/sac-a-dos-ergonomique-max-cube-aloha-tiger-family-ref-ig84-f_1.jpg
1140647461	/s/a/sac-a-dos-ergonomique-max-cube-aloha-tiger-family-ref-ig84-f_2.jpg
1140647461	/s/a/sac-a-dos-ergonomique-max-cube-aloha-tiger-family-ref-ig84-f_3.jpg
1140647461	/s/a/sac-a-dos-ergonomique-max-cube-aloha-tiger-family-ref-ig84-f_4.jpg
1140647462	/s/a/sac-a-dos-ergonomique-max-cube-division-special-edition--tiger-family-ref-ig84-g_0.jpg
1140647462	/s/a/sac-a-dos-ergonomique-max-cube-division-special-edition--tiger-family-ref-ig84-g_1.jpg
1140647462	/s/a/sac-a-dos-ergonomique-max-cube-division-special-edition--tiger-family-ref-ig84-g_2.jpg
1140647462	/s/a/sac-a-dos-ergonomique-max-cube-division-special-edition--tiger-family-ref-ig84-g_3.jpg
1140647462	/s/a/sac-a-dos-ergonomique-max-cube-division-special-edition--tiger-family-ref-ig84-g_4.jpg
1140647463	/s/a/sac-a-dos-ergonomique-max-cube-legend-special-edition--tiger-family-ref-ig84-g_0.jpg
1140647463	/s/a/sac-a-dos-ergonomique-max-cube-legend-special-edition--tiger-family-ref-ig84-g_1.jpg
1140647463	/s/a/sac-a-dos-ergonomique-max-cube-legend-special-edition--tiger-family-ref-ig84-g_2.jpg
1140647463	/s/a/sac-a-dos-ergonomique-max-cube-legend-special-edition--tiger-family-ref-ig84-g_3.jpg
1140647463	/s/a/sac-a-dos-ergonomique-max-cube-legend-special-edition--tiger-family-ref-ig84-g_4.jpg
1140647471	/s/a/sac-a-dos-ergonomique-max-cube-space-fiction-special-edition--tiger-family-ref-ig84-g_0.jpg
1140647471	/s/a/sac-a-dos-ergonomique-max-cube-space-fiction-special-edition--tiger-family-ref-ig84-g_1.jpg
1140647471	/s/a/sac-a-dos-ergonomique-max-cube-space-fiction-special-edition--tiger-family-ref-ig84-g_2.jpg
1140647471	/s/a/sac-a-dos-ergonomique-max-cube-space-fiction-special-edition--tiger-family-ref-ig84-g_3.jpg
1140647471	/s/a/sac-a-dos-ergonomique-max-cube-space-fiction-special-edition--tiger-family-ref-ig84-g_4.jpg
1140647472	/s/a/sac-a-dos-ergonomique-max-story-book-special-edition--tiger-family-ref-ig82-f_0.jpg
1140647472	/s/a/sac-a-dos-ergonomique-max-story-book-special-edition--tiger-family-ref-ig82-f_1.jpg
1140647472	/s/a/sac-a-dos-ergonomique-max-story-book-special-edition--tiger-family-ref-ig82-f_2.jpg
1140647472	/s/a/sac-a-dos-ergonomique-max-story-book-special-edition--tiger-family-ref-ig82-f_3.jpg
1140647472	/s/a/sac-a-dos-ergonomique-max-story-book-special-edition--tiger-family-ref-ig82-f_4.jpg
1140647473	/s/a/sac-a-dos-ergonomique-max-fairytale-special-edition--tiger-family-ref-ig82-f_0.jpg
1140647473	/s/a/sac-a-dos-ergonomique-max-fairytale-special-edition--tiger-family-ref-ig82-f_1.jpg
1140647473	/s/a/sac-a-dos-ergonomique-max-fairytale-special-edition--tiger-family-ref-ig82-f_2.jpg
1140647473	/s/a/sac-a-dos-ergonomique-max-fairytale-special-edition--tiger-family-ref-ig82-f_3.jpg
1140647473	/s/a/sac-a-dos-ergonomique-max-fairytale-special-edition--tiger-family-ref-ig82-f_4.jpg
1140647474	/s/a/sac-a-dos-ergonomique-max-cloud-nine-tiger-family-ref-ig82-f_0.jpg
1140647474	/s/a/sac-a-dos-ergonomique-max-cloud-nine-tiger-family-ref-ig82-f_1.jpg
1140647474	/s/a/sac-a-dos-ergonomique-max-cloud-nine-tiger-family-ref-ig82-f_2.jpg
1140647474	/s/a/sac-a-dos-ergonomique-max-cloud-nine-tiger-family-ref-ig82-f_3.jpg
1140647474	/s/a/sac-a-dos-ergonomique-max-cloud-nine-tiger-family-ref-ig82-f_4.jpg
1140647475	/s/a/sac-a-dos-ergonomique-max-gravel-tiger-family-ref-ig82-g_5.jpg
1140647475	/s/a/sac-a-dos-ergonomique-max-legend-special-edition--tiger-family-ref-ig82-g_0.jpg
1140647475	/s/a/sac-a-dos-ergonomique-max-legend-special-edition--tiger-family-ref-ig82-g_1.jpg
1140647475	/s/a/sac-a-dos-ergonomique-max-legend-special-edition--tiger-family-ref-ig82-g_2.jpg
1140647475	/s/a/sac-a-dos-ergonomique-max-legend-special-edition--tiger-family-ref-ig82-g_3.jpg
1140647475	/s/a/sac-a-dos-ergonomique-max-legend-special-edition--tiger-family-ref-ig82-g_4.jpg
1140647476	/s/a/sac-a-dos-ergonomique-max-gravel-tiger-family-ref-ig82-g_0.jpg
1140647476	/s/a/sac-a-dos-ergonomique-max-gravel-tiger-family-ref-ig82-g_1.jpg
1140647476	/s/a/sac-a-dos-ergonomique-max-gravel-tiger-family-ref-ig82-g_2.jpg
1140647476	/s/a/sac-a-dos-ergonomique-max-gravel-tiger-family-ref-ig82-g_3.jpg
1140647476	/s/a/sac-a-dos-ergonomique-max-gravel-tiger-family-ref-ig82-g_4.jpg
1140647477	/s/a/sac-a-dos-ergonomique-max-space-fiction-special-edition--tiger-family-ref-ig82-g_0.jpg
1140647477	/s/a/sac-a-dos-ergonomique-max-space-fiction-special-edition--tiger-family-ref-ig82-g_1.jpg
1140647477	/s/a/sac-a-dos-ergonomique-max-space-fiction-special-edition--tiger-family-ref-ig82-g_2.jpg
1140647477	/s/a/sac-a-dos-ergonomique-max-space-fiction-special-edition--tiger-family-ref-ig82-g_3.jpg
1140647477	/s/a/sac-a-dos-ergonomique-max-space-fiction-special-edition--tiger-family-ref-ig82-g_4.jpg
1140647478	/s/a/sac-a-dos-max-mezzo-story-book-tiger-family-ref-ig82-f2.jpg
1140647479	/s/a/sac-a-dos-max-mezzo-angel-tiger-family-ref-ig82-f2_0.jpg
1140647479	/s/a/sac-a-dos-max-mezzo-angel-tiger-family-ref-ig82-f2_1.jpg
1140647479	/s/a/sac-a-dos-max-mezzo-angel-tiger-family-ref-ig82-f2_2.jpg
1140647480	/s/a/sac-a-dos-fun-time-jacob-in-space-tiger-family-ref-ig13-g.jpg
1140647481	/s/a/sac-a-dos-fun-time-moonwalk-tiger-family-ref-ig13-g_0.jpg
1140647481	/s/a/sac-a-dos-fun-time-moonwalk-tiger-family-ref-ig13-g_1.jpg
1140647482	/s/a/sac-a-dos-creche-buckle-big-bear-tiger-family-ref-ig01-g5_0.jpg
1140647482	/s/a/sac-a-dos-creche-buckle-big-bear-tiger-family-ref-ig01-g5_1_1.jpg
1140647482	/s/a/sac-a-dos-creche-buckle-big-bear-tiger-family-ref-ig01-g5_2_1.jpg
1140647482	/s/a/sac-a-dos-creche-buckle-big-bear-tiger-family-ref-ig01-g5_3_1.jpg
1140647482	/s/a/sac-a-dos-creche-buckle-big-bear-tiger-family-ref-ig01-g5_4_1.jpg
1140647483	/s/a/sac-a-dos-creche-buckle-hungry-shark-tiger-family-ref-ig01-g5_0.jpg
1140647483	/s/a/sac-a-dos-creche-buckle-hungry-shark-tiger-family-ref-ig01-g5_1.jpg
1140647483	/s/a/sac-a-dos-creche-buckle-hungry-shark-tiger-family-ref-ig01-g5_2.jpg
1140647483	/s/a/sac-a-dos-creche-buckle-hungry-shark-tiger-family-ref-ig01-g5_3.jpg
1140647483	/s/a/sac-a-dos-creche-buckle-hungry-shark-tiger-family-ref-ig01-g5_4.jpg
1140647484	/s/a/sac-a-dos-creche-buckle-honey-bunny-tiger-family-ref-ig01-f5_0.jpg
1140647484	/s/a/sac-a-dos-creche-buckle-honey-bunny-tiger-family-ref-ig01-f5_1.jpg
1140647484	/s/a/sac-a-dos-creche-buckle-honey-bunny-tiger-family-ref-ig01-f5_2.jpg
1140647484	/s/a/sac-a-dos-creche-buckle-honey-bunny-tiger-family-ref-ig01-f5_3.jpg
1140647484	/s/a/sac-a-dos-creche-buckle-honey-bunny-tiger-family-ref-ig01-f5_4.jpg
1140647485	/s/a/sac-a-dos-creche-buckle-foxy-fox-tiger-family-ref-ig01-f5_0.jpg
1140647485	/s/a/sac-a-dos-creche-buckle-foxy-fox-tiger-family-ref-ig01-f5_1.jpg
1140647485	/s/a/sac-a-dos-creche-buckle-foxy-fox-tiger-family-ref-ig01-f5_2.jpg
1140647485	/s/a/sac-a-dos-creche-buckle-foxy-fox-tiger-family-ref-ig01-f5_3.jpg
1140647485	/s/a/sac-a-dos-creche-buckle-foxy-fox-tiger-family-ref-ig01-f5_4.jpg
1140647486	/t/r/trousse-fantaisie-emilys-dream-tiger-family-ref-trig6-f.jpg
1140647487	/t/r/trousse-fantaisie-strawberry-love-tiger-family-ref-trig6-f.jpg
1140647488	/t/r/trousse-fantaisie-dino-in-jungle-tiger-family-ref-trig6-g.jpg
1140647489	/t/r/trousse-fantaisie-total-gamer-tiger-family-ref-trig6-g.jpg
1140647490	/t/r/trousse-a-rabat-story-book-tiger-family-ref-trig3-f_1.jpg
1140647491	/t/r/trousse-a-rabat-butterfly-dance-tiger-family-ref-trig3-f_1.jpg
1140647492	/t/r/trousse-a-rabat-division-tiger-family-ref-trig3-g_1.jpg
1140647493	/t/r/trousse-a-rabat-one-goal-tiger-family-ref-trig3-g_1.jpg
1140647494	/t/r/trousse-a-rabat-ribbon-sorbet-tiger-family-ref-trig3-f2.jpg
1140647495	/t/r/trousse-a-rabat-peach-waves-tiger-family-ref-trig3-f2.jpg
1140647496	/s/a/sacoche-a-main-kids-space-things-tiger-family-ref-scmig1-g.jpg
1140647497	/s/a/sacoche-a-main-kids-super-galaxy-tiger-family-ref-scmig1-g.jpg
1140647498	/s/a/sac-a-dos-max-roll-top-rainbow-swirl-tiger-family-ref-ig82-f3_0.jpg
1140647498	/s/a/sac-a-dos-max-roll-top-rainbow-swirl-tiger-family-ref-ig82-f3_1.jpg
1140647498	/s/a/sac-a-dos-max-roll-top-rainbow-swirl-tiger-family-ref-ig82-f3_2.jpg
1140647499	/s/a/sac-a-dos-max-roll-top-purple-sky-tiger-family-ref-ig82-f3_0_1.jpg
1140647499	/s/a/sac-a-dos-max-roll-top-purple-sky-tiger-family-ref-ig82-f3_1_1.jpg
1140647499	/s/a/sac-a-dos-max-roll-top-purple-sky-tiger-family-ref-ig82-f3_2_1.jpg
1140647500	/s/a/sac-a-dos-max-roll-top-neon-sky-tiger-family-ref-ig82-g3_0.jpg
1140647500	/s/a/sac-a-dos-max-roll-top-neon-sky-tiger-family-ref-ig82-g3_1.jpg
1140647500	/s/a/sac-a-dos-max-roll-top-neon-sky-tiger-family-ref-ig82-g3_2.jpg
1140647501	/s/a/sac-a-dos-max-roll-top-division-tiger-family-ref-ig82-g3_0.jpg
1140647501	/s/a/sac-a-dos-max-roll-top-division-tiger-family-ref-ig82-g3_1.jpg
1140647501	/s/a/sac-a-dos-max-roll-top-division-tiger-family-ref-ig82-g3_2.jpg
1140647561	/o/r/organiseur-de-bureau-diago-vert-techno-ref-9948.jpg
1140647562	/o/r/organiseur-de-bureau-diago-bleu-techno-ref-9949.jpg
1140647563	/o/r/organiseur-de-bureau-diago-jaune-techno-ref-9950.jpg
1140647564	/o/r/organiseur-de-bureau-diago-gris-techno-ref-9951.jpg
1140647565	/o/r/organiseur-de-bureau-diago-vert-fluo-techno-ref-9952.jpg
1140647566	/o/r/organiseur-de-bureau-diago-violet-fluo-techno-ref-9953.jpg
1140647567	/o/r/organiseur-de-bureau-diago-rose-fluo-techno-ref-9954.jpg
1140647568	/o/r/organiseur-de-bureau-diago-orange-fluo-techno-ref-9955.jpg
1140647569	/o/r/organiseur-de-bureau-diago-transparent-fume-techno-ref-9956.jpg
1140647731	/c/r/crayons-de-couleur-wow-crea-effa_able-boite-de-12-pcs-techno-ref-6926.jpg
1140647732	/c/r/crayons-de-couleur-wow-crea-effa_able-boite-de-18-pcs-techno-ref-6927.jpg
1140647733	/c/r/crayons-de-couleur-wow-crea-effa_able-boite-de-24-pcs-techno-ref-6928.jpg
1140647734	/c/r/crayons-de-couleur-wow-crea-effa_able-boite-en-pet-12-couleurs-techno-ref-6929.jpg
1140647735	/c/r/crayons-de-couleur-wow-crea-effa_able-boite-en-pet-18-couleurs-techno-ref-6930.jpg
1140647736	/c/r/crayons-de-couleur-wow-crea-effa_able-boite-en-pet-24-couleurs-techno-ref-6931.jpg
1140648306	/t/r/trousse-931901-open-xxl-vide-basic-purple_00_1.png
1140648306	/t/r/trousse-931901-open-xxl-vide-basic-purple_01_1.png
1140648306	/t/r/trousse-931901-open-xxl-vide-basic-purple_02_1.png
1140648307	/t/r/trousse-open-xxl-vide-basic-verte_00.png
1140648307	/t/r/trousse-open-xxl-vide-basic-verte_01.png
1140648307	/t/r/trousse-open-xxl-vide-basic-verte_02.png
1140648308	/t/r/trousse-931903-open-xxl-vide-trendy-vert_00.png
1140648308	/t/r/trousse-931903-open-xxl-vide-trendy-vert_01.png
1140648308	/t/r/trousse-931903-open-xxl-vide-trendy-vert_02.png
1140648309	/t/r/trousse-931904-open-xxl-vide-trendy-rose_00.png
1140648309	/t/r/trousse-931904-open-xxl-vide-trendy-rose_01.png
1140648309	/t/r/trousse-931904-open-xxl-vide-trendy-rose_02.png
1140648310	/t/r/trousse-931905-open-xxl-vide-effect-bleue_00.png
1140648310	/t/r/trousse-931905-open-xxl-vide-effect-bleue_01.jpg
1140648310	/t/r/trousse-931905-open-xxl-vide-effect-bleue_02.png
1140648311	/t/r/trousse-931906-open-xxl-vide-effet-rose_00.png
1140648311	/t/r/trousse-931906-open-xxl-vide-effet-rose_01.png
1140648311	/t/r/trousse-931906-open-xxl-vide-effet-rose_02.png
1140648312	/t/r/trousse-931907-open-xxl-vide-motif-bleu_00.png
1140648312	/t/r/trousse-931907-open-xxl-vide-motif-bleu_01.png
1140648312	/t/r/trousse-931907-open-xxl-vide-motif-bleu_02.png
1140648314	/t/r/trousse-931908-open-xxl-vide-motif-rose_00_1.png
1140648314	/t/r/trousse-931908-open-xxl-vide-motif-rose_01_1.png
1140648314	/t/r/trousse-931908-open-xxl-vide-motif-rose_02_1.png
1140648315	/t/r/trousse-931900-open-xxl-vide-basic-noire_00.png
1140648315	/t/r/trousse-931900-open-xxl-vide-basic-noire_01.png
1140648315	/t/r/trousse-931900-open-xxl-vide-basic-noire_02.png
1140648347	/s/a/sac-a-dos-creche-dear-friends-honey-bunny-special-edition--tiger-family-ref-ig01-f2_0_1.jpg
1140648347	/s/a/sac-a-dos-creche-dear-friends-honey-bunny-special-edition--tiger-family-ref-ig01-f2_1_1.jpg
1140648347	/s/a/sac-a-dos-creche-dear-friends-honey-bunny-special-edition--tiger-family-ref-ig01-f2_2_1.jpg
1140648347	/s/a/sac-a-dos-creche-dear-friends-honey-bunny-special-edition--tiger-family-ref-ig01-f2_3_1.jpg
1140648347	/s/a/sac-a-dos-creche-dear-friends-honey-bunny-special-edition--tiger-family-ref-ig01-f2_4_1.jpg
1140648348	/s/a/sac-a-dos-creche-dear-friends-foxy-fox-special-edition--tiger-family-ref-ig01-f2_0.jpg
1140648348	/s/a/sac-a-dos-creche-dear-friends-foxy-fox-special-edition--tiger-family-ref-ig01-f2_1.jpg
1140648348	/s/a/sac-a-dos-creche-dear-friends-foxy-fox-special-edition--tiger-family-ref-ig01-f2_2.jpg
1140648348	/s/a/sac-a-dos-creche-dear-friends-foxy-fox-special-edition--tiger-family-ref-ig01-f2_3.jpg
1140648348	/s/a/sac-a-dos-creche-dear-friends-foxy-fox-special-edition--tiger-family-ref-ig01-f2_4.jpg
1140648349	/s/a/sac-a-dos-creche-dear-friends-big-bear-special-edition--tiger-family-ref-ig01-g2_0.jpg
1140648349	/s/a/sac-a-dos-creche-dear-friends-big-bear-special-edition--tiger-family-ref-ig01-g2_1.jpg
1140648349	/s/a/sac-a-dos-creche-dear-friends-big-bear-special-edition--tiger-family-ref-ig01-g2_2.jpg
1140648349	/s/a/sac-a-dos-creche-dear-friends-big-bear-special-edition--tiger-family-ref-ig01-g2_3.jpg
1140648349	/s/a/sac-a-dos-creche-dear-friends-big-bear-special-edition--tiger-family-ref-ig01-g2_4.jpg
1140648350	/s/a/sac-a-dos-creche-dear-friends-zebra-cadabra-special-edition--tiger-family-ref-ig01-g2_0.jpg
1140648350	/s/a/sac-a-dos-creche-dear-friends-zebra-cadabra-special-edition--tiger-family-ref-ig01-g2_1.jpg
1140648350	/s/a/sac-a-dos-creche-dear-friends-zebra-cadabra-special-edition--tiger-family-ref-ig01-g2_2.jpg
1140648350	/s/a/sac-a-dos-creche-dear-friends-zebra-cadabra-special-edition--tiger-family-ref-ig01-g2_3.jpg
1140648350	/s/a/sac-a-dos-creche-dear-friends-zebra-cadabra-special-edition--tiger-family-ref-ig01-g2_4.jpg
1140648357	/t/r/trousse-ovale-a-rabat-peachy-savanna-tiger-family-ref-tr220-f.jpg
1140648358	/t/r/trousse-fantaisie-glitzy-mermaid-tiger-family-ref-tr196-f.jpg
1140648359	/t/r/trousse-fantaisie-sparkling-butterfly-tiger-family-ref-tr196-f.jpg
1140648361	/t/r/trousse-ovale-a-rabat-lightning-strike-tiger-family-ref-tr220-g_1_.png
1140648368	/t/r/trousse-duo-fresh-kicks-tiger-family-ref-tr217-g.jpg
1140648845	/t/r/trousse-duo-planet-cat-tiger-family-ref-tr217-f.jpg
1140648846	/t/r/trousse-duo-next-world-tiger-family-ref-tr217-g.jpg
1140648847	/t/r/trousse-ovale-a-rabat-ambience-tiger-family-ref-tr220-g.jpg
1140648904	/p/e/peinture-a-eau-de-12-couleurs-motif-standard-bleu-techno-ref-6894.jpg
1140648905	/p/e/peinture-a-eau-de-12-couleurs-motif-standard-rose-techno-ref-6894.jpg
1140648906	/p/e/peinture-a-eau-de-06-couleurs-motif-standard-bleu-techno-ref-6893.jpg
1140648907	/p/e/peinture-a-eau-de-06-couleurs-motif-standard-rose-techno-ref-6893.jpg
1140648908	/9/8/9803-01.jpg
1140648910	/9/8/9803-03.jpg
1140648911	/9/8/9803-04.jpg
1140648912	/9/8/9803-05.jpg
1140648913	/9/8/9803-06.jpg
1140648914	/9/8/9803-07.jpg
1140648915	/9/8/9803-08.jpg
1140648915	/9/8/9803-09.jpg
1140648916	/9/8/9803-10.jpg
1140648917	/9/8/9803-11.jpg
1140649023	/t/r/trousse-duo-musical-pony-pink-tiger-family-ref-tr217-f_1.jpg
1140649129	/t/a/taille-crayons-croc-croc-hippo-maped-ref-016611_0.jpg
1140649129	/t/a/taille-crayons-croc-croc-hippo-maped-ref-016611_1.jpg
1140649129	/t/a/taille-crayons-croc-croc-hippo-maped-ref-016611_2.jpg
1140649130	/r/e/regle-geometric-30-cm-gaucher-sac-papier-maped-ref-254330_0.jpg
1140649130	/r/e/regle-geometric-30-cm-gaucher-sac-papier-maped-ref-254330_1.jpg
1140649131	/a/g/agrafeuse-deco-essentials-metal-24-6-26-6-maped-ref-354300_0.jpg
1140649131	/a/g/agrafeuse-deco-essentials-metal-24-6-26-6-maped-ref-354300_1.png
1140649131	/a/g/agrafeuse-deco-essentials-metal-24-6-26-6-maped-ref-354300_2.png
1140649132	/a/g/agrafeuse-universal-metal-pastel-half-24-26-6-avec-400-agraphes-maped-ref-354301_0.png
1140649132	/a/g/agrafeuse-universal-metal-pastel-half-24-26-6-avec-400-agraphes-maped-ref-354301_1.png
1140649132	/a/g/agrafeuse-universal-metal-pastel-half-24-26-6-avec-400-agraphes-maped-ref-354301_3-min.png
1140649133	/p/e/perforateur-essentials-deco-metal-02-trous-20-25f-maped-ref-402400_0.png
1140649133	/p/e/perforateur-essentials-deco-metal-02-trous-20-25f-maped-ref-402400_1-min.png
1140649134	/a/g/agrafeuse-vivo-pastel-24-6-26-6-maped-ref-404002_0.jpg
1140649134	/a/g/agrafeuse-vivo-pastel-24-6-26-6-maped-ref-404002_1.jpg
1140649134	/a/g/agrafeuse-vivo-pastel-24-6-26-6-maped-ref-404002_2.jpg
1140649134	/a/g/agrafeuse-vivo-pastel-24-6-26-6-maped-ref-404002_3.jpg
1140649134	/a/g/agrafeuse-vivo-pastel-24-6-26-6-maped-ref-404002_4.jpg
1140649134	/a/g/agrafeuse-vivo-pastel-24-6-26-6-maped-ref-404002_5.jpg
1140649134	/a/g/agrafeuse-vivo-pastel-24-6-26-6-maped-ref-404002_6.jpg
1140649134	/a/g/agrafeuse-vivo-pastel-24-6-26-6-maped-ref-404002_7.jpg
1140649134	/a/g/agrafeuse-vivo-pastel-24-6-26-6-maped-ref-404002_8.jpg
1140649136	/c/i/ciseaux-deco-essentials-green-21-cm-asymetriques-try-me-maped-ref-468101_0.jpg
1140649136	/c/i/ciseaux-deco-essentials-green-21-cm-asymetriques-try-me-maped-ref-468101_1.jpg
1140649137	/s/u/surligneur-fluopeps-boite-carton-de-12-maped-ref-740901_0.jpg
1140649137	/s/u/surligneur-fluopeps-boite-carton-de-12-maped-ref-740901_1.jpg
1140649138	/s/u/surligneur-fluopeps-boite-carton-de-04-maped-ref-740902_5.jpg
1140649138	/s/u/surligneur-fluopeps-boite-carton-de-04-maped-ref-740902_0-min.png
1140649138	/s/u/surligneur-fluopeps-boite-carton-de-04-maped-ref-740902_2-min.png
1140649138	/s/u/surligneur-fluopeps-boite-carton-de-04-maped-ref-740902_4-min.png
1140649138	/s/u/surligneur-fluopeps-boite-carton-de-04-maped-ref-740902_1-min.png
1140649138	/s/u/surligneur-fluopeps-boite-carton-de-04-maped-ref-740902_3-min.png
1140649139	/f/e/feutre-fin-graphpeps-deco-noir-boite-x12-maped-ref-749000_0.jpg
1140649139	/f/e/feutre-fin-graphpeps-deco-noir-boite-x12-maped-ref-749000_1.jpg
1140649140	/f/e/feutre-fin-graphpeps-deco-bleu-boite-x12-maped-ref-749001_0.jpg
1140649140	/f/e/feutre-fin-graphpeps-deco-bleu-boite-x12-maped-ref-749001_1.jpg
1140649141	/f/e/feutre-fin-graphpeps-deco-rouge-boite-x12-maped-ref-749002_0.jpg
1140649141	/f/e/feutre-fin-graphpeps-deco-rouge-boite-x12-maped-ref-749002_1.jpg
1140649142	/f/e/feutre-fin-graphpeps-deco-vert-boite-x12-maped-ref-749003_0.jpg
1140649142	/f/e/feutre-fin-graphpeps-deco-vert-boite-x12-maped-ref-749003_1.jpg
1140649143	/t/a/taille-crayons-vivo-1-trous-smiling-planet-fsc-mix-maped-ref-063021_0.jpg
1140649143	/t/a/taille-crayons-vivo-1-trous-smiling-planet-fsc-mix-maped-ref-063021_1.jpg
1140649143	/t/a/taille-crayons-vivo-1-trous-smiling-planet-fsc-mix-maped-ref-063021_2.jpg
1140649144	/t/a/taille-crayons-1-trous-smiling-planet-fsc-mix-maped-ref-071421.png
1140649145	/t/a/taille-crayons-2-trous-smiling-plan-fsc-mix-maped-ref-071521_0.jpg
1140649145	/t/a/taille-crayons-2-trous-smiling-plan-fsc-mix-maped-ref-071521_1.jpg
1140649150	/c/o/compas-study-smiling-planet-a-bague-fsc-maped-ref-199121_0.jpg
1140649150	/c/o/compas-study-smiling-planet-a-bague-fsc-maped-ref-199121_1.jpg
1140649150	/c/o/compas-study-smiling-planet-a-bague-fsc-maped-ref-199121_2.jpg
1140649150	/c/o/compas-study-smiling-planet-a-bague-fsc-maped-ref-199121_3.jpg
1140649410	/t/-/t-shirt_maped_cadeau_bts_techno_2023_1.jpg
1140649411	/t/-/t-shirt_maped_cadeau_bts_techno_2023_1_1.jpg
1140651153	/s/a/sac-a-dos-noir-techno-ref-7038-1.jpg
1140651153	/s/a/sac-a-dos-noir-techno-ref-7038-2.jpg
1140651153	/s/a/sac-a-dos-noir-techno-ref-7038-3.jpg
1140651158	/s/a/sac-a-dos-avec-compartiment-laptop-noir-techno-ref-7043.jpg
1140651158	/s/a/sac-a-dos-avec-compartiment-laptop-noir-techno-ref-7043-1.jpg
1140651158	/s/a/sac-a-dos-avec-compartiment-laptop-noir-techno-ref-7043-2.jpg
1140651161	/s/a/sac-a-dos-avec-compartiment-laptop-noir-techno-ref-7046.jpg
1140651161	/s/a/sac-a-dos-avec-compartiment-laptop-noir-techno-ref-7046-1.jpg
1140651161	/s/a/sac-a-dos-avec-compartiment-laptop-noir-techno-ref-7046-2.jpg
1140651167	/s/a/sac-a-dos-noir-techno-ref-7052-1.jpg
1140651167	/s/a/sac-a-dos-noir-techno-ref-7052-2.jpg
1140651325	/f/e/feutre-ocean-deco-x6-sachet-plastique-maped-ref-845700_0.jpg
1140651325	/f/e/feutre-ocean-deco-x6-sachet-plastique-maped-ref-845700_1.jpg
1140651326	/c/r/crayons-de-couleur-color-peps-infinity-pochette-de-12-pcs-maped-ref-861602_0.jpg
1140651326	/c/r/crayons-de-couleur-color-peps-infinity-pochette-de-12-pcs-maped-ref-861602_1.png
1140651327	/t/r/trousse-a-colorier-12-feutres-avec-12-crayon-couleur-strong-maped-ref-984729_0.jpg
1140651327	/t/r/trousse-a-colorier-12-feutres-avec-12-crayon-couleur-strong-maped-ref-984729_1.jpg
1140651328	/c/r/crayon-graphite-plastique-glitter-deco-hb-gomme-x12-maped-ref-851804_0_1.jpg
1140651328	/c/r/crayon-graphite-plastique-glitter-deco-hb-gomme-x12-maped-ref-851804_1_1.jpg
1140651328	/c/r/crayon-graphite-plastique-glitter-deco-hb-gomme-x12-maped-ref-851804_2_1.jpg
1140651328	/c/r/crayon-graphite-plastique-glitter-deco-hb-gomme-x12-maped-ref-851804_3_1.jpg
1140651328	/c/r/crayon-graphite-plastique-glitter-deco-hb-gomme-x12-maped-ref-851804_4_1.jpg
1140651328	/c/r/crayon-graphite-plastique-glitter-deco-hb-gomme-x12-maped-ref-851804_5_1.jpg
1140651328	/c/r/crayon-graphite-plastique-glitter-deco-hb-gomme-x12-maped-ref-851804_6_1.jpg
1140651330	/s/u/surligneurs-flex-pastel-x4-pochette-en-carton-maped-ref-740308_2.jpg
1140651330	/s/u/surligneurs-flex-pastel-x4-pochette-en-carton-maped-ref-740308_3.jpg
1140651338	/t/r/trousse-smiling-planet-recyclee-maped-ref-936100_0.jpg
1140651338	/t/r/trousse-smiling-planet-recyclee-maped-ref-936100_1.jpg
1140651338	/t/r/trousse-smiling-planet-recyclee-maped-ref-936100_2.jpg
1140651767	/s/u/surligneur-flex-pastel-jaune-maped-ref-740310.jpg
1140651768	/s/u/surligneur-flex-pastel-orange-maped-ref-740310.jpg
1140651769	/s/u/surligneur-flex-pastel-violet-maped-ref-740310.jpg
1140651770	/s/u/surligneur-flex-pastel-bleu-maped-ref-740310.jpg
1140651771	/s/u/surligneur-flex-pastel-vert-maped-ref-740310.jpg
1140651791	/s/u/surligneur-flex-pastel-rose-maped-ref-740310.jpg
1140651821	/c/r/crayon-graphite-noir-plastique-glitter-deco-hb-gomme-corps-rose-maped-ref-851805.jpg
1140651822	/c/r/crayon-graphite-noir-plastique-glitter-deco-hb-gomme-corps-violet-maped-ref-851805.jpg
1140651823	/c/r/crayon-graphite-noir-plastique-glitter-deco-hb-gomme-corps-vert-maped-ref-851805.jpg
1140651824	/c/r/crayon-graphite-noir-plastique-glitter-deco-hb-gomme-corps-bleu-maped-ref-851805.jpg
1140651825	/c/r/crayon-graphite-noir-plastique-glitter-deco-hb-gomme-corps-dore-maped-ref-851805.jpg
1140651826	/c/r/crayon-graphite-noir-plastique-glitter-deco-hb-gomme-corps-argente-maped-ref-851805.jpg
1140651827	/c/o/compas-open-version-inter-boite-de-5-pcs-couleur-bleue-maped-ref-536955_0.png
1140651827	/c/o/compas-open-version-inter-boite-de-5-pcs-couleur-bleue-maped-ref-536955_1.png
1140651828	/c/o/compas-open-version-inter-boite-de-5-pcs-couleur-orange-maped-ref-536955.jpg
1140651829	/g/o/gomme-smiling-planet-fsc-recyclee-vert-maped-ref-112521fm_0.jpg
1140651829	/g/o/gomme-smiling-planet-fsc-recyclee-vert-maped-ref-112521fm_1.jpg
1140651830	/g/o/gomme-smiling-planet-fsc-recyclee-marron-maped-ref-112521fm.jpg
1140651830	/g/o/gomme-smiling-planet-fsc-recyclee-marron-maped-ref-112521fm_1.jpg
1140651913	/c/o/compas-open-version-inter-boite-de-5-pcs-couleur-jaune-maped-ref-536955.jpg
1140651914	/c/o/compas-open-version-inter-boite-de-5-pcs-couleur-violet-maped-ref-536955_0.png
1140651914	/c/o/compas-open-version-inter-boite-de-5-pcs-couleur-violet-maped-ref-536955_1.png
1140651915	/c/o/compas-open-version-inter-boite-de-5-pcs-couleur-vert-maped-ref-536955_0.png
1140651915	/c/o/compas-open-version-inter-boite-de-5-pcs-couleur-vert-maped-ref-536955_1.png
1140654663	/c/o/colle-stick-fantaisie-9g-sous-forme-dun-space-techno-ref-7201.jpg
1140654663	/c/o/colle-stick-fantaisie-9g-sous-forme-dun-space-techno-ref-7201-1.jpg
1140654663	/c/o/colle-stick-fantaisie-9g-sous-forme-dun-space-techno-ref-7201-3.jpg
1140654861	/p/a/pate_a_modeler_6_couleurs_pastels_sous_blister_techno_ref_7218_-1_1.jpg
1140654861	/p/a/pate_a_modeler_6_couleurs_pastels_sous_blister_techno_ref_7218-2.jpg
1140654861	/p/a/pate_a_modeler_6_couleurs_pastels_sous_blister_techno_ref_7218-3.jpg
1140654861	/p/a/pate_a_modeler_6_couleurs_pastels_sous_blister_techno_ref_7218-4.jpg
1140654861	/p/a/pate_a_modeler_6_couleurs_pastels_sous_blister_techno_ref_7218-5.jpg
1140654861	/p/a/pate_a_modeler_6_couleurs_pastels_sous_blister_techno_ref_7218-6.jpg
1140654861	/p/a/pate_a_modeler_6_couleurs_pastels_sous_blister_techno_ref_7218-7.jpg
1140654862	/p/a/pate-a-modeler-12-couleurs-pastels-sous-blister-techno-ref-7219.jpg
1140656069	/f/e/feutre-pointe-fine-point-88-arty-pochette-rouleau-de-25-pcs_ref_8825-071-20.jpg
1140656069	/s/t/st_218140_88_68_mood_point88_pen68.jpg
1140656081	/s/t/st_02120_1099_10-01_assort.tif_1_.jpg
1140656082	/s/t/st_203097_6030_4_wallet_front-view.jpg
1140656083	/s/t/st_203098_6030_6_wallet_front-view.jpg
1140656812	/s/a/sac-a-dos-ergonomique-natrure-quest-kitty-in-clouds-sequins--tiger-family-ref-ie11-f2_01.jpg
1140656813	/s/a/sac-a-dos-ergonomique-natrure-quest-bows-and-bunny-sequins--tiger-family-ref-ie11-f2_02.jpg
1140656814	/s/a/sac-a-dos-ergonomique-natrure-quest-pink-amour-sequins--tiger-family-ref-ie11-f2_03.jpg
1140656815	/s/a/sac-a-dos-ergonomique-natrure-quest-girl-power-go-ocean--tiger-family-ref-ie11-f3.jpg
1140656816	/s/a/sac-a-dos-ergonomique-natrure-quest-rush-hour-tiger-family-ref-ie11-g.jpg
1140656818	/s/a/sac-a-dos-ergonomique-natrure-quest-space-vision-go-ocean--tiger-family-ref-ie11-g3.jpg
1140656819	/s/a/sac-a-dos-ergonomique-natrure-quest-lite-butterfly-dance-tiger-family-ref-ie15-f.jpg
1140656830	/s/a/sac-a-dos-ergonomique-natrure-quest-lite-peaceful-fox-sequins--tiger-family-ref-ie15-f2.jpg
1140656831	/s/a/sac-a-dos-ergonomique-natrure-quest-lite-cities-in-space-tiger-family-ref-ie15-g_01.jpg
1140656832	/s/a/sac-a-dos-ergonomique-natrure-quest-lite-speed-up-tiger-family-ref-ie15-g_02.jpg
1140656833	/s/a/sac-a-dos-ergonomique-jolly-pro-sweet-love-pink--sequins--tiger-family-ref-ie12-f2_01.jpg
1140656834	/s/a/sac-a-dos-ergonomique-jolly-pro-bows-and-bunny-sequins--tiger-family-ref-ie12-f2_02.jpg
1140656835	/s/a/sac-a-dos-ergonomique-jolly-pro-shark-deep-under-tiger-family-ref-ie12-g.jpg
1140656836	/s/a/sac-a-dos-ergonomique-jolly-pro-space-vision-go-ocean--tiger-family-ref-ie12-g3.jpg
1140656839	/s/a/sac-a-dos-ergonomique-jolly-lite-mystical-at-night-tiger-family-ref-ie16-f_01.jpg
1140656841	/s/a/sac-a-dos-ergonomique-jolly-lite-mermaids-favourite-tiger-family-ref-ie16-f_02.jpg
1140656842	/s/a/sac-a-dos-ergonomique-jolly-lite-goal-in-one-tiger-family-ref-ie16-g_01.jpg
1140656843	/s/a/sac-a-dos-ergonomique-jolly-lite-skater-life-tiger-family-ref-ie16-g_02.jpg
1140656844	/s/a/sac-a-dos-ergonomique-eggie-girl-power-go-ocean--tiger-family-ref-ie14-f3.jpg
1140656845	/s/a/sac-a-dos-ergonomique-eggie-space-vision-go-ocean--tiger-family-ref-ie14-g3.jpg
1140656846	/s/a/sac-a-dos-ergonomique-eggie-cities-in-space-tiger-family-ref-ie14-g.jpg
1140656903	/s/a/sac-a-dos-ergonomique-champ-space-things-tiger-family-ref-ie32-g_01.jpg
1140656982	/s/a/sac-a-dos-ergonomique-champ-rush-hour-tiger-family-ref-ie32-g_02.jpg
1140656983	/s/a/sac-a-dos-ergonomique-champ-peach-waves-tiger-family-ref-ie32-f.jpg
1140656984	/s/a/sac-a-dos-ergonomique-wonder-hunting-star-tiger-family-ref-ie34-f_01.jpg
1140656985	/s/a/sac-a-dos-ergonomique-wonder-pearly-mermaid-tiger-family-ref-ie34-f_02.jpg
1140656986	/s/a/sac-a-dos-ergonomique-wonder-blue-lake-tiger-family-ref-ie34-g_01.jpg
1140656987	/s/a/sac-a-dos-ergonomique-wonder-the-outer-world-tiger-family-ref-ie34-g_02.jpg
1140656988	/s/a/sac-a-dos-ergonomique-jump-pro-splash-of-ocean-sequins--tiger-family-ref-ie52-f2.jpg
1140656989	/s/a/sac-a-dos-ergonomique-jump-pro-girl-power-go-ocean--tiger-family-ref-ie52-f3.jpg
1140656990	/s/a/sac-a-dos-ergonomique-jump-pro-space-things-go-green--tiger-family-ref-ie52-f3_01_1.jpg
1140656991	/s/a/sac-a-dos-ergonomique-jump-pro-space-vision-go-ocean--tiger-family-ref-ie52-f3_02.jpg
1140656992	/s/a/sac-a-dos-ergonomique-joy-pro-peachy-woods-sequins--tiger-family-ref-ie62-f2_01.jpg
1140656996	/s/a/sac-a-dos-ergonomique-joy-pro-connect-the-stars-sequins--tiger-family-ref-ie62-f2_02.jpg
1140656997	/s/a/sac-a-dos-ergonomique-joy-pro-delicate-unicorn-sequins--tiger-family-ref-ie62-f2_03.jpg
1140656998	/s/a/sac-a-dos-ergonomique-joy-pro-girl-power-go-ocean--tiger-family-ref-ie62-f3.jpg
1140657000	/s/a/sac-a-dos-ergonomique-joy-pro-the-outer-world-tiger-family-ref-ie62-g_01.jpg
1140657001	/s/a/sac-a-dos-ergonomique-joy-pro-volcano-discovery-tiger-family-ref-ie62-g_02.jpg
1140657003	/s/a/sac-a-dos-ergonomique-max-2_0-double-lilac-go-ocean--tiger-family-ref-ie81-f_01.jpg
1140657006	/s/a/sac-a-dos-ergonomique-max-2_0-peace-special-edition--tiger-family-ref-ie81-f_02.jpg
1140657071	/s/a/sac-a-dos-ergonomique-max-2_0-double-navy-go-ocean--tiger-family-ref-ie81-g.jpg
1140657072	/s/a/sac-a-dos-ergonomique-max-cube-double-lilac-special-edition--tiger-family-ref-ie84-f_01.jpg
1140657073	/s/a/sac-a-dos-ergonomique-max-cube-gravel-tiger-family-ref-ie84-f_02.jpg
1140657074	/s/a/sac-a-dos-ergonomique-max-cube-double-navy-go-ocean--tiger-family-ref-ie84-g.jpg
1140657075	/s/a/sac-a-dos-ergonomique-max-double-lilac-go-ocean--tiger-family-ref-ie82-f_01.jpg
1140657076	/s/a/sac-a-dos-ergonomique-max-mist-special-edition--tiger-family-ref-ie82-f_02.jpg
1140657077	/s/a/sac-a-dos-ergonomique-max-peace-special-edition--tiger-family-ref-ie82-f_03.jpg
1140657078	/s/a/sac-a-dos-ergonomique-max-double-navy-go-ocean--tiger-family-ref-ie82-g_01.jpg
1140657079	/s/a/sac-a-dos-ergonomique-max-wheat-tiger-family-ref-ie82-g_02.jpg
1140657080	/s/a/sac-a-dos-ergonomique-max-sport-special-edition--tiger-family-ref-ie82-g_03.jpg
1140657081	/s/a/sac-a-dos-ergonomique-max-pack-double-lilac-go-ocean--tiger-family-ref-ie85-f_01.jpg
1140657082	/s/a/sac-a-dos-ergonomique-max-pack-sky-tiger-family-ref-ie85-f_02.jpg
1140657085	/s/a/sac-a-dos-ergonomique-max-pack-double-navy-go-ocean--tiger-family-ref-ie85-g_01.jpg
1140657086	/s/a/sac-a-dos-ergonomique-max-pack-mountain-tiger-family-ref-ie85-g_02.jpg
1140657087	/s/a/sac-a-dos-ergonomique-little-travelers-plus-dragon-ace-tiger-family-ref-ie01-g_01.jpg
1140657095	/s/a/sac-a-dos-ergonomique-little-travelers-plus-camp-time-tiger-family-ref-ie01-g_02.jpg
1140657096	/s/a/sac-a-dos-ergonomique-little-travelers-plus-dino-kingdom-tiger-family-ref-ie01-g_03.jpg
1140657097	/s/a/sac-a-dos-ergonomique-joy-pro-space-vision-go-ocean--tiger-family-ref-ie62-g3_01.jpg
1140657098	/s/a/sac-a-dos-ergonomique-joy-pro-space-thing-tiger-family-ref-ie62-g3_02.jpg
1140657113	/s/a/sac-a-dos-ergonomique-joy-pro-level-up-go-green--tiger-family-ref-ie62-g3_03.jpg
1140657114	/s/a/sac-a-dos-ergonomique-little-travelers-plus-deer-rosie-tiger-family-ref-ie01-f_01.jpg
1140657115	/s/a/sac-a-dos-ergonomique-little-travelers-plus-kitten-mia-tiger-family-ref-ie01-f_02.jpg
1140657116	/s/a/sac-a-dos-ergonomique-lively-glitterlocks-tiger-family-ref-ie01-f_03.jpg
1140657117	/s/a/sac-a-dos-creche-dear-friends-dragon-ace-tiger-family-ref-ie01-g2_01.jpg
1140657118	/s/a/sac-a-dos-creche-dear-friends-camp-time-tiger-family-ref-ie01-g2_02.jpg
1140657119	/s/a/sac-a-dos-creche-dear-friends-deer-rosie-tiger-family-ref-ie01-f2_01.jpg
1140657120	/s/a/sac-a-dos-creche-dear-friends-kitten-mia-tiger-family-ref-ie01-f2_02.jpg
1140657121	/s/a/sac-a-dos-creche-dear-friends-princess-paris-tiger-family-ref-ie01-f4.jpg
1140657123	/s/a/sac-a-dos-creche-buckle-camp-time-tiger-family-ref-ie01-g5_02.jpg
1140657265	/s/a/sac-a-dos-creche-buckle-energetic-koala-tiger-family-ref-ie01-g5_03.jpg
1140657266	/s/a/sac-a-dos-creche-buckle-deer-rosie-tiger-family-ref-ie01-f5_01.jpg
1140657267	/s/a/sac-a-dos-creche-buckle-glitterlocks-tiger-family-ref-ie01-f5_02.jpg
1140657268	/t/r/trousse-fantaisie-fluffy-love-tiger-family-ref-trie6-f.jpg
1140657269	/t/r/trousse-a-rabat-double-lilac-tiger-family-ref-trie3-f_01.jpg
1140657270	/t/r/trousse-a-rabat-peachy-woods-tiger-family-ref-trie3-f_02.jpg
1140657271	/t/r/trousse-a-rabat-double-navy-tiger-family-ref-trie3-g_01.jpg
1140657272	/t/r/trousse-a-rabat-skater-life-tiger-family-ref-trie3-g_02.jpg
1140657273	/t/r/trousse-a-rabat-girl-power-tiger-family-ref-trie3-f2.jpg
1140657274	/t/r/trousse-a-rabat-space-vision-tiger-family-ref-trie3-g2.jpg
1140657275	/t/r/trousse-duo-connect-the-stars-tiger-family-ref-trie7-f.jpg
1140657276	/t/r/trousse-duo-rush-hour-tiger-family-ref-trie7-g.jpg
1140657277	/t/r/trousse-ovale-a-rabat-kitty-in-clouds-tiger-family-ref-trie0-f.jpg
1140657278	/t/r/trousse-ovale-a-rabat-space-journey-tiger-family-ref-trie0-g.jpg
1140657279	/t/r/trousse-triangulaire-double-lilac-tiger-family-ref-trie8-f_01.jpg
1140657280	/t/r/trousse-triangulaire-sky-tiger-family-ref-trie8-f_02.jpg
1140657281	/t/r/trousse-triangulaire-double-navy-tiger-family-ref-trie8-g_01.jpg
1140657285	/t/r/trousse-triangulaire-mountain-tiger-family-ref-trie8-g_02.jpg
1140657286	/t/r/trousse-mega-olivias-stars-tiger-family-ref-trie2-f_01.jpg
1140657287	/t/r/trousse-mega-lovely-unicorn-tiger-family-ref-trie2-f_02.jpg
1140657288	/t/r/trousse-mega-emilys-dream-tiger-family-ref-trie2-f_03.jpg
1140657289	/t/r/trousse-mega-fluffy-alpaca-tiger-family-ref-trie2-f_04.jpg
1140657292	/t/r/trousse-mega-rock-it-up-tiger-family-ref-trie2-g_01.jpg
1140657295	/s/a/sac-a-bandouliere-olivia-bag-tiger-family-ref-sbie2-f_01.jpg
1140657296	/s/a/sac-a-bandouliere-unicorn-days-tiger-family-ref-sbie2-f_02.jpg
1140657297	/t/r/trousse-fun-time-stylish-lovely-unicorn-tiger-family-ref-sbie3-f_01.jpg
1140657368	/t/r/trousse-fun-time-stylish-glitzy-mermaid-tiger-family-ref-sbie3-f_02.jpg
1140657372	/t/r/trousse-fun-time-stylish-under-the-sea-tiger-family-ref-sbie3-f_03.jpg
1140657373	/t/r/trousse-fun-time-stylish-cozy-bear-tiger-family-ref-sbie3-f_04.jpg
1140657374	/t/r/trousse-fun-time-stylish-cuddle-me-now-tiger-family-ref-sbie3-f_05.jpg
1140657375	/t/r/trousse-mega-crazy-car-tiger-family-ref-trie2-g_02.jpg
1140657376	/s/a/sac-a-dos-ergonomique-joy-pro-sweet-strawberry-sequins--tiger-family-ref-ie62-f2_04.jpg
1140658141	/s/a/sac-a-dos-techno-ref-7415-1.jpg
1140658141	/s/a/sac-a-dos-techno-ref-7415-2.jpg
1140658141	/s/a/sac-a-dos-techno-ref-7415-3.jpg
1140658142	/s/a/sac-a-dos-techno-ref-7416-1.jpg
1140658142	/s/a/sac-a-dos-techno-ref-7416-2.jpg
1140658142	/s/a/sac-a-dos-techno-ref-7416-3.jpg
1140658143	/s/a/sac-a-dos--techno-ref-7417-1.jpg
1140658143	/s/a/sac-a-dos--techno-ref-7417-2.jpg
1140658143	/s/a/sac-a-dos--techno-ref-7417-3.jpg
1140658144	/s/a/sac-a-dos-techno-ref-7418-1.jpg
1140658144	/s/a/sac-a-dos-techno-ref-7418-2.jpg
1140658144	/s/a/sac-a-dos-techno-ref-7418-3.jpg
1140658145	/s/a/sac-a-dos-techno-ref-7419-1.jpg
1140658145	/s/a/sac-a-dos-techno-ref-7419-2.jpg
1140658145	/s/a/sac-a-dos-techno-ref-7419-3.jpg
1140658146	/s/a/sac-a-dos-techno-ref-7420-1.jpg
1140658146	/s/a/sac-a-dos-techno-ref-7420-2.jpg
1140658146	/s/a/sac-a-dos-techno-ref-7420-3.jpg
1140658147	/s/a/sac-a-dos-techno-ref-7421-1.jpg
1140658147	/s/a/sac-a-dos-techno-ref-7421-2.jpg
1140658147	/s/a/sac-a-dos-techno-ref-7421-3.jpg
1140658151	/s/a/sac-a-dos-techno-ref-7425-1.jpg
1140658151	/s/a/sac-a-dos-techno-ref-7425-2.jpg
1140658151	/s/a/sac-a-dos-techno-ref-7425-3.jpg
1140658155	/s/a/sac-a-dos-techno-ref-7426-1.jpg
1140658155	/s/a/sac-a-dos-techno-ref-7426-2.jpg
1140658155	/s/a/sac-a-dos-techno-ref-7426-3.jpg
1140658167	/s/a/sac-a-dos-techno-ref-7427-1.jpg
1140658167	/s/a/sac-a-dos-techno-ref-7427-2.jpg
1140658167	/s/a/sac-a-dos-techno-ref-7427-3.png
1140658168	/s/a/sac-a-dos-techno-ref-7428-1.jpg
1140658168	/s/a/sac-a-dos-techno-ref-7428-2.jpg
1140658169	/s/a/sac-a-dos-techno-ref-7429-1.jpg
1140658169	/s/a/sac-a-dos-techno-ref-7429-2.jpg
1140658169	/s/a/sac-a-dos-techno-ref-7429-3.jpg
1140658170	/s/a/sac-a-dos-techno-ref-7430-1.jpg
1140658170	/s/a/sac-a-dos-techno-ref-7430-2.jpg
1140658170	/s/a/sac-a-dos-techno-ref-7430-3.jpg
1140658172	/s/a/sac-a-dos-techno-ref-7432-1.jpg
1140658172	/s/a/sac-a-dos-techno-ref-7432-2.jpg
1140658172	/s/a/sac-a-dos-techno-ref-7432-3.jpg
1140658173	/s/a/sac-a-dos-techno-ref-7433-1.jpg
1140658173	/s/a/sac-a-dos-techno-ref-7433-2.jpg
1140658173	/s/a/sac-a-dos-techno-ref-7433-3.jpg
1140658821	/p/e/peinture-acrylique-200-ml-balnche-crea-color-techno-ref-7349.jpg
1140658822	/p/e/peinture-acrylique-200-ml-magenta-crea-color-techno-ref-7350.jpg
1140658823	/p/e/peinture-acrylique-200-ml-jaune-crea-color-techno-ref-7351.jpg
1140658824	/p/e/peinture-acrylique-200-ml-cyan-crea-color-techno-ref-7352.jpg
1140658825	/p/e/peinture-acrylique-200-ml-noire-crea-color-techno-ref-7353.jpg
1140658826	/p/e/peinture-acrylique-200-ml-doree-crea-color-techno-ref-7354.jpg
1140658833	/p/e/peinture-acrylique-200-ml-argentee-crea-color-techno-ref-7355.jpg
1140658839	/p/e/peinture-acrylique-200-ml-coffret-de-6-couleurs-crea-color-techno-ref-7356.jpg
1140658840	/p/e/peinture-acrylique-18x12-ml-crea-color-techno-ref-7357.jpg
1140658841	/p/e/peinture-aquarelle-18x12-ml-crea-color-techno-ref-7358.jpg
1140658850	/p/e/peinture-gouache-18x12-ml-crea-color-techno-ref-7359.jpg
1140658851	/p/e/peinture-a-lhuile-18x12-ml-crea-color-techno-ref-7360.jpg
1140658852	/p/e/peinture-acrylique-24x12-ml-crea-color-techno-ref-7361.jpg
1140658853	/p/e/peinture-aquarelle-24x12-ml-crea-color-techno-ref-7362.jpg
1140658854	/p/e/peinture-gouache-24x12-ml-crea-color-techno-ref-7363.jpg
1140658855	/p/e/peinture-a-lhuile-24x12-ml-crea-color-techno-ref-7364.jpg
1140659577	/c/a/cahier-brochure-288-pages-a4-90g-5x5-clairefontaine-ref-9162c.jpg
1140659578	/9/6/96175c.jpg
1140659579	/c/a/cahier-piqure-48-pages-170x220mm-90g-seyes-clairefontaine-ref-63751c.jpg
1140659580	/9/6/96174c.jpg
1140659581	/b/l/bloc-de-dessin-a-grain-20-feuilles-a4-125g-clairefontaine-ref-97118c.jpg
1140659587	/9/6/96154c_1.jpg
1140659591	/c/a/cahier-brochure-remborde-calligraphe-rigide-288p-24x32cm-70g-seyes.jpeg
1140659591	/c/a/cahier-brochure-remborde-calligraphe-rigide-288p-24x32cm-70g-seyes_2.jpeg
1140659591	/c/a/cahier-brochure-remborde-calligraphe-rigide-288p-24x32cm-70g-seyes_3.jpeg
1140659591	/c/a/cahier-brochure-remborde-calligraphe-rigide-288p-24x32cm-70g-seyes_4.jpeg
1140659591	/c/a/cahier-brochure-remborde-calligraphe-rigide-288p-24x32cm-70g-seyes_5.jpeg
1140659591	/c/a/cahier-brochure-remborde-calligraphe-rigide-288p-24x32cm-70g-seyes_6.jpeg
1140659591	/c/a/cahier-brochure-remborde-calligraphe-rigide-288p-24x32cm-70g-seyes_7.jpeg
1140659591	/c/a/cahier-brochure-remborde-calligraphe-rigide-288p-24x32cm-70g-seyes_8.jpeg
1140659591	/c/a/cahier-brochure-remborde-calligraphe-rigide-288p-24x32cm-70g-seyes_9.jpeg
1140659591	/c/a/cahier-brochure-remborde-calligraphe-rigide-288p-24x32cm-70g-seyes_10.jpeg
1140659592	/c/a/cahier-brochure-remborde-calligraphe-rigide-192p-24x32cm-70g-seyes.jpeg
1140659593	/9/6/96779c.jpg
1140659594	/c/a/cahier-brochure-remborde-calligraphe-rigide-192p-a4-70g-seyes.jpeg
1140659594	/c/a/cahier-brochure-remborde-calligraphe-rigide-192p-a4-70g-seyes_2.jpeg
1140659594	/c/a/cahier-brochure-remborde-calligraphe-rigide-192p-a4-70g-seyes_3.jpeg
1140659595	/9/6/96770c.jpg
1140659599	/c/a/cahier-brochure-remborde-calligraphe-rigide-288p-17x22cm-70g-seyes.jpeg
1140659599	/c/a/cahier-brochure-remborde-calligraphe-rigide-288p-17x22cm-70g-seyes_2.jpeg
1140659599	/c/a/cahier-brochure-remborde-calligraphe-rigide-288p-17x22cm-70g-seyes_3.jpeg
1140659599	/c/a/cahier-brochure-remborde-calligraphe-rigide-288p-17x22cm-70g-seyes_4.jpeg
1140659599	/c/a/cahier-brochure-remborde-calligraphe-rigide-288p-17x22cm-70g-seyes_5.jpeg
1140659600	/c/a/cahier-brochure-remborde-calligraphe-rigide-192p-17x22cm-70g-5x5_2.jpeg
1140659601	/c/a/cahier-brochure-remborde-calligraphe-rigide-192p-17x22cm-70g-seyes.jpg
1140659601	/c/a/cahier-brochure-remborde-calligraphe-rigide-192p-17x22cm-70g-seyes_1.jpg
1140659602	/c/a/cahier-pique-calligraphe-7000-96p-a4-70g-5x5.jpg
1140659602	/c/a/cahier-pique-calligraphe-7000-96p-a4-70g-5x5_1.jpg
1140659603	/c/a/cahier-pique-calligraphe-en-pp-192p-24x32-cm-90g-seyes-violet.jpg
1140659603	/c/a/cahier-pique-calligraphe-en-pp-192p-24x32-cm-90g-seyes-violet_1.jpg
1140659604	/f/e/feuillets-mobiles-calligraphe-200p-a4-80g-seyes-s-film-blanc.jpg
1140659605	/c/a/cahier-pique-calligraphe-en-pp-192p-24x32-cm-90g-seyes-rouge.jpg
1140659605	/c/a/cahier-pique-calligraphe-en-pp-192p-24x32-cm-90g-seyes-rouge_1.jpg
1140659606	/f/e/feuillets-mobiles-calligraphe-100p-a4-80g-seyes-s-film-blanc.jpg
1140659607	/c/a/cahier-pique-calligraphe-en-pp-192p-a4-90g-seyes-vert.jpg
1140659607	/c/a/cahier-pique-calligraphe-en-pp-192p-a4-90g-seyes-vert_1.jpg
1140659608	/f/e/feuillets-mobiles-calligraphe-200p-90g-17x22-seyes-s-film-blanc.jpg
1140659609	/c/a/cahier-pique-calligraphe-en-pp-192p-a4-90g-seyes-jaune.jpg
1140659609	/c/a/cahier-pique-calligraphe-en-pp-192p-a4-90g-seyes-jaune_1.jpg
1140659610	/c/a/cahier-pique-calligraphe-en-pp-192p-a4-90g-seyes-bleu.jpg
1140659610	/c/a/cahier-pique-calligraphe-en-pp-192p-a4-90g-seyes-bleu_1.jpg
1140659616	/c/o/copies-doubles-calligraphe-200p-a4-70g-seyes-s-film.jpg
1140659617	/4/4/4411c.jpg
1140659622	/p/a/papier-buvard-calligraphe-10f-16x21-cm-100g.jpg
1140659629	/c/a/cahier-pique-calligraphe-en-pp-192p-a4-90g-seyes-rouge.jpg
1140659629	/c/a/cahier-pique-calligraphe-en-pp-192p-a4-90g-seyes-rouge_1.jpg
1140659631	/c/a/cahier-mimesys-tp-80-pages-240x320mm-90g-seyes-et-uni-en-polypro-clairefontaine-ref-303327c.jpg
1140659632	/c/a/cahier-mimesys-de-dessin-32-pages-170x220mm-125g-uni-en-polypro-clairefontaine-ref-303780c.jpg
1140659633	/c/a/cahier-mimesys-piqure-96-pages-a4-90g-5x5-en-polypro-clairefontaine-ref-303162c.jpg
1140659636	/c/a/cahier-mimesys-piqure-48-pages-a4-90g-5x5-en-polypro-clairefontaine-ref-303102c.jpg
1140659641	/c/a/cahier-mimesys-piqure-48-pages-240x320mm-90g-seyes-en-polypro-clairefontaine-ref-303311c.jpg
1140659645	/c/a/cahier-mimesys-piqure-96-pages-a4-90g-seyes-en-polypro-clairefontaine-ref-303161c.jpg
1140659646	/c/a/cahier-mimesys-piqure-96-pages-a4-90g-5x5-en-polypro-clairefontaine-ref-303162c_1.jpg
1140659647	/c/a/cahier-mimesys-piqure-96-pages-a4-90g-seyes-en-polypro-clairefontaine-ref-303161c_1.jpg
1140659648	/c/a/cahier-mimesys-piqure-48-pages-a4-90g-5x5-en-polypro-clairefontaine-ref-303102c_1.jpg
1140659649	/c/a/cahier-brochure-192-pages-240mmx320mm-90g-seyes-clairefontaine-ref-69341c.jpg
1140659650	/c/l/clairefontaine-cahier-a4-quadrille-5x5-brochure-192-pages-petits-carreaux-69142c.jpg
1140659651	/c/a/cahier-mimesys-piqure-48-pages-a4-90g-seyes-en-polypro-clairefontaine-ref-303101c.jpg
1140659652	/c/a/cahier-brochure-192-pages-a4-90g-seyes-clairefontaine-ref-69141c.jpg
1140659653	/c/a/carnet-brochure-192-pages-110x170mm-90g-5x5-clairefontaine-ref-69602c.jpg
1140659654	/c/a/carnet-brochure-rembordee-192-pages-110x170mm-90g-5x5-clairefontaine-ref-69502c.jpg
1140659655	/c/a/cahier-brochure-192-pages-240mmx320mm-90g-5x5-clairefontaine-ref-69342c.jpg
1140659656	/6/3/63592c.jpg
1140659657	/c/a/cahier-piqure-96-pages-240x320mm-90g-5x5-clairefontaine-ref-63362c.jpg
1140659658	/c/a/cahier-piqure-96-pages-240x320mm-90g-seyes-clairefontaine-ref-63361c.jpg
1140659659	/c/a/cahier-piqure-192-pages-240x320mm-90g-seyes-clairefontaine-ref-63341c.jpg
1140659660	/c/a/cahier-piqure-144-pages-a4-90g-5x5-clairefontaine-ref-63182c.jpg
1140659661	/c/a/cahier-piqure-96-pages-240x320mm-90g-seyes-clairefontaine-ref-63361c_1.jpg
1140659662	/c/a/cahier-piqure-96-pages-a4-90g-seyes-clairefontaine-ref-63161c.jpg
1140659663	/c/a/cahier-piqure-192-pages-a4-90g-seyes-clairefontaine-ref-63141c.jpg
1140659664	/r/e/repertoire-pique-calligraphe-en-pp-96p-17x22-cm-90g-seyes.jpg
1140659665	/r/e/repertoire-pique-calligraphe-en-pp-96p-11x17-cm-90g-5x5.jpg
1140659666	/c/a/cahier-brochure-calligraphe-en-pp-192p-17x22-cm-90g-seyes.jpg
1140659666	/c/a/cahier-brochure-calligraphe-en-pp-192p-17x22-cm-90g-seyes_1.jpg
1140659667	/c/a/cahier-brochure-calligraphe-en-pp-288p-17x22-cm-90g-seyes.jpg
1140659667	/c/a/cahier-brochure-calligraphe-en-pp-288p-17x22-cm-90g-seyes_1.jpg
1140659668	/c/a/cahier-pique-calligraphe-en-pp-192p-24x32-cm-90g-seyes-vert.jpg
1140659668	/c/a/cahier-pique-calligraphe-en-pp-192p-24x32-cm-90g-seyes-vert_1.jpg
1140659669	/c/a/cahier-pique-calligraphe-en-pp-192p-a4-90g-seyes-violet.jpg
1140659669	/c/a/cahier-pique-calligraphe-en-pp-192p-a4-90g-seyes-violet_1.jpg
1140659670	/c/a/cahier-pique-calligraphe-en-pp-192p-17x22-cm-90g-seyes-violet.jpg
1140659670	/c/a/cahier-pique-calligraphe-en-pp-192p-17x22-cm-90g-seyes-violet_1.jpg
1140659671	/c/a/cahier-pique-calligraphe-en-pp-192p-17x22-cm-90g-seyes-vert.jpg
1140659671	/c/a/cahier-pique-calligraphe-en-pp-192p-17x22-cm-90g-seyes-vert_1.jpg
1140659672	/c/a/cahier-pique-calligraphe-en-pp-192p-17x22-cm-90g-seyes-transparent.jpg
1140659672	/c/a/cahier-pique-calligraphe-en-pp-192p-17x22-cm-90g-seyes-transparent_1.jpg
1140659673	/c/a/cahier-pique-tp-calligraphe-en-pp-192p-24x32-cm-90g-seyes-uni.jpg
1140659674	/c/a/cahier-pique-tp-calligraphe-en-pp-192p-a4-90g-seyes-uni.jpg
1140659675	/c/a/cahier-de-liaison-calligraphe-en-pp-48p-17x22-cm-90g-seyes.jpg
1140659675	/c/a/cahier-de-liaison-calligraphe-en-pp-48p-17x22-cm-90g-seyes_1.jpg
1140659676	/c/a/cahier-4-index-pique-calligraphe-en-pp-140p-24x32-cm-90g-seyes.jpg
1140659676	/c/a/cahier-4-index-pique-calligraphe-en-pp-140p-24x32-cm-90g-seyes_1.jpg
1140659677	/c/a/cahier-3-index-pique-calligraphe-en-pp-96p-24x32-cm-90g-seyes.jpg
1140659677	/c/a/cahier-3-index-pique-calligraphe-en-pp-96p-24x32-cm-90g-seyes_1.jpg
1140659678	/c/a/cahier-3-index-pique-calligraphe-en-pp-96p-a4-90g-seyes.jpg
1140659678	/c/a/cahier-3-index-pique-calligraphe-en-pp-96p-a4-90g-seyes_1.jpg
1140659679	/c/a/cahier-4-index-pique-calligraphe-en-pp-140p-17x22-cm-90g-seyes.jpg
1140659679	/c/a/cahier-4-index-pique-calligraphe-en-pp-140p-17x22-cm-90g-seyes_1.jpg
1140659680	/c/a/cahier-3-index-pique-calligraphe-en-pp-96p-17x22-cm-90g-seyes.jpg
1140659680	/c/a/cahier-3-index-pique-calligraphe-en-pp-96p-17x22-cm-90g-seyes_1.jpg
1140659681	/c/a/cahier-2-index-pique-calligraphe-en-pp-96p-24x32-cm-90g-seyes.jpg
1140659681	/c/a/cahier-2-index-pique-calligraphe-en-pp-96p-24x32-cm-90g-seyes_1.jpg
1140659682	/c/a/cahier-2-index-pique-calligraphe-en-pp-96p-17x22-cm-90g-seyes.jpg
1140659682	/c/a/cahier-2-index-pique-calligraphe-en-pp-96p-17x22-cm-90g-seyes_1.jpg
1140659683	/c/a/cahier-pique-calligraphe-en-pp-96p-24x32-cm-90g-seyes-violet.jpg
1140659684	/c/a/cahier-pique-calligraphe-en-pp-96p-24x32-cm-90g-seyes-vert.jpg
1140659685	/c/a/cahier-pique-tp-calligraphe-en-pp-96p-24x32-cm-90g-seyes-uni.jpg
1140659686	/c/a/cahier-pique-tp-calligraphe-en-pp-96p-a4-90g-seyes-uni.jpg
1140659687	/c/a/cahier-pique-tp-calligraphe-en-pp-96p-17x22-cm-90g-seyes-uni.jpg
1140659688	/c/a/cahier-pique-tp-calligraphe-en-pp-64p-17x22-cm-90g-seyes-uni.jpg
1140659689	/c/a/cahier-pique-calligraphe-en-pp-48p-24x32-cm-90g-seyes-violet.jpg
1140659690	/c/a/cahier-pique-calligraphe-en-pp-48p-24x32-cm-90g-seyes-vert.jpg
1140659691	/c/a/cahier-de-dessin-calligraphe-en-pp-96p-24x32-cm-120g-uni.jpg
1140659691	/c/a/cahier-de-dessin-calligraphe-en-pp-96p-24x32-cm-120g-uni_1.jpg
1140659692	/c/a/cahier-de-dessin-calligraphe-en-pp-48p-24x32-cm-120g-uni.jpg
1140659692	/c/a/cahier-de-dessin-calligraphe-en-pp-48p-24x32-cm-120g-uni_1.jpg
1140659693	/c/a/cahier-de-dessin-calligraphe-en-pp-32p-17x22-cm-90g-uni.jpg
1140659693	/c/a/cahier-de-dessin-calligraphe-en-pp-32p-17x22-cm-90g-uni_1.jpg
1140659694	/c/a/cahier-pique-calligraphe-en-pp-96p-a4-90g-seyes-violet.jpg
1140659695	/c/a/cahier-pique-calligraphe-en-pp-96p-a4-90g-seyes-vert.jpg
1140659696	/c/a/cahier-pique-calligraphe-en-pp-96p-17x22-cm-90g-seyes-violet.jpg
1140659697	/c/a/cahier-pique-calligraphe-en-pp-96p-17x22-cm-90g-seyes-vert.jpg
1140659698	/c/a/cahier-poesie-et-chant-pique-calligraphe-en-pp-48p-17x22-cm.jpg
1140659699	/c/a/cahier-pique-calligraphe-en-pp-48p-a4-90g-seyes-violet.jpg
1140659700	/c/a/cahier-pique-calligraphe-en-pp-48p-a4-90g-seyes-vert.jpg
1140659701	/c/a/cahier-pique-calligraphe-en-pp-48p-17x22-cm-90g-seyes-violet.jpg
1140659702	/c/a/cahier-dapprentissage-de-l_criture-en-polypro-32p-17x22-cm-90g-sey_s-3-mm-vert.jpg
1140659702	/c/a/cahier-dapprentissage-de-l_criture-en-polypro-32p-17x22-cm-90g-sey_s-3-mm-vert_1.jpg
1140659703	/c/a/cahier-pique-calligraphe-en-pp-48p-17x22-cm-90g-seyes-vert.jpg
1140659703	/c/a/cahier-pique-calligraphe-en-pp-48p-17x22-cm-90g-seyes-vert_1.jpg
1140659704	/c/a/cahier-dapprentissage-de-l_criture-en-polypro-32p-17x22-cm-90g-sey_s-2_5-mm-bleu.jpg
1140659704	/c/a/cahier-dapprentissage-de-l_criture-en-polypro-32p-17x22-cm-90g-sey_s-2_5-mm-bleu_1.jpg
1140659705	/c/a/cahier-dapprentissage-de-l_criture-en-polypro-32p-17x22-cm-90g-sey_s-3-mm-dl-rouge.jpg
1140659705	/c/a/cahier-dapprentissage-de-l_criture-en-polypro-32p-17x22-cm-90g-sey_s-3-mm-dl-rouge_1.jpg
1140659706	/c/a/cahier-pique-calligraphe-en-pp-96p-24x32-cm-90g-5x5.jpg
1140659707	/c/a/cahier-brochure-rembordee-192-pages-170x220mm-90g-5x5-clairefontaine-ref-9842c.jpg
1140659708	/c/a/cahier-brochure-288-pages-240mmx320mm-90g-seyes-clairefontaine-ref-69341c.jpg
1140659709	/c/a/cahier-brochure-rembordee-192-pages-a4-90g-seyes-clairefontaine-ref-9041c_1.jpg
1140659717	/c/a/cahier-brochure-288-pages-240mmx320mm-90g-seyes-clairefontaine-ref-69341c_1.jpg
1140659718	/c/a/cahier-pique-tp-calligraphe-144p-24x32-cm-70-avec-90g-seyes-uni.jpeg
1140659718	/c/a/cahier-pique-tp-calligraphe-144p-24x32-cm-70-avec-90g-seyes-uni_2.jpeg
1140659718	/c/a/cahier-pique-tp-calligraphe-144p-24x32-cm-70-avec-90g-seyes-uni_3.jpeg
1140659718	/c/a/cahier-pique-tp-calligraphe-144p-24x32-cm-70-avec-90g-seyes-uni_4.jpeg
1140659719	/c/a/cahier-brochure-rembordee-192-pages-a4-90g-seyes-clairefontaine-ref-9041c.jpg
1140659720	/c/a/cahier-pique-tp-calligraphe-96p-24x32-cm-70-avec-90g-seyes-uni.jpeg
1140659720	/c/a/cahier-pique-tp-calligraphe-96p-24x32-cm-70-avec-90g-seyes-uni_2.jpeg
1140659720	/c/a/cahier-pique-tp-calligraphe-96p-24x32-cm-70-avec-90g-seyes-uni_3.jpeg
1140659720	/c/a/cahier-pique-tp-calligraphe-96p-24x32-cm-70-avec-90g-seyes-uni_4.jpeg
1140659721	/c/a/cahier-pique-tp-calligraphe-144p-a4-70-avec-90g-seyes-uni.jpeg
1140659721	/c/a/cahier-pique-tp-calligraphe-144p-a4-70-avec-90g-seyes-uni_2.jpeg
1140659721	/c/a/cahier-pique-tp-calligraphe-144p-a4-70-avec-90g-seyes-uni_3.jpeg
1140659722	/c/a/cahier-pique-tp-calligraphe-96p-a4-70-avec-90g-seyes-uni.jpg
1140659724	/c/a/cahier-pique-tp-calligraphe-48p-a4-70-avec-90g-seyes-uni.jpg
1140659725	/c/a/cahier-pique-calligraphe-7000-192p-a4-70g-seyes.jpeg
1140659725	/c/a/cahier-pique-calligraphe-7000-192p-a4-70g-seyes_2.jpeg
1140659725	/c/a/cahier-pique-calligraphe-7000-192p-a4-70g-seyes_3.jpeg
1140659725	/c/a/cahier-pique-calligraphe-7000-192p-a4-70g-seyes_4.jpeg
1140659726	/c/a/cahier-pique-calligraphe-7000-140p-a4-70g-seyes.jpg
1140659726	/c/a/cahier-pique-calligraphe-7000-140p-a4-70g-seyes_1.jpg
1140659727	/c/a/cahier-de-dessin-calligraphe-32p-24x32-cm-120g-uni.jpg
1140659727	/c/a/cahier-de-dessin-calligraphe-32p-24x32-cm-120g-uni_1.jpg
1140659728	/c/a/cahier-pique-calligraphe-7000-96p-a4-70g-seyes.jpg
1140659728	/c/a/cahier-pique-calligraphe-7000-96p-a4-70g-seyes_1.jpg
1140659729	/c/a/cahier-de-dessin-calligraphe-32p-17x22-cm-90g-uni.jpg
1140659729	/c/a/cahier-de-dessin-calligraphe-32p-17x22-cm-90g-uni_1.jpg
1140659730	/c/a/cahier-pique-calligraphe-7000-48p-a4-70g-seyes.jpg
1140659730	/c/a/cahier-pique-calligraphe-7000-48p-a4-70g-seyes_1.jpg
1140659731	/c/a/cahier-pique-calligraphe-7000-140p-17x22-cm-70g-seyes.jpg
1140659731	/c/a/cahier-pique-calligraphe-7000-140p-17x22-cm-70g-seyes_1.jpg
1140659732	/c/a/cahier-pique-calligraphe-7000-96p-17x22-cm-70g-5x5.jpg
1140659732	/c/a/cahier-pique-calligraphe-7000-96p-17x22-cm-70g-5x5_1.jpg
1140659733	/c/a/cahier-pique-7000-96p-calligraphe-17x22-cm-70g-seyes.jpg
1140659733	/c/a/cahier-pique-7000-96p-calligraphe-17x22-cm-70g-seyes_1.jpg
1140659734	/c/a/cahier-pique-calligraphe-7000-192p-a4-70g-5x5.jpg
1140659734	/c/a/cahier-pique-calligraphe-7000-192p-a4-70g-5x5_1.jpg
1140659735	/c/a/cahier-pique-calligraphe-7000-60p-17x22-cm-70g-seyes.jpg
1140659735	/c/a/cahier-pique-calligraphe-7000-60p-17x22-cm-70g-seyes_1.jpg
1140659736	/c/a/cahier-piqure-32-pages-170x220mm-90g-seyes-3mm-clairefontaine-ref-3796c.jpg
1140659737	/c/a/cahier-pique-calligraphe-7000-48p-17x22-cm-70g-seyes.jpg
1140659737	/c/a/cahier-pique-calligraphe-7000-48p-17x22-cm-70g-seyes_1.jpg
1140659738	/c/a/cahier-piqure-32-pages-170x220mm-90g-seyes-4mm-clairefontaine-ref-3795c.jpg
1140659739	/c/a/cahier-pique-7000-32p-calligraphe-17x22-cm-70g-seyes.jpg
1140659739	/c/a/cahier-pique-7000-32p-calligraphe-17x22-cm-70g-seyes_1.jpg
1140659740	/c/a/cahier-piqure-32-pages-170x220mm-90g-double-ligne-3mm-iv-clairefontaine-ref-3794c.jpg
1140659741	/c/a/cahier-piqure-32-pages-170x220mm-90g-double-ligne-2mm-iv-clairefontaine-ref-3999c.jpg
1140659742	/c/a/cahier-piqure-32-pages-170x220mm-90g-double-ligne-3mm-i-clairefontaine-ref-3793c.jpg
1140659743	/c/a/cahier-piqure-tp-80-pages-a4-90g-seyes-et-uni-clairefontaine-ref-3167c.jpg
1140659744	/c/a/cahier-de-dessin-32-pages-170x220mm-125g-uni-clairefontaine-ref-3780c.jpg
1140659745	/c/a/cahier-de-music-et-chant-piqure-96-pages-a4-90g-clairefontaine-ref-3134c.jpg
1140659746	/s/c/screenshot_2025-06-25_120320.png
1140659747	/c/a/cahier-de-dessin-24-pages-240x320mm-125g-uni-clairefontaine-ref-3390c.jpg
1140659749	/c/a/cahier-musique-piqure-48-pages-a4-90g-clairefontaine-ref-3114c_1.jpg
1140659750	/c/a/cahier-piqure-192-pages-240x320mm-90g-seyes-clairefontaine-ref-63341c_1.jpg
1140659751	/6/1/617ffz1mhbl._ac_sl1500_.jpg
1140659752	/c/a/cahier-piqure-48-pages-a4-90g-seyes-clairefontaine-ref-3101c.jpg
1140659753	/c/a/cahier-piqure-48-pages-240x320mm-90g-5x5-clairefontaine-ref-3312c.jpg
1140659754	/c/a/cahier-pique-tp-calligraphe-96p-17x22-cm-70-avec-90g-seyes-uni.jpg
1140659755	/c/a/cahier-pique-tp-calligraphe-48p-17x22-cm-70-avec-90g-seyes-uni.jpg
1140659756	/c/a/cahier-piqure-48-pages-240x320mm-90g-seyes-clairefontaine-ref-3311c.jpg
1140659757	/c/a/cahier-pique-tp-calligraphe-64p-17x22-cm-70-avec-90g-seyes-uni.jpg
1140659760	/c/a/cahier-brochure-souple-calligraphe-192p-a4-70g-seyes.jpg
1140659760	/c/a/cahier-brochure-souple-calligraphe-192p-a4-70g-seyes_1.jpg
1140659761	/c/a/cahier-integrale-calligraphe-100p-a4-70g-5x5.jpg
1140659761	/c/a/cahier-integrale-calligraphe-100p-a4-70g-5x5_1.jpg
1140659762	/c/a/cahier-de-brouillon-pique-calligraphe-96p-17x22-cm-56g-seyes.jpg
1140659762	/c/a/cahier-de-brouillon-pique-calligraphe-96p-17x22-cm-56g-seyes_1.jpg
1140659762	/c/a/cahier-de-brouillon-pique-calligraphe-96p-17x22-cm-56g-seyes_2.jpg
1140659769	/r/e/repertoire-integrale-calligraphe-96p-11x17-cm-70g-5x5.jpg
1140659770	/c/a/cahier-integrale-calligraphe-100p-a4-70g-seyes.jpg
1140659770	/c/a/cahier-integrale-calligraphe-100p-a4-70g-seyes_1.jpg
1140659771	/c/a/cahier-integrale-calligraphe-180p-24x32-cm-70g-5x5.jpg
1140659771	/c/a/cahier-integrale-calligraphe-180p-24x32-cm-70g-5x5_1.jpg
1140659772	/c/a/cahier-ecriture-pique-calligraphe-32p-17x22-cm-70g-dl-2-cm-iv.jpg
1140659772	/c/a/cahier-ecriture-pique-calligraphe-32p-17x22-cm-70g-dl-2-cm-iv_1.jpg
1140659773	/c/a/cahier-ecriture-pique-calligraphe-32p-17x22-cm-70g-dl-3-cm-iv.jpg
1140659773	/c/a/cahier-ecriture-pique-calligraphe-32p-17x22-cm-70g-dl-3-cm-iv_1.jpg
1140659774	/c/a/cahier-integrale-calligraphe-100p-17x22-cm-70g-seyes.jpg
1140659774	/c/a/cahier-integrale-calligraphe-100p-17x22-cm-70g-seyes_1.jpg
1140659775	/c/a/cahier-integrale-calligraphe-180p-24x32-cm-70g-seyes.jpg
1140659775	/c/a/cahier-integrale-calligraphe-180p-24x32-cm-70g-seyes_1.jpg
1140659776	/c/a/cahier-integrale-calligraphe-180p-17x22-cm-70g-5x5.jpg
1140659776	/c/a/cahier-integrale-calligraphe-180p-17x22-cm-70g-5x5_1.jpg
1140659777	/r/e/repertoire-integrale-calligraphe-100p-11x17-cm-70g-5x5.jpg
1140659778	/c/a/cahier-integrale-calligraphe-180p-17x22-cm-70g-seyes.jpg
1140659778	/c/a/cahier-integrale-calligraphe-180p-17x22-cm-70g-seyes_1.jpg
1140659779	/c/a/cahier-brochure-souple-calligraphe-288p-17x22-cm-70g-seyes.jpg
1140659779	/c/a/cahier-brochure-souple-calligraphe-288p-17x22-cm-70g-seyes_1.jpg
1140659779	/c/a/cahier-brochure-souple-calligraphe-288p-17x22-cm-70g-seyes_2.jpeg
1140659779	/c/a/cahier-brochure-souple-calligraphe-288p-17x22-cm-70g-seyes_3.jpeg
1140659779	/c/a/cahier-brochure-souple-calligraphe-288p-17x22-cm-70g-seyes_4.jpeg
1140659779	/c/a/cahier-brochure-souple-calligraphe-288p-17x22-cm-70g-seyes_5.jpeg
1140659780	/c/a/cahier-integrale-calligraphe-100p-17x22-cm-70g-5x5.jpg
1140659780	/c/a/cahier-integrale-calligraphe-100p-17x22-cm-70g-5x5_1.jpg
1140659781	/c/a/cahier-brochure-souple-calligraphe-192p-17x22-cm-70g-seyes.jpg
1140659781	/c/a/cahier-brochure-souple-calligraphe-192p-17x22-cm-70g-seyes_1.jpg
1140659782	/c/a/carnet-integrale-calligraphe-100p-11x17-cm-70g-5x5.jpg
1140659783	/c/a/cahier-de-texte-a-spirale-144-pages-170x220mm-seyes-clairefontaine-ref-8756c.jpg
1140659784	/c/a/carnet-integrale-calligraphe-100p-9x14-cm-70g-5x5.jpg
1140659786	/c/a/carnet-pique-calligraphe-96p-11x17-cm-70g-5x5.jpg
1140659787	/c/a/cahier-integrale-180-pages-240x320mm-90g-5x5-clairefontaine-ref-8352c.jpg
1140659788	/c/a/cahier-ecriture-pique-calligraphe-32p-17x22-cm-70g-seyes-3-cm.jpg
1140659788	/c/a/cahier-ecriture-pique-calligraphe-32p-17x22-cm-70g-seyes-3-cm_1.jpg
1140659789	/c/a/cahier-integrale-calligraphe-148p-17x22-cm-70g-seyes.jpg
1140659789	/c/a/cahier-integrale-calligraphe-148p-17x22-cm-70g-seyes_1.jpg
1140659790	/c/a/carnet-pique-calligraphe-96p-9x14-cm-70g-5x5.jpg
1140659791	/c/a/cahier-pique-tp-calligraphe-64p-a4-70-avec-90g-seyes-uni.jpg
1140659792	/9/6/96154c.jpg
1140659794	/c/a/cahier-spirale-160-pages-a4-avec-90g-5x5-clairefontaine-ref-8252c.jpg
1140659798	/c/a/cahier-spirale-160-pages-a4-avec-90g-seyes-clairefontaine-ref-8251c.jpg
1140659799	/c/a/cahier-de-texte-integrale-calligraphe-en-pp-124p-17x22-cm-90g-seyes.jpg
1140659799	/c/a/cahier-de-texte-integrale-calligraphe-en-pp-124p-17x22-cm-90g-seyes_1.jpg
1140659800	/c/a/cahier-pique-calligraphe-en-pp-48p-a4-90g-5x5.jpg
1140659801	/c/a/cahier-pique-calligraphe-en-pp-48p-24x32-cm-90g-5x5.jpg
1140659804	/c/a/cahier-pique-calligraphe-en-pp-96p-17x22-cm-90g-5x5.jpg
1140659807	/c/a/cahier-pique-calligraphe-en-pp-48p-a4-90g-seyes-transparent.jpg
1140659812	/c/a/cahier-pique-calligraphe-en-pp-48p-a4-90g-seyes-orange.jpg
1140659813	/c/a/cahier-pique-calligraphe-en-pp-48p-a4-90g-seyes-gris.jpg
1140659814	/c/a/cahier-pique-calligraphe-en-pp-48p-a4-90g-seyes-jaune.jpg
1140659815	/c/a/cahier-pique-calligraphe-en-pp-48p-a4-90g-seyes-rouge.jpg
1140659816	/c/a/cahier-pique-calligraphe-en-pp-48p-a4-90g-seyes-bleu.jpg
1140659818	/c/a/cahier-integrale-100-pages-170x220mm-90g-5x5-clairefontaine-ref-8722c.jpg
1140659819	/c/a/cahier-integrale-180-pages-240x320mm-90g-5x5-clairefontaine-ref-8352c_1.jpg
1140659820	/c/a/cahier-integrale-100-pages-240x320mm-90g-5x5-clairefontaine-ref-8342c.jpg
1140659826	/c/a/cahier-de-music-et-chant-calligraphe-48p-a4-70g-seyes.jpeg
1140659826	/c/a/cahier-de-music-et-chant-calligraphe-48p-a4-70g-seyes_2.jpeg
1140659826	/c/a/cahier-de-music-et-chant-calligraphe-48p-a4-70g-seyes_3.jpeg
1140659826	/c/a/cahier-de-music-et-chant-calligraphe-48p-a4-70g-seyes_4.jpeg
1140659827	/c/a/cahier-de-music-et-chant-calligraphe-48p-17x22-cm-70g-seyes.jpg
1140659827	/c/a/cahier-de-music-et-chant-calligraphe-48p-17x22-cm-70g-seyes_1.jpg
1140659828	/c/a/cahier-integrale-100-pages-240x320mm-90g-5x5-clairefontaine-ref-8342c_1.jpg
1140659830	/c/a/cahier-pique-calligraphe-en-pp-192p-17x22-cm-90g-seyes-noir.jpg
1140659830	/c/a/cahier-pique-calligraphe-en-pp-192p-17x22-cm-90g-seyes-noir_1.jpg
1140659831	/c/a/cahier-pique-calligraphe-en-pp-96p-17x22-cm-90g-seyes-marron.jpg
1140659832	/c/a/cahier-pique-calligraphe-en-pp-96p-17x22-cm-90g-seyes-noir.jpg
1140659833	/c/a/cahier-pique-calligraphe-en-pp-48p-17x22-cm-90g-seyes-marron.jpg
1140659833	/c/a/cahier-pique-calligraphe-en-pp-48p-17x22-cm-90g-seyes-marron_1.jpg
1140659834	/c/a/cahier-pique-calligraphe-en-pp-48p-17x22-cm-90g-seyes-noir.jpg
1140659834	/c/a/cahier-pique-calligraphe-en-pp-48p-17x22-cm-90g-seyes-noir_1.jpg
1140659835	/c/a/cahier-pique-calligraphe-en-pp-96p-a4-90g-seyes-marron.jpg
1140659836	/c/a/cahier-pique-calligraphe-en-pp-96p-a4-90g-seyes-noir.jpg
1140659837	/c/a/cahier-pique-calligraphe-en-pp-48p-a4-90g-seyes-marron.jpg
1140659838	/c/a/cahier-pique-calligraphe-en-pp-48p-a4-90g-seyes-noir.jpg
1140659839	/c/a/cahier-pique-calligraphe-en-pp-192p-24x32-cm-90g-seyes-marron.jpg
1140659839	/c/a/cahier-pique-calligraphe-en-pp-192p-24x32-cm-90g-seyes-marron_1.jpg
1140659840	/c/a/cahier-pique-calligraphe-en-pp-192p-24x32-cm-90g-seyes-noir.jpg
1140659840	/c/a/cahier-pique-calligraphe-en-pp-192p-24x32-cm-90g-seyes-noir_1.jpg
1140659841	/c/a/cahier-pique-calligraphe-en-pp-96p-24x32-cm-90g-seyes-marron.jpg
1140659842	/c/a/cahier-pique-calligraphe-en-pp-96p-24x32-cm-90g-seyes-noir.jpg
1140659843	/c/a/cahier-pique-calligraphe-en-pp-192p-24x32-cm-90g-5x5.jpg
1140659843	/c/a/cahier-pique-calligraphe-en-pp-192p-24x32-cm-90g-5x5_1.jpg
1140659845	/c/a/cahier-pique-calligraphe-en-pp-192p-24x32-cm-90g-seyes-orange.jpg
1140659845	/c/a/cahier-pique-calligraphe-en-pp-192p-24x32-cm-90g-seyes-orange_1.jpg
1140659846	/c/a/cahier-pique-calligraphe-en-pp-192p-24x32-cm-90g-seyes-jaune.jpg
1140659846	/c/a/cahier-pique-calligraphe-en-pp-192p-24x32-cm-90g-seyes-jaune_1.jpg
1140659847	/c/a/cahier-pique-calligraphe-en-pp-192p-24x32-cm-90g-seyes-bleu.jpg
1140659847	/c/a/cahier-pique-calligraphe-en-pp-192p-24x32-cm-90g-seyes-bleu_1.jpg
1140659848	/c/a/cahier-pique-calligraphe-en-pp-192p-24x32-cm-90g-seyes-transparent.jpg
1140659848	/c/a/cahier-pique-calligraphe-en-pp-192p-24x32-cm-90g-seyes-transparent_1.jpg
1140659854	/c/a/cahier-pique-calligraphe-en-pp-192p-24x32-cm-90g-seyes-rose.jpg
1140659854	/c/a/cahier-pique-calligraphe-en-pp-192p-24x32-cm-90g-seyes-rose_1.jpg
1140659856	/c/a/cahier-pique-calligraphe-en-pp-96p-a4-90g-5x5.jpg
1140659857	/c/a/cahier-pique-calligraphe-en-pp-192p-17x22-cm-90g-5x5.jpg
1140659857	/c/a/cahier-pique-calligraphe-en-pp-192p-17x22-cm-90g-5x5_1.jpg
1140659859	/c/a/cahier-pique-calligraphe-en-pp-192p-17x22-cm-90g-seyes-jaune.jpg
1140659859	/c/a/cahier-pique-calligraphe-en-pp-192p-17x22-cm-90g-seyes-jaune_1.jpg
1140659860	/c/a/cahier-pique-calligraphe-en-pp-192p-17x22-cm-90g-seyes-rouge.jpg
1140659860	/c/a/cahier-pique-calligraphe-en-pp-192p-17x22-cm-90g-seyes-rouge_1.jpg
1140659861	/c/a/cahier-pique-calligraphe-en-pp-192p-17x22-cm-90g-seyes-bleu.jpg
1140659861	/c/a/cahier-pique-calligraphe-en-pp-192p-17x22-cm-90g-seyes-bleu_1.jpg
1140659862	/c/a/cahier-pique-calligraphe-en-pp-96p-24x32-cm-90g-seyes-transparent.jpg
1140659863	/c/a/cahier-pique-calligraphe-en-pp-96p-24x32-cm-90g-seyes-orange.jpg
1140659864	/c/a/cahier-pique-calligraphe-en-pp-96p-24x32-cm-90g-seyes-gris.jpg
1140659865	/c/a/cahier-pique-calligraphe-en-pp-96p-24x32-cm-90g-seyes-jaune.jpg
1140659866	/c/a/cahier-pique-calligraphe-en-pp-96p-24x32-cm-90g-seyes-rouge.jpg
1140659867	/c/a/cahier-pique-calligraphe-en-pp-96p-24x32-cm-90g-seyes-bleu.jpg
1140659868	/c/a/cahier-pique-calligraphe-en-pp-96p-24x32-cm-90g-seyes-rose.jpg
1140659869	/c/a/cahier-pique-calligraphe-en-pp-48p-24x32-cm-90g-seyes-transparent.jpg
1140659870	/c/a/cahier-pique-calligraphe-en-pp-48p-24x32-cm-90g-seyes-orange.jpg
1140659871	/c/a/cahier-pique-calligraphe-en-pp-48p-24x32-cm-90g-seyes-rouge.jpg
1140659872	/c/a/cahier-pique-calligraphe-en-pp-48p-24x32-cm-90g-seyes-bleu.jpg
1140659873	/c/a/cahier-pique-calligraphe-en-pp-96p-a4-90g-seyes-transparent.jpg
1140659876	/c/a/cahier-pique-calligraphe-en-pp-96p-a4-90g-seyes-orange.jpg
1140659877	/c/a/cahier-pique-calligraphe-en-pp-96p-a4-90g-seyes-gris.jpg
1140659878	/c/a/cahier-pique-calligraphe-en-pp-96p-a4-90g-seyes-jaune.jpg
1140659879	/c/a/cahier-pique-calligraphe-en-pp-96p-a4-90g-seyes-rouge.jpg
1140659880	/c/a/cahier-pique-calligraphe-en-pp-96p-a4-90g-seyes-bleu.jpg
1140659881	/c/a/cahier-pique-calligraphe-en-pp-96p-a4-90g-seyes-rose.jpg
1140659882	/c/a/cahier-pique-calligraphe-en-pp-96p-17x22-cm-90g-seyes-transparent.jpg
1140659883	/c/a/cahier-pique-calligraphe-en-pp-96p-17x22-cm-90g-seyes-orange.jpg
1140659884	/c/a/cahier-pique-calligraphe-en-pp-96p-17x22-cm-90g-seyes-gris.jpg
1140659885	/c/a/cahier-pique-calligraphe-en-pp-96p-17x22-cm-90g-seyes-jaune.jpg
1140659886	/c/a/cahier-pique-calligraphe-en-pp-96p-17x22-cm-90g-seyes-rouge.jpg
1140659887	/c/a/cahier-pique-calligraphe-en-pp-96p-17x22-cm-90g-seyes-bleu.jpg
1140659888	/c/a/cahier-pique-calligraphe-en-pp-96p-17x22-cm-90g-seyes-rose.jpg
1140659889	/c/a/cahier-pique-calligraphe-en-pp-48p-17x22-cm-90g-seyes-transparent.jpg
1140659889	/c/a/cahier-pique-calligraphe-en-pp-48p-17x22-cm-90g-seyes-transparent_1.jpg
1140659890	/c/a/cahier-pique-calligraphe-en-pp-48p-17x22-cm-90g-seyes-orange.jpg
1140659890	/c/a/cahier-pique-calligraphe-en-pp-48p-17x22-cm-90g-seyes-orange_1.jpg
1140659891	/c/a/cahier-pique-calligraphe-en-pp-48p-17x22-cm-90g-seyes-gris.jpg
1140659891	/c/a/cahier-pique-calligraphe-en-pp-48p-17x22-cm-90g-seyes-gris_1.jpg
1140659892	/c/a/cahier-pique-calligraphe-en-pp-48p-17x22-cm-90g-seyes-jaune.jpg
1140659892	/c/a/cahier-pique-calligraphe-en-pp-48p-17x22-cm-90g-seyes-jaune_1.jpg
1140659893	/c/a/cahier-pique-calligraphe-en-pp-48p-17x22-cm-90g-seyes-rouge.jpg
1140659893	/c/a/cahier-pique-calligraphe-en-pp-48p-17x22-cm-90g-seyes-rouge_1.jpg
1140659894	/c/a/cahier-pique-calligraphe-en-pp-48p-17x22-cm-90g-seyes-bleu.jpg
1140659894	/c/a/cahier-pique-calligraphe-en-pp-48p-17x22-cm-90g-seyes-bleu_1.jpg
1140659895	/c/a/cahier-pique-calligraphe-en-pp-48p-17x22-cm-90g-seyes-rose.jpg
1140659895	/c/a/cahier-pique-calligraphe-en-pp-48p-17x22-cm-90g-seyes-rose_1.jpg
1140659971	/m/a/marqueur-double-tete-artmark-boite-12-couleurs-techno-ref-7706.jpg
1140660004	/c/a/cahier-brochure-souple-calligraphe-192p-24x32-cm-70g-seyes.jpg
1140660004	/c/a/cahier-brochure-souple-calligraphe-192p-24x32-cm-70g-seyes_1.jpg
1140660038	/m/a/marqueur-double-tete-artmark-boite-24-couleurs-techno-ref-7707.jpg
1140660039	/m/a/marqueur-double-tete-artmark-boite-36-couleurs-techno-ref-7708.jpg
1140660040	/m/a/marqueur-double-tete-artmark-boite-60-couleurs-techno-ref-7709.jpg
1140660054	/m/a/marqueur-double-tete-artmark-boite-48-couleurs-techno-ref-7548.jpg
1140660055	/m/a/marqueur-double-tete-artmark-boite-80-couleurs-techno-ref-7549.jpg
1140660131	/m/a/marqueur-double-tete-blue-grey-3-artmark-techno-ref-6169_0.jpg
1140660131	/m/a/marqueur-double-tete-blue-grey-3-artmark-techno-ref-6169_1.jpg
1140660146	/c/a/cahier-pique-calligraphe-en-pp-192p-17x22-cm-90g-seyes-marron.jpg
1140660146	/c/a/cahier-pique-calligraphe-en-pp-192p-17x22-cm-90g-seyes-marron_1.jpg
1140660147	/m/a/marqueur-double-tete-colorless-belnder-square-artmark-techno-ref-6030_0.jpg
1140660147	/m/a/marqueur-double-tete-colorless-belnder-square-artmark-techno-ref-6030_1.jpg
1140660148	/m/a/marqueur-double-tete-wine-red-square-artmark-techno-ref-6031_0.jpg
1140660148	/m/a/marqueur-double-tete-wine-red-square-artmark-techno-ref-6031_1.jpg
1140660149	/m/a/marqueur-double-tete-old-red-square-artmark-techno-ref-6032_0.jpg
1140660149	/m/a/marqueur-double-tete-old-red-square-artmark-techno-ref-6032_1.jpg
1140660150	/m/a/marqueur-double-tete-rose-red-square-artmark-techno-ref-6033_0.jpg
1140660150	/m/a/marqueur-double-tete-rose-red-square-artmark-techno-ref-6033_1.jpg
1140660151	/m/a/marqueur-double-tete-ice-vivid-red-artmark-techno-ref-6034_0.jpg
1140660151	/m/a/marqueur-double-tete-ice-vivid-red-artmark-techno-ref-6034_1.jpg
1140660152	/m/a/marqueur-double-tete-cherry-pink-square-artmark-techno-ref-6035_0.jpg
1140660152	/m/a/marqueur-double-tete-cherry-pink-square-artmark-techno-ref-6035_1.jpg
1140660153	/m/a/marqueur-double-tete-vivid-pink-square-artmark-techno-ref-6036_0.jpg
1140660153	/m/a/marqueur-double-tete-vivid-pink-square-artmark-techno-ref-6036_1.jpg
1140660154	/m/a/marqueur-double-tete-cosmos-square-artmark-techno-ref-6037_0.jpg
1140660154	/m/a/marqueur-double-tete-cosmos-square-artmark-techno-ref-6037_1.jpg
1140660155	/m/a/marqueur-double-tete-rose-pink-square-artmark-techno-ref-6038_0.jpg
1140660155	/m/a/marqueur-double-tete-rose-pink-square-artmark-techno-ref-6038_1.jpg
1140660156	/m/a/marqueur-double-tete-pale-pink-square-artmark-techno-ref-6039_0.jpg
1140660156	/m/a/marqueur-double-tete-pale-pink-square-artmark-techno-ref-6039_1.jpg
1140660157	/m/a/marqueur-double-tete-deep-red-square-artmark-techno-ref-6040_0.jpg
1140660157	/m/a/marqueur-double-tete-deep-red-square-artmark-techno-ref-6040_1.jpg
1140660262	/m/a/marqueur-double-tete-carmine-square-artmark-techno-ref-6041_0.jpg
1140660262	/m/a/marqueur-double-tete-carmine-square-artmark-techno-ref-6041_1.jpg
1140660263	/m/a/marqueur-double-tete-coral-red-square-artmark-techno-ref-6042_0.jpg
1140660263	/m/a/marqueur-double-tete-coral-red-square-artmark-techno-ref-6042_1.jpg
1140660264	/m/a/marqueur-double-tete-scarlet-square-artmark-techno-ref-6043_0.jpg
1140660264	/m/a/marqueur-double-tete-scarlet-square-artmark-techno-ref-6043_1.jpg
1140660265	/m/a/marqueur-double-tete-vermilion-square-artmark-techno-ref-6044_0.jpg
1140660265	/m/a/marqueur-double-tete-vermilion-square-artmark-techno-ref-6044_1.jpg
1140660266	/m/a/marqueur-double-tete-geranium-square-artmark-techno-ref-6045_0.jpg
1140660266	/m/a/marqueur-double-tete-geranium-square-artmark-techno-ref-6045_1.jpg
1140660267	/m/a/marqueur-double-tete-coral-pink-square-artmark-techno-ref-6046_0.jpg
1140660267	/m/a/marqueur-double-tete-coral-pink-square-artmark-techno-ref-6046_1.jpg
1140660268	/m/a/marqueur-double-tete-pastel-pink-square-artmark-techno-ref-6047_0.jpg
1140660268	/m/a/marqueur-double-tete-pastel-pink-square-artmark-techno-ref-6047_1.jpg
1140660269	/m/a/marqueur-double-tete-pink-square-artmark-techno-ref-6048_0.jpg
1140660270	/m/a/marqueur-double-tete-terra-cotta-square-artmark-techno-ref-6049_0.jpg
1140660270	/m/a/marqueur-double-tete-terra-cotta-square-artmark-techno-ref-6049_1.jpg
1140660271	/m/a/marqueur-double-tete-french-vermilion-square-artmark-techno-ref-6050_0.jpg
1140660271	/m/a/marqueur-double-tete-french-vermilion-square-artmark-techno-ref-6050_1.jpg
1140660278	/m/a/marqueur-double-tete-orange-square-artmark-techno-ref-6051_0.jpg
1140660278	/m/a/marqueur-double-tete-orange-square-artmark-techno-ref-6051_1.jpg
1140660279	/m/a/marqueur-double-tete-marigold-square-artmark-techno-ref-6052_0_1.jpg
1140660280	/m/a/marqueur-double-tete-salmon-pink-square-artmark-techno-ref-6053_0.jpg
1140660280	/m/a/marqueur-double-tete-salmon-pink-square-artmark-techno-ref-6053_1.jpg
1140660281	/m/a/marqueur-double-tete-pastel-peach-square-artmark-techno-ref-6054_0.jpg
1140660281	/m/a/marqueur-double-tete-pastel-peach-square-artmark-techno-ref-6054_1.jpg
1140660282	/m/a/marqueur-double-tete-powder-pink-square-artmark-techno-ref-6055_0.jpg
1140660282	/m/a/marqueur-double-tete-powder-pink-square-artmark-techno-ref-6055_1.jpg
1140660287	/m/a/marqueur-double-tete-fruit-pink-square-artmark-techno-ref-6056_0.jpg
1140660287	/m/a/marqueur-double-tete-fruit-pink-square-artmark-techno-ref-6056_1.jpg
1140660288	/m/a/marqueur-double-tete-barely-beige-square-artmark-techno-ref-6057_0.jpg
1140660288	/m/a/marqueur-double-tete-barely-beige-square-artmark-techno-ref-6057_1.jpg
1140660289	/m/a/marqueur-double-tete-dark-yellow-square-artmark-techno-ref-6058_0.jpg
1140660289	/m/a/marqueur-double-tete-dark-yellow-square-artmark-techno-ref-6058_1.jpg
1140660290	/m/a/marqueur-double-tete-deep-yellow-square-artmark-techno-ref-6059_0.jpg
1140660290	/m/a/marqueur-double-tete-deep-yellow-square-artmark-techno-ref-6059_1.jpg
1140660291	/m/a/marqueur-double-tete-melon-yellow-square-artmark-techno-ref-6060_0.jpg
1140660291	/m/a/marqueur-double-tete-melon-yellow-square-artmark-techno-ref-6060_1.jpg
1140660292	/m/a/marqueur-double-tete-yellow-square-artmark-techno-ref-6061_0.jpg
1140660292	/m/a/marqueur-double-tete-yellow-square-artmark-techno-ref-6061_1.jpg
1140660293	/m/a/marqueur-double-tete-lemon-yellow-square-artmark-techno-ref-6062_0.jpg
1140660293	/m/a/marqueur-double-tete-lemon-yellow-square-artmark-techno-ref-6062_1.jpg
1140660294	/m/a/marqueur-double-tete-cream-square-artmark-techno-ref-6063_0.jpg
1140660294	/m/a/marqueur-double-tete-cream-square-artmark-techno-ref-6063_1.jpg
1140660295	/m/a/marqueur-double-tete-pastel-yellow-square-artmark-techno-ref-6064_0.jpg
1140660295	/m/a/marqueur-double-tete-pastel-yellow-square-artmark-techno-ref-6064_1.jpg
1140660296	/m/a/marqueur-double-tete-pale-yellow-square-artmark-techno-ref-6065_0.jpg
1140660296	/m/a/marqueur-double-tete-pale-yellow-square-artmark-techno-ref-6065_1.jpg
1140660297	/m/a/marqueur-double-tete-olive-green-square-artmark-techno-ref-6066_0.jpg
1140660297	/m/a/marqueur-double-tete-olive-green-square-artmark-techno-ref-6066_1.jpg
1140660298	/m/a/marqueur-double-tete-bronze-green-square-artmark-techno-ref-6067_0.jpg
1140660298	/m/a/marqueur-double-tete-bronze-green-square-artmark-techno-ref-6067_1.jpg
1140660299	/m/a/marqueur-double-tete-deep-olive-green-square-artmark-techno-ref-6068_0.jpg
1140660299	/m/a/marqueur-double-tete-deep-olive-green-square-artmark-techno-ref-6068_1.jpg
1140660300	/m/a/marqueur-double-tete-fresh-yellow-square-artmark-techno-ref-6069_0.jpg
1140660300	/m/a/marqueur-double-tete-fresh-yellow-square-artmark-techno-ref-6069_1.jpg
1140660301	/m/a/marqueur-double-tete-canaria-yellow-square-artmark-techno-ref-6070_0.jpg
1140660301	/m/a/marqueur-double-tete-canaria-yellow-square-artmark-techno-ref-6070_1.jpg
1140660302	/m/a/marqueur-double-tete-vivid-green-square-artmark-techno-ref-6071_0.jpg
1140660302	/m/a/marqueur-double-tete-vivid-green-square-artmark-techno-ref-6071_1.jpg
1140660303	/m/a/marqueur-double-tete-grass-green-square-artmark-techno-ref-6072_0.jpg
1140660303	/m/a/marqueur-double-tete-grass-green-square-artmark-techno-ref-6072_1.jpg
1140660304	/m/a/marqueur-double-tete-yellow-green-square-artmark-techno-ref-6073_0.jpg
1140660304	/m/a/marqueur-double-tete-yellow-green-square-artmark-techno-ref-6073_1.jpg
1140660305	/m/a/marqueur-double-tete-pastel-green-square-artmark-techno-ref-6074_0.jpg
1140660305	/m/a/marqueur-double-tete-pastel-green-square-artmark-techno-ref-6074_1.jpg
1140660307	/m/a/marqueur-double-tete-forest-green-square-artmark-techno-ref-6075_0.jpg
1140660307	/m/a/marqueur-double-tete-forest-green-square-artmark-techno-ref-6075_1.jpg
1140660308	/m/a/marqueur-double-tete-dark-green-square-artmark-techno-ref-6076_0.jpg
1140660308	/m/a/marqueur-double-tete-dark-green-square-artmark-techno-ref-6076_1.jpg
1140660309	/m/a/marqueur-double-tete-deep-green-square-artmark-techno-ref-6077_0.jpg
1140660309	/m/a/marqueur-double-tete-deep-green-square-artmark-techno-ref-6077_1.jpg
1140660310	/m/a/marqueur-double-tete-turquoise-green-square-artmark-techno-ref-6078_0.jpg
1140660310	/m/a/marqueur-double-tete-turquoise-green-square-artmark-techno-ref-6078_1.jpg
1140660311	/m/a/marqueur-double-tete-viridian-square-artmark-techno-ref-6079_0.jpg
1140660311	/m/a/marqueur-double-tete-viridian-square-artmark-techno-ref-6079_1.jpg
1140660312	/m/a/marqueur-double-tete-emerald-green-square-artmark-techno-ref-6080_0.jpg
1140660312	/m/a/marqueur-double-tete-emerald-green-square-artmark-techno-ref-6080_1.jpg
1140660313	/m/a/marqueur-double-tete-mint-green-square-artmark-techno-ref-6081_0.jpg
1140660313	/m/a/marqueur-double-tete-mint-green-square-artmark-techno-ref-6081_1.jpg
1140660314	/m/a/marqueur-double-tete-turquoise-green-light-square-artmark-techno-ref-6082_0.jpg
1140660314	/m/a/marqueur-double-tete-turquoise-green-light-square-artmark-techno-ref-6082_1.jpg
1140660315	/m/a/marqueur-double-tete-mint-green-light-square-artmark-techno-ref-6083_0.jpg
1140660315	/m/a/marqueur-double-tete-mint-green-light-square-artmark-techno-ref-6083_1.jpg
1140660316	/m/a/marqueur-double-tete-pale-green-square-artmark-techno-ref-6084_0.jpg
1140660316	/m/a/marqueur-double-tete-pale-green-square-artmark-techno-ref-6084_1.jpg
1140660317	/m/a/marqueur-double-tete-peacock-green-square-artmark-techno-ref-6085_0.jpg
1140660317	/m/a/marqueur-double-tete-peacock-green-square-artmark-techno-ref-6085_1.jpg
1140660318	/m/a/marqueur-double-tete-marine-blue-square-artmark-techno-ref-6086_0.jpg
1140660318	/m/a/marqueur-double-tete-marine-blue-square-artmark-techno-ref-6086_1.jpg
1140660319	/m/a/marqueur-double-tete-cerulean-blue-square-artmark-techno-ref-6087_0.jpg
1140660319	/m/a/marqueur-double-tete-cerulean-blue-square-artmark-techno-ref-6087_1.jpg
1140660320	/m/a/marqueur-double-tete-indian-blue-square-artmark-techno-ref-6088_0.jpg
1140660320	/m/a/marqueur-double-tete-indian-blue-square-artmark-techno-ref-6088_1.jpg
1140660331	/m/a/marqueur-double-tete-ice-blue-square-artmark-techno-ref-6089_0.jpg
1140660331	/m/a/marqueur-double-tete-ice-blue-square-artmark-techno-ref-6089_1.jpg
1140660332	/m/a/marqueur-double-tete-baby-blue-square-artmark-techno-ref-6090_0.jpg
1140660332	/m/a/marqueur-double-tete-baby-blue-square-artmark-techno-ref-6090_1.jpg
1140660333	/m/a/marqueur-double-tete-pastel-blue-square-artmark-techno-ref-6091_0.jpg
1140660333	/m/a/marqueur-double-tete-pastel-blue-square-artmark-techno-ref-6091_1.jpg
1140660334	/m/a/marqueur-double-tete-turquoise-blue-square-artmark-techno-ref-6092_0.jpg
1140660334	/m/a/marqueur-double-tete-turquoise-blue-square-artmark-techno-ref-6092_1.jpg
1140660335	/m/a/marqueur-double-tete-prussian-blue-square-artmark-techno-ref-6093_0.jpg
1140660335	/m/a/marqueur-double-tete-prussian-blue-square-artmark-techno-ref-6093_1.jpg
1140660336	/m/a/marqueur-double-tete-royal-blue-square-artmark-techno-ref-6094_0.jpg
1140660336	/m/a/marqueur-double-tete-royal-blue-square-artmark-techno-ref-6094_1.jpg
1140660337	/m/a/marqueur-double-tete-cobalt-blue-square-artmark-techno-ref-6095_0.jpg
1140660337	/m/a/marqueur-double-tete-cobalt-blue-square-artmark-techno-ref-6095_1.jpg
1140660395	/m/a/marqueur-double-tete-napoleon-blue-square-artmark-techno-ref-6096_0.jpg
1140660395	/m/a/marqueur-double-tete-napoleon-blue-square-artmark-techno-ref-6096_1.jpg
1140660396	/m/a/marqueur-double-tete-ultra-marine-square-artmark-techno-ref-6097_0.jpg
1140660396	/m/a/marqueur-double-tete-ultra-marine-square-artmark-techno-ref-6097_1.jpg
1140660397	/m/a/marqueur-double-tete-brilliant-blue-square-artmark-techno-ref-6098_0.jpg
1140660397	/m/a/marqueur-double-tete-brilliant-blue-square-artmark-techno-ref-6098_1.jpg
1140660398	/m/a/marqueur-double-tete-dark-blue-light-square-artmark-techno-ref-6099_0.jpg
1140660398	/m/a/marqueur-double-tete-dark-blue-light-square-artmark-techno-ref-6099_1.jpg
1140660399	/m/a/marqueur-double-tete-sky-blue-square-artmark-techno-ref-6100_0.jpg
1140660399	/m/a/marqueur-double-tete-sky-blue-square-artmark-techno-ref-6100_1.jpg
1140660417	/m/a/marqueur-double-tete-pale-blue-square-artmark-techno-ref-6101_0.jpg
1140660417	/m/a/marqueur-double-tete-pale-blue-square-artmark-techno-ref-6101_1.jpg
1140660418	/m/a/marqueur-double-tete-deep-violet-square-artmark-techno-ref-6102_0.jpg
1140660418	/m/a/marqueur-double-tete-deep-violet-square-artmark-techno-ref-6102_1.jpg
1140660419	/m/a/marqueur-double-tete-light-violet-square-artmark-techno-ref-6103_0.jpg
1140660419	/m/a/marqueur-double-tete-light-violet-square-artmark-techno-ref-6103_1.jpg
1140660420	/m/a/marqueur-double-tete-lavender-square-artmark-techno-ref-6104_0.jpg
1140660420	/m/a/marqueur-double-tete-lavender-square-artmark-techno-ref-6104_1.jpg
1140660429	/m/a/marqueur-double-tete-pastel-violet-square-artmark-techno-ref-6105_0.jpg
1140660429	/m/a/marqueur-double-tete-pastel-violet-square-artmark-techno-ref-6105_1.jpg
1140660430	/m/a/marqueur-double-tete-vivid-purple-square-artmark-techno-ref-6106_0.jpg
1140660430	/m/a/marqueur-double-tete-vivid-purple-square-artmark-techno-ref-6106_1.jpg
1140660431	/m/a/marqueur-double-tete-vivid-reddish-purple-square-artmark-techno-ref-6107_0.jpg
1140660431	/m/a/marqueur-double-tete-vivid-reddish-purple-square-artmark-techno-ref-6107_1.jpg
1140660432	/m/a/marqueur-double-tete-azalea-purple-square-artmark-techno-ref-6108_0.jpg
1140660432	/m/a/marqueur-double-tete-azalea-purple-square-artmark-techno-ref-6108_1.jpg
1140660433	/m/a/marqueur-double-tete-purple-gray-square-artmark-techno-ref-6109_0.jpg
1140660433	/m/a/marqueur-double-tete-purple-gray-square-artmark-techno-ref-6109_1.jpg
1140660434	/m/a/marqueur-double-tete-pale-purple-square-artmark-techno-ref-6110_0.jpg
1140660434	/m/a/marqueur-double-tete-pale-purple-square-artmark-techno-ref-6110_1.jpg
1140660435	/m/a/marqueur-double-tete-natural-oak-square-artmark-techno-ref-6111_0.jpg
1140660435	/m/a/marqueur-double-tete-natural-oak-square-artmark-techno-ref-6111_1.jpg
1140660436	/m/a/marqueur-double-tete-chocolate-square-artmark-techno-ref-6112_0.jpg
1140660436	/m/a/marqueur-double-tete-chocolate-square-artmark-techno-ref-6112_1.jpg
1140660437	/m/a/marqueur-double-tete-burnt-orange-square-artmark-techno-ref-6113_0.jpg
1140660437	/m/a/marqueur-double-tete-burnt-orange-square-artmark-techno-ref-6113_1.jpg
1140660438	/m/a/marqueur-double-tete-brick-brown-square-artmark-techno-ref-6114_0.jpg
1140660438	/m/a/marqueur-double-tete-brick-brown-square-artmark-techno-ref-6114_1.jpg
1140660462	/m/a/marqueur-double-tete-burnt-sienna-square-artmark-techno-ref-6115_0.jpg
1140660462	/m/a/marqueur-double-tete-burnt-sienna-square-artmark-techno-ref-6115_1.jpg
1140660463	/m/a/marqueur-double-tete-mahogany-square-artmark-techno-ref-6116_0.jpg
1140660463	/m/a/marqueur-double-tete-mahogany-square-artmark-techno-ref-6116_1.jpg
1140660464	/m/a/marqueur-double-tete-rose-beige-square-artmark-techno-ref-6117_0.jpg
1140660464	/m/a/marqueur-double-tete-rose-beige-square-artmark-techno-ref-6117_1.jpg
1140660465	/m/a/marqueur-double-tete-shestnut-brown-square-artmark-techno-ref-6118_0.jpg
1140660465	/m/a/marqueur-double-tete-shestnut-brown-square-artmark-techno-ref-6118_1.jpg
1140660466	/m/a/marqueur-double-tete-bronze-square-artmark-techno-ref-6119_0.jpg
1140660466	/m/a/marqueur-double-tete-bronze-square-artmark-techno-ref-6119_1.jpg
1140660467	/m/a/marqueur-double-tete-walnut-square-artmark-techno-ref-6120_0.jpg
1140660467	/m/a/marqueur-double-tete-walnut-square-artmark-techno-ref-6120_1.jpg
1140660468	/m/a/marqueur-double-tete-yellow-ochre-square-artmark-techno-ref-6121_0.jpg
1140660468	/m/a/marqueur-double-tete-yellow-ochre-square-artmark-techno-ref-6121_1.jpg
1140660469	/m/a/marqueur-double-tete-raw-umber-square-artmark-techno-ref-6122_0.jpg
1140660469	/m/a/marqueur-double-tete-raw-umber-square-artmark-techno-ref-6122_1.jpg
1140660470	/m/a/marqueur-double-tete-potato-brown-square-artmark-techno-ref-6123_0.jpg
1140660470	/m/a/marqueur-double-tete-potato-brown-square-artmark-techno-ref-6123_1.jpg
1140660471	/m/a/marqueur-double-tete-brown-square-artmark-techno-ref-6124_0.jpg
1140660472	/m/a/marqueur-double-tete-sand-square-artmark-techno-ref-6125_0.jpg
1140660472	/m/a/marqueur-double-tete-sand-square-artmark-techno-ref-6125_1.jpg
1140660473	/m/a/marqueur-double-tete-pearl-white-square-artmark-techno-ref-6126_0.jpg
1140660473	/m/a/marqueur-double-tete-pearl-white-square-artmark-techno-ref-6126_1.jpg
1140660474	/m/a/marqueur-double-tete-black-square-artmark-techno-ref-6127_0.jpg
1140660474	/m/a/marqueur-double-tete-black-square-artmark-techno-ref-6127_1.jpg
1140660475	/m/a/marqueur-double-tete-fluorescent-coral-red-square-artmark-techno-ref-6128_0.jpg
1140660475	/m/a/marqueur-double-tete-fluorescent-coral-red-square-artmark-techno-ref-6128_1.jpg
1140660476	/m/a/marqueur-double-tete-fluorescent-orange-square-artmark-techno-ref-6129_0.jpg
1140660476	/m/a/marqueur-double-tete-fluorescent-orange-square-artmark-techno-ref-6129_1.jpg
1140660477	/m/a/marqueur-double-tete-fluorescent-yellow-square-artmark-techno-ref-6130_0.jpg
1140660477	/m/a/marqueur-double-tete-fluorescent-yellow-square-artmark-techno-ref-6130_1.jpg
1140660478	/m/a/marqueur-double-tete-fluorescent-green-square-artmark-techno-ref-6131_0.jpg
1140660478	/m/a/marqueur-double-tete-fluorescent-green-square-artmark-techno-ref-6131_1.jpg
1140660479	/m/a/marqueur-double-tete-fluorescent-rose-square-artmark-techno-ref-6132_0.jpg
1140660480	/m/a/marqueur-double-tete-fluorescent-pink-square-artmark-techno-ref-6133_0.jpg
1140660480	/m/a/marqueur-double-tete-fluorescent-pink-square-artmark-techno-ref-6133_1.jpg
1140660481	/m/a/marqueur-double-tete-skin-white-square-artmark-techno-ref-6134_0.jpg
1140660481	/m/a/marqueur-double-tete-skin-white-square-artmark-techno-ref-6134_1.jpg
1140660482	/m/a/marqueur-double-tete-milky-white-square-artmark-techno-ref-6135_0.jpg
1140660482	/m/a/marqueur-double-tete-milky-white-square-artmark-techno-ref-6135_1.jpg
1140660483	/m/a/marqueur-double-tete-baby-skin-pink-square-artmark-techno-ref-6136_0.jpg
1140660483	/m/a/marqueur-double-tete-baby-skin-pink-square-artmark-techno-ref-6136_1.jpg
1140660484	/m/a/marqueur-double-tete-raw-silk-square-artmark-techno-ref-6137_0.jpg
1140660484	/m/a/marqueur-double-tete-raw-silk-square-artmark-techno-ref-6137_1.jpg
1140660485	/m/a/marqueur-double-tete-pale-cherry-pink-square-artmark-techno-ref-6138_0.jpg
1140660485	/m/a/marqueur-double-tete-pale-cherry-pink-square-artmark-techno-ref-6138_1.jpg
1140660486	/m/a/marqueur-double-tete-blush-square-artmark-techno-ref-6139_0.jpg
1140660486	/m/a/marqueur-double-tete-blush-square-artmark-techno-ref-6139_1.jpg
1140660487	/m/a/marqueur-double-tete-medium-pink-square-artmark-techno-ref-6140_0.jpg
1140660487	/m/a/marqueur-double-tete-medium-pink-square-artmark-techno-ref-6140_1.jpg
1140660488	/m/a/marqueur-double-tete-light-pink-square-artmark-techno-ref-6141_0.jpg
1140660488	/m/a/marqueur-double-tete-light-pink-square-artmark-techno-ref-6141_1.jpg
1140660497	/m/a/marqueur-double-tete-flesh-square-artmark-techno-ref-6142_0.jpg
1140660497	/m/a/marqueur-double-tete-flesh-square-artmark-techno-ref-6142_1.jpg
1140660498	/m/a/marqueur-double-tete-light-orange-square-artmark-techno-ref-6143_0.jpg
1140660498	/m/a/marqueur-double-tete-light-orange-square-artmark-techno-ref-6143_1.jpg
1140660499	/m/a/marqueur-double-tete-buttercup-yellow-square-artmark-techno-ref-6144_0.jpg
1140660499	/m/a/marqueur-double-tete-buttercup-yellow-square-artmark-techno-ref-6144_1.jpg
1140660500	/m/a/marqueur-double-tete-pale-cream-square-artmark-techno-ref-6145_0.jpg
1140660500	/m/a/marqueur-double-tete-pale-cream-square-artmark-techno-ref-6145_1.jpg
1140660501	/m/a/marqueur-double-tete-mint-blue-square-artmark-techno-ref-6146_0.jpg
1140660501	/m/a/marqueur-double-tete-mint-blue-square-artmark-techno-ref-6146_1.jpg
1140660502	/m/a/marqueur-double-tete-pale-baby-blue-square-artmark-techno-ref-6147_0.jpg
1140660502	/m/a/marqueur-double-tete-pale-baby-blue-square-artmark-techno-ref-6147_1.jpg
1140660503	/m/a/marqueur-double-tete-pale-lavender-square-artmark-techno-ref-6148_0.jpg
1140660503	/m/a/marqueur-double-tete-pale-lavender-square-artmark-techno-ref-6148_1.jpg
1140660504	/m/a/marqueur-double-tete-ice-cool-grey-5-artmark-techno-ref-6178_0.jpg
1140660504	/m/a/marqueur-double-tete-ice-cool-grey-5-artmark-techno-ref-6178_1.jpg
1140660505	/m/a/marqueur-double-tete-pale-lilac-square-artmark-techno-ref-6150_0.jpg
1140660505	/m/a/marqueur-double-tete-pale-lilac-square-artmark-techno-ref-6150_1.jpg
1140660594	/t/r/trousse-ecolier-techno-ref-7389.jpg
1140660595	/t/r/trousse-ecolier-rose-bonbon-techno-ref-7389.jpg
1140660595	/t/r/trousse-ecolier-rose-bonbon-techno-ref-7389-1.jpg
1140660596	/t/r/trousse-ecolier-violet-clair-techno-ref-7389.jpg
1140660597	/t/r/trousse-ecolier-bleu-ciel-techno-ref-7389.jpg
1140660597	/t/r/trousse-ecolier-bleu-ciel-techno-ref-7389-1.jpg
1140660623	/t/r/trousse-ecolier-rose-clair-techno-ref-7378_1.jpg
1140660624	/t/r/trousse-ecolier-bleu-marine-techno-ref-7378.jpg
1140660625	/t/r/trousse-ecolier-gris-souris-techno-ref-7378.jpg
1140660630	/t/r/trousse-eva-ecolier-bleu-techno-ref-7397.jpg
1140660632	/t/r/trousse-eva-ecolier-rouge-techno-ref-7397.jpg
1140660633	/t/r/trousse-eva-ecolier-space-planet-techno-ref-7394.jpg
1140660634	/t/r/trousse-eva-ecolier-space-astronaute-techno-ref-7394.jpg
1140660635	/t/r/trousse-eva-ecolier-space-vaisseau-ref-7394.jpg
1140660636	/t/r/trousse-eva-ecolier-space-navette-ref-7394.jpg
1140660655	/t/r/trousse-eva-ecolier-dinosaure-techno-ref-7396.jpg
1140660656	/t/r/trousse-eva-ecolier-jungle-techno-ref-7396.jpg
1140660657	/t/r/trousse-eva-ecolier-tigre-techno-ref-7396.jpg
1140660658	/t/r/trousse-eva-ecolier-lion-techno-ref-7396.jpg
1140660659	/t/r/trousse-eva-ecolier-game-over-techno-ref-7398.jpg
1140660661	/t/r/trousse-eva-ecolier-football-techno-ref-7398.jpg
1140660662	/t/r/trousse-eva-ecolier-astronaut-techno-ref-7398.jpg
1140660666	/t/r/trousse-ecolier-rose-techno-ref-7393.jpg
1140660667	/t/r/trousse-ecolier-violet-techno-ref-7393.jpg
1140660668	/t/r/trousse-eva-ecolier-sweet-life-techno-ref-7395.jpg
1140660669	/t/r/trousse-eva-ecolier-love-techno-ref-7395.jpg
1140660670	/t/r/trousse-eva-ecolier-cat-cute-techno-ref-7395_1.jpg
1140660671	/t/r/trousse-eva-ecolier-happy-mood-techno-ref-7395.jpg
1140660672	/7/4/7405__imresizer.jpg
1140660673	/t/r/trousse-silicone-fancy-twins-vert-pastel-techno-ref-7405.jpg
1140660673	/t/r/trousse-silicone-fancy-twins-vert-pastel-techno-ref-7405-1.jpg
1140660674	/t/r/trousse-silicone-fancy-twins-rose-techno-ref-7405.jpg
1140660674	/t/r/trousse-silicone-fancy-twins-rose-techno-ref-7405-1.jpg
1140660676	/t/r/trousse-ecolier-bleu-techno-ref-7376-1.jpg
1140660676	/t/r/trousse-ecolier-bleu-techno-ref-7376.jpg
1140660677	/t/r/trousse-ecolier-beige-techno-ref-7376-1.jpg
1140660677	/t/r/trousse-ecolier-beige-techno-ref-7376.jpg
1140660678	/t/r/trousse-ecolier-orange-techno-ref-7376.jpg
1140660678	/t/r/trousse-ecolier-orange-techno-ref-7376-1.jpg
1140660692	/t/r/trousse-silicone-stretch-violet-pastel-techno-ref-7402.jpg
1140660693	/t/r/trousse-silicone-stretch-vert-pastel-techno-ref-7402.jpg
1140660694	/t/r/trousse-silicone-stretch-saumon-techno-ref-7402.jpg
1140660696	/t/r/trousse-silicone-stretch-gris-techno-ref-7403.jpg
1140660697	/t/r/trousse-silicone-stretch-rose-techno-ref-7403.jpg
1140660698	/t/r/trousse-silicone-stretch-bleu-techno-ref-7403.jpg
1140660699	/t/r/trousse-silicone-lofty-violet-techno-ref-7404.jpg
1140660700	/t/r/trousse-silicone-lofty-rose-techno-ref-7404.jpg
1140660701	/t/r/trousse-silicone-lofty-vert-pastel-techno-ref-7404.jpg
1140660703	/t/r/trousse-double-poches-noir-techno-ref-6851.jpg
1140660709	/t/r/trousse-triple-poches-bleu-techno-ref-6868.jpg
1140660709	/t/r/trousse-triple-poches-bleu-techno-ref-6868-1.jpg
1140660711	/t/r/trousse-triple-poches-gris-techno-ref-6868.jpg
1140660711	/t/r/trousse-triple-poches-gris-techno-ref-6868-1.jpg
1140660712	/t/r/trousse-ronde-gris-techno-ref-6854-1.jpg
1140660712	/t/r/trousse-ronde-gris-techno-ref-6854-2.jpg
1140660713	/t/r/trousse-ronde-rose-techno-ref-6854.jpg
1140660713	/t/r/trousse-ronde-rose-techno-ref-6854-1.jpg
1140660714	/t/r/trousse-ronde-bleu-techno-ref-6854.jpg
1140660714	/t/r/trousse-ronde-bleu-techno-ref-6854-1.jpg
1140660715	/t/r/trousse-ronde-bordeaux-techno-ref-6854.jpg
1140660715	/t/r/trousse-ronde-bordeaux-techno-ref-6854-1.jpg
1140660716	/t/r/trousse-ronde-violet-techno-ref-6854.jpg
1140660716	/t/r/trousse-ronde-violet-techno-ref-6854-1.jpg
1140660717	/t/r/trousse-ronde-beige-techno-ref-6854.jpg
1140660717	/t/r/trousse-ronde-beige-techno-ref-6854-1.jpg
1140660718	/t/r/trousse-ronde-gris-metal-techno-ref-6873.jpg
1140660718	/t/r/trousse-ronde-gris-metal-techno-ref-6873-1.jpg
1140660719	/p/a/pate_a_modeler_8_couleurs_glitter_sous_blister_licence_blaze_techno_ref_7217.jpg
1140660720	/p/a/pate_a_modeler_8_couleurs_glitter_sous_blister_licence_paw_patrol_fille_techno_ref_7217.jpg
1140660721	/p/a/pate_a_modeler_8_couleurs_glitter_sous_blister_licence_paw_patrol_gar_on_techno_ref_7217.jpg
1140660722	/p/a/pate_a_modeler_8_couleurs_glitter_sous_blister_licence_turtules_ninja_techno_ref_7217.jpg
1140660723	/p/a/pate_a_modeler_8_couleurglitter_sous_blister_dora_techno_ref_7217.jpg
1140660724	/p/a/pate_a_modeler_8_couleurs_glitter_sous_blister_licence_shimmer_shine_techno_ref_7217.jpg
1140660725	/p/a/pate_a_modeler_8_couleurs_glitter_sous_blister_licence_baby_shark_techno_ref_7217.jpg
1140660726	/p/a/pate_a_modeler_8_couleurs_glitter_sous_blister_licence_garfield_techno_ref_7217.jpg
1140660727	/p/a/pate_a_modeler_06_couleurs_avec_2_moules_sous_blister_licence_blaze_techno_ref_7215.jpg
1140660728	/p/a/pate_a_modeler_06_couleurs_avec_2_moules_sous_blister_licence_paw_patrol_fille_techno_ref_7215.jpg
1140660729	/p/a/pate_a_modeler_06_couleurs_avec_2_moules_sous_blister_licence_paw_patrol_gar_on_techno_ref_7215.jpg
1140660730	/p/a/pate_a_modeler_06_couleurs_avec_2_moules_sous_blister_licence_turtules_ninja_techno_ref_7215.jpg
1140660731	/p/a/pate_a_modeler_06_couleurs_avec_2_moules_sous_blister_dora_techno_ref_7215.jpg
1140660732	/p/a/pate_a_modeler_06_couleurs_avec_2_moules_sous_blister_licence_shimmer_shine_techno_ref_7215.jpg
1140660734	/p/a/pate_a_modeler_06_couleurs_avec_2_moules_sous_blister_licence_baby_shark_techno_ref_7215.jpg
1140660735	/p/a/pate_a_modeler_06_couleurs_avec_2_moules_sous_blister_licence_garfield_techno_ref_7215.jpg
1140660736	/p/a/pate-a-modeler-6-couleurs-avec-1-rouleau-sous-blister-licence-blaze-techno-ref-7214.jpg
1140660737	/p/a/pate-a-modeler-6-couleurs-avec-1-rouleau-sous-blister-licence-paw-patrol-fille-techno-ref-7214.jpg
1140660738	/p/a/pate-a-modeler-6-couleurs-avec-1-rouleau-sous-blister-licence-paw-patrol-gar_on-techno-ref-7214.jpg
1140660739	/p/a/pate-a-modeler-6-couleurs-avec-1-rouleau-sous-blister-licence-turtules-ninja-techno-ref-7214.jpg
1140660740	/p/a/pate-a-modeler-6-couleurs-avec-1-rouleau-sous-blister-licence-dora-techno-ref-7214_1.jpg
1140660741	/p/a/pate-a-modeler-6-couleurs-avec-1-rouleau-sous-blister-licence-shimmer-shine-techno-ref-7214.jpg
1140660742	/p/a/pate-a-modeler-6-couleurs-avec-1-rouleau-sous-blister-licence-baby-shark-techno-ref-7214.jpg
1140660743	/p/a/pate-a-modeler-6-couleurs-avec-1-rouleau-sous-blister-licence-garfield-techno-ref-7214.jpg
1140660744	/c/o/colle-stick-fantaisie-9g-sous-forme-dun-monstre-corps-bleu-techno-ref-7206.jpg
1140660744	/c/o/colle-stick-fantaisie-9g-sous-forme-dun-monstre-corps-bleu-techno-ref-7206-1.jpg
1140660747	/c/o/colle-stick-fantaisie-9g-sous-forme-dun-monstre-corp-vert-techno-ref-7206-2.jpg
1140660747	/c/o/colle-stick-fantaisie-9g-sous-forme-dun-monstre-corps-bleu-techno-ref-7206-1_1.jpg
1140660748	/c/o/colle-stick-fantaisie-9g-sous-forme-dun-fruit-corps-orange-techno-ref-7205.jpg
1140660748	/c/o/colle-stick-fantaisie-9g-fruity-techno-ref-7205_2_.jpg
1140660749	/c/o/colle-stick-fantaisie-9g-sous-forme-dun-fruit-corps-vert-techno-ref-7205.png
1140660749	/c/o/colle-stick-fantaisie-9g-fruity-techno-ref-7205_2__1.jpg
1140660752	/c/o/colle-stick-fantaisie-15g-my-pet-corps-bleu-techno-ref-7200.jpg
1140660753	/c/o/colle-stick-fantaisie-15g-my-pet-corps-orange-techno-ref-7200.jpg
1140660754	/c/o/colle-stick-fantaisie-15g-my-pet-corps-jaune-techno-ref-7200.jpg
1140660755	/c/o/colle-stick-fantaisie-15g-my-pet-corps-rose-techno-ref-7200.jpg
1140660756	/c/i/ciseaux-scolaire-13-cm-donut-anneauxx-rose-techno-ref-7059.jpg
1140660757	/c/i/ciseaux-scolaire-13-cm-donut-anneauxx-bleu-techno-ref-7059.jpg
1140660758	/c/i/ciseaux-scolaire-13-cm-donut-anneauxx-violet-techno-ref-7059.jpg
1140660759	/c/i/ciseaux-scolaire-13-cm-dinky-plus-anneaux-bleu-techno-ref-7058.jpg
1140660760	/c/i/ciseaux-scolaire-13-cm-dinky-plus-anneaux-rose-techno-ref-7058.jpg
1140660761	/c/i/ciseaux-scolaire-13-cm-dinky-plus-anneaux-violet-techno-ref-7058.jpg
1140660762	/c/i/ciseaux-scolaire-12_7-cm-agile-anneaux-bleu-techno-ref-7072.jpg
1140660763	/c/i/ciseaux-scolaire-12_7-cm-agile-anneaux-rose-techno-ref-7072.jpg
1140660764	/c/i/ciseaux-scolaire-12_7-cm-agile-anneaux-violet-techno-ref-7072.jpg
1140660819	/c/i/ciseaux-scolaire-13-cm-skilly-anneaux-bleu-techno-ref-7067.jpg
1140660820	/c/i/ciseaux-scolaire-13-cm-skilly-anneaux-violet-techno-ref-7067.jpg
1140660821	/c/i/ciseaux-scolaire-13-cm-skilly-anneaux-rose-techno-ref-7067.jpg
1140660822	/c/i/ciseaux-scolaire-13_3-cm-bloom-anneaux-bleu-techno-ref-7069.jpg
1140660823	/c/i/ciseaux-scolaire-13_3-cm-bloom-anneaux-rose-techno-ref-7069.jpg
1140660824	/c/i/ciseaux-scolaire-13_3-cm-bloom-anneaux-violet-techno-ref-7069.jpg
1140660825	/c/i/ciseaux-scolaire-13_5-cm-stylish-anneaux-bleu-techno-ref-7066.jpg
1140660826	/c/i/ciseaux-scolaire-13_5-cm-stylish-anneaux-rose-techno-ref-7066.jpg
1140660827	/c/i/ciseaux-scolaire-13_5-cm-stylish-anneaux-violet-techno-ref-7066.jpg
1140660828	/c/i/ciseaux-scolaire-14-cm-limber-anneaux-bleu-techno-ref-7065.jpg
1140660829	/c/i/ciseaux-scolaire-14-cm-limber-anneaux-rose-techno-ref-7065.jpg
1140660830	/c/i/ciseaux-scolaire-14-cm-limber-anneaux-violet-techno-ref-7065.jpg
1140660831	/c/i/ciseaux-scolaire-13-cm-coast-anneaux-bleu-techno-ref-7064.jpg
1140660832	/c/i/ciseaux-scolaire-13-cm-coast-anneaux-rose-techno-ref-7064.jpg
1140660833	/c/i/ciseaux-scolaire-13-cm-coast-anneaux-violet-techno-ref-7064.jpg
1140660835	/c/i/ciseaux-scolaire-13_5-cm-lovely-heart-anneaux-rose-techno-ref-7063.jpg
1140660836	/c/i/ciseaux-scolaire-13_5-cm-lovely-heart-anneaux-violet-techno-ref-7063.jpg
1140660837	/c/i/ciseaux-scolaire-13_5-cm-lovely-square-anneaux-bleu-techno-ref-7062.jpg
1140660838	/c/i/ciseaux-scolaire-13_5-cm-lovely-square-anneaux-rose-techno-ref-7062.jpg
1140660839	/c/i/ciseaux-scolaire-13_5-cm-lovely-square-anneaux-violet-techno-ref-7062.jpg
1140660840	/c/i/ciseaux-scolaire-13_5-cm-lovely-circle-anneaux-bleu-techno-ref-7061.jpg
1140660841	/c/i/ciseaux-scolaire-13_5-cm-lovely-circle-anneaux-rose-techno-ref-7061.jpg
1140660842	/c/i/ciseaux-scolaire-13_5-cm-lovely-circle-anneaux-violet-techno-ref-7061.jpg
1140660843	/c/i/ciseaux-scolaire-13-cm-donut-anneaux-bleu-techno-ref-7060.jpg
1140660844	/c/i/ciseaux-scolaire-13-cm-donut-anneaux-rose-techno-ref-7060.jpg
1140660845	/c/i/ciseaux-scolaire-13-cm-donut-anneaux-violet-techno-ref-7060.jpg
1140660846	/c/i/ciseaux-scolaire-12_7-cm-flex-anneaux-bleu-techno-ref-7068.jpg
1140660847	/c/i/ciseaux-scolaire-12_7-cm-flex-anneaux-rose-techno-ref-7068.jpg
1140660848	/c/i/ciseaux-scolaire-12_7-cm-flex-anneaux-violet-techno-ref-7068.jpg
1140660849	/e/n/ensemble-de-tracage-03-pcs-30-cm-la-couleur-rose-techno-ref-9934.jpg
1140660850	/e/n/ensemble-de-tracage-03-pcs-30-cm-la-couleur-vert-techno-ref-9934.jpg
1140660851	/e/n/ensemble-de-tracage-03-pcs-30-cm-la-couleur-bleu-techno-ref-9934.jpg
1140660852	/e/n/ensemble-de-tracage-03-pcs-30-cm-la-couleur-orange-techno-ref-9934.jpg
1140660853	/e/n/ensemble-de-tracage-03-pcs-30-cm-la-couleur-violet-techno-ref-9934.jpg
1140660854	/e/n/ensemble-de-tracage-03-pcs-30-cm-la-couleur-transparente-techno-ref-9934.jpg
1140660855	/e/n/ensemble-de-tracage-03-pcs-20-cm-la-couleur-rose-techno-ref-9933.jpg
1140660856	/e/n/ensemble-de-tracage-03-pcs-20-cm-la-couleur-vert-techno-ref-9933.jpg
1140660888	/e/n/ensemble-de-tracage-03-pcs-20-cm-la-couleur-bleu-techno-ref-9933_2_.png
1140660889	/e/n/ensemble-de-tracage-03-pcs-20-cm-la-couleur-orange-techno-ref-9933.jpg
1140660890	/e/n/ensemble-de-tracage-03-pcs-20-cm-la-couleur-violet-techno-ref-9933.jpg
1140660891	/e/n/ensemble-de-tracage-03-pcs-20-cm-techno-ref-9933.png
1140660892	/r/e/regle-ecolier-plate-30-cm-couleur-rose-techno-ref-9932.png
1140660893	/r/e/regle-ecolier-plate-30-cm-couleur-jaune-techno-ref-9932.png
1140660894	/r/e/regle-ecolier-plate-30-cm-couleur-bleu-techno-ref-9932.png
1140660895	/r/e/regle-ecolier-plate-30-cm-couleur-orange-techno-ref-9932.png
1140660896	/r/e/regle-ecolier-plate-30-cm-couleur-violet-techno-ref-9932.png
1140660897	/r/e/regle-ecolier-plate-30-cm-couleur-transparent-techno-ref-9932.png
1140660898	/r/e/regle-ecolier-plate-20-cm-la-couleur-rose-techno-ref-9931.png
1140660899	/r/e/regle-ecolier-plate-20-cm-la-couleur-jaune-techno-ref-9931.png
1140660900	/r/e/regle-ecolier-plate-20-cm-la-couleur-bleu-techno-ref-9931.png
1140660902	/r/e/regle-ecolier-plate-20-cm-la-couleur-violet-techno-ref-9931.png
1140660903	/r/e/regle-ecolier-plate-20-cm-la-couleur-transparente-techno-ref-9931.png
1140660904	/c/o/compas-bague-coffret-3pcs-la-couleur-bleu-pastel-cuty-techno-ref-6519.png
1140660905	/c/o/compas-bague-coffret-3pcs-la-couleur-vert-pastel-cuty-techno-ref-6519.png
1140660906	/c/o/compas-bague-coffret-3pcs-la-couleur-violet-pastel-cuty-techno-ref-6519.png
1140660907	/c/o/compas-bague-coffret-3pcs-la-couleur-rose-pastel-cuty-techno-ref-6519.png
1140660908	/s/a/sac-a-dos-laptop-grenat-techno-ref-7049-1.jpg
1140660908	/s/a/sac-a-dos-laptop-grenat-techno-ref-7049-2.jpg
1140660908	/s/a/sac-a-dos-laptop-grenat-techno-ref-7049-3.jpg
1140660909	/s/a/sac-a-dos-laptop-bleu-marine-techno-ref-7049-1.jpg
1140660909	/s/a/sac-a-dos-laptop-bleu-marine-techno-ref-7049-2_1.jpg
1140660909	/s/a/sac-a-dos-laptop-bleu-marine-techno-ref-7049-3.jpg
1140660910	/s/a/sac-a-dos-laptop-noir-techno-ref-7049-1.jpg
1140660910	/s/a/sac-a-dos-laptop-noir-techno-ref-7049-2.jpg
1140660911	/s/a/sac-a-dos-laptop-grenat-techno-ref-7050_1.jpg
1140660911	/s/a/sac-a-dos-laptop-grenat-techno-ref-7050-2.jpg
1140660911	/s/a/sac-a-dos-laptop-grenat-techno-ref-7050-3.jpg
1140660912	/s/a/sac-a-dos-laptop-bleu-marine-techno-ref-7050.jpg
1140660912	/s/a/sac-a-dos-laptop-bleu-marine-techno-ref-7050-1.jpg
1140660912	/s/a/sac-a-dos-laptop-bleu-marine-techno-ref-7050-2.jpg
1140660913	/s/a/sac-a-dos-laptop-noir-techno-ref-7050.jpg
1140660913	/s/a/sac-a-dos-laptop-noir-techno-ref-7050-1.jpg
1140660913	/s/a/sac-a-dos-laptop-noir-techno-ref-7050-2.jpg
1140660914	/s/a/sac-a-dos-avec-compartiment-laptop-blue-marine-techno-ref-7042.jpg
1140660914	/s/a/sac-a-dos-avec-compartiment-laptop-blue-marine-techno-ref-7042-1.jpg
1140660914	/s/a/sac-a-dos-avec-compartiment-laptop-blue-marine-techno-ref-7042-2.jpg
1140660915	/s/a/sac-a-dos-avec-compartiment-laptop-blue-marine-techno-ref-7042_1.jpg
1140660915	/s/a/sac-a-dos-avec-compartiment-laptop-blue-marine-techno-ref-7042-1_1.jpg
1140660915	/s/a/sac-a-dos-avec-compartiment-laptop-blue-marine-techno-ref-7042-2_1.jpg
1140660916	/s/a/sac-a-dos-rose-techno-ref-7053-1.jpg
1140660916	/s/a/sac-a-dos-rose-techno-ref-7053-2.jpg
1140660916	/s/a/sac-a-dos-rose-techno-ref-7053-3.jpg
1140660917	/s/a/sac-a-dos-beige-techno-ref-7053-1.jpg
1140660917	/s/a/sac-a-dos-beige-techno-ref-7053-2.jpg
1140660917	/s/a/sac-a-dos-beige-techno-ref-7053-3.jpg
1140660918	/s/a/sac-a-dos-gris-techno-ref-7053-1.jpg
1140660918	/s/a/sac-a-dos-gris-techno-ref-7053-2.jpg
1140660918	/s/a/sac-a-dos-gris-techno-ref-7053-3.jpg
1140660919	/s/a/sac-a-dos-rouge-techno-ref-7053-1.jpg
1140660919	/s/a/sac-a-dos-rouge-techno-ref-7053-2.jpg
1140660919	/s/a/sac-a-dos-rouge-techno-ref-7053-3.jpg
1140660920	/s/a/sac-a-dos-jaune-techno-ref-7039-1.jpg
1140660920	/s/a/sac-a-dos-jaune-techno-ref-7039-3.jpg
1140660921	/s/a/sac-a-dos-rose-techno-ref-7039.jpg
1140660921	/s/a/sac-a-dos-rose-techno-ref-7039-1.jpg
1140660921	/s/a/sac-a-dos-rose-techno-ref-7039-2.jpg
1140660922	/s/a/sac-a-dos-violet-clair-techno-ref-7039-1_1.jpg
1140660922	/s/a/sac-a-dos-violet-clair-techno-ref-7039-2_1.png
1140660923	/s/a/sac-a-dos-bleu-clair-techno-ref-7034.jpg
1140660923	/s/a/sac-a-dos-bleu-clair-techno-ref-7034-2.jpg
1140660924	/s/a/sac-a-dos-rouge-techno-ref-7034.jpg
1140660925	/s/a/sac-a-dos-violet-techno-ref-7034.jpg
1140660925	/s/a/sac-a-dos-violet-techno-ref-7034-1.jpg
1140660927	/m/a/marqueur-double-tete-green-bice-square-artmark-techno-ref-6151_0.jpg
1140660928	/m/a/marqueur-double-tete-anise-lavender-square-artmark-techno-ref-6152_0.jpg
1140660928	/m/a/marqueur-double-tete-anise-lavender-square-artmark-techno-ref-6152_1.jpg
1140660929	/m/a/marqueur-double-tetepale-green-square-artmark-techno-ref-6153_0.jpg
1140660929	/m/a/marqueur-double-tetepale-green-square-artmark-techno-ref-6153_1.jpg
1140660930	/m/a/marqueur-double-tete-mignonette-square-artmark-techno-ref-6154_0.jpg
1140660930	/m/a/marqueur-double-tete-mignonette-square-artmark-techno-ref-6154_1.jpg
1140660931	/m/a/marqueur-double-tete-putty-square-artmark-techno-ref-6155_0.jpg
1140660931	/m/a/marqueur-double-tete-putty-square-artmark-techno-ref-6155_1.jpg
1140660932	/m/a/marqueur-double-tete-jade-green-square-artmark-techno-ref-6156_0.jpg
1140660932	/m/a/marqueur-double-tete-jade-green-square-artmark-techno-ref-6156_1.jpg
1140660933	/m/a/marqueur-double-tete-spectrum-green-square-artmark-techno-ref-6157_0.jpg
1140660933	/m/a/marqueur-double-tete-spectrum-green-square-artmark-techno-ref-6157_1.jpg
1140660934	/m/a/marqueur-double-tete-dim-green-square-artmark-techno-ref-6158_0.jpg
1140660934	/m/a/marqueur-double-tete-dim-green-square-artmark-techno-ref-6158_1.jpg
1140660935	/m/a/marqueur-double-tete-spring-dim-green-square-artmark-techno-ref-6159_0.jpg
1140660936	/m/a/marqueur-double-tete-lime-green-square-artmark-techno-ref-6160_0.jpg
1140660936	/m/a/marqueur-double-tete-lime-green-square-artmark-techno-ref-6160_1.jpg
1140660937	/m/a/marqueur-double-tete-cool-shadow-square-artmark-techno-ref-6161_0.jpg
1140660937	/m/a/marqueur-double-tete-cool-shadow-square-artmark-techno-ref-6161_1.jpg
1140660938	/m/a/marqueur-double-tete-aqua-mint-square-artmark-techno-ref-6162_0.jpg
1140660938	/m/a/marqueur-double-tete-aqua-mint-square-artmark-techno-ref-6162_1.jpg
1140660939	/m/a/marqueur-double-tete-frost-blue-square-artmark-techno-ref-6163_0.jpg
1140660939	/m/a/marqueur-double-tete-frost-blue-square-artmark-techno-ref-6163_1.jpg
1140660940	/m/a/marqueur-double-tete-phthalo-blue-square-artmark-techno-ref-6164_0.jpg
1140660940	/m/a/marqueur-double-tete-phthalo-blue-square-artmark-techno-ref-6164_1.jpg
1140660941	/m/a/marqueur-double-tete-pale-blue-light-square-artmark-techno-ref-6165_0.jpg
1140660941	/m/a/marqueur-double-tete-pale-blue-light-square-artmark-techno-ref-6165_1.jpg
1140660942	/m/a/marqueur-double-tete-pale-pink-light-square-artmark-techno-ref-6166_0.jpg
1140660942	/m/a/marqueur-double-tete-pale-pink-light-square-artmark-techno-ref-6166_1.jpg
1140660943	/m/a/marqueur-double-tete-tender-pink-square-artmark-techno-ref-6167_0.jpg
1140660943	/m/a/marqueur-double-tete-tender-pink-square-artmark-techno-ref-6167_1.jpg
1140660944	/m/a/marqueur-double-tete-blue-grey-1-artmark-techno-ref-6168_0.jpg
1140660944	/m/a/marqueur-double-tete-blue-grey-1-artmark-techno-ref-6168_1.jpg
1140660945	/m/a/marqueur-double-tete-blue-grey-5-artmark-techno-ref-6170_0.jpg
1140660945	/m/a/marqueur-double-tete-blue-grey-5-artmark-techno-ref-6170_1.jpg
1140660946	/m/a/marqueur-double-tete-blue-grey-7-artmark-techno-ref-6171_0.jpg
1140660946	/m/a/marqueur-double-tete-blue-grey-7-artmark-techno-ref-6171_1.jpg
1140661364	/t/r/trousse-ronde-blanc-techno-ref-6873.jpg
1140661364	/t/r/trousse-ronde-blanc-techno-ref-6873-1.jpg
1140661365	/t/r/trousse-ronde-violet-techno-ref-6873.jpg
1140661365	/t/r/trousse-ronde-violet-techno-ref-6873-1.jpg
1140661366	/t/r/trousse-ronde-rose-clair-techno-ref-6873-1.jpg
1140661366	/t/r/trousse-ronde-rose-clair-techno-ref-6873.jpg
1140661496	/m/a/marqueur-double-tete-ice-cool-grey-1-artmark-techno-ref-6174_0.jpg
1140661496	/m/a/marqueur-double-tete-ice-cool-grey-1-artmark-techno-ref-6174_1.jpg
1140661498	/m/a/marqueur-double-tete-icegreen-grey-1-artmark-techno-ref-6183_0.jpg
1140661498	/m/a/marqueur-double-tete-icegreen-grey-1-artmark-techno-ref-6183_1.jpg
1140661510	/m/a/marqueur-double-tete-ice-mauve-shadaw-artmark-techno-ref-6149_0.jpg
1140661510	/m/a/marqueur-double-tete-ice-mauve-shadaw-artmark-techno-ref-6149_1.jpg
1140661513	/m/a/marqueur-double-tete-ice-cool-grey-7-artmark-techno-ref-6180_0.jpg
1140661513	/m/a/marqueur-double-tete-ice-cool-grey-7-artmark-techno-ref-6180_1.jpg
1140661514	/m/a/marqueur-double-tete-ice-cool-grey-0_5-artmark-techno-ref-6173_0.jpg
1140661514	/m/a/marqueur-double-tete-ice-cool-grey-0_5-artmark-techno-ref-6173_1.jpg
1140661515	/m/a/marqueur-double-tete-ice-warm-grey-3-artmark-techno-ref-6191_0.jpg
1140661515	/m/a/marqueur-double-tete-ice-warm-grey-3-artmark-techno-ref-6191_1.jpg
1140661532	/m/a/marqueur-double-tete-ice-warm-grey-9-artmark-techno-ref-6197_0.jpg
1140661533	/m/a/marqueur-double-tete-ice-green-grey-5-artmark-techno-ref-6185_0.jpg
1140661533	/m/a/marqueur-double-tete-ice-green-grey-5-artmark-techno-ref-6185_1.jpg
1140661534	/m/a/marqueur-double-tete-ice-cool-grey-6-artmark-techno-ref-6179_0.jpg
1140661534	/m/a/marqueur-double-tete-ice-cool-grey-6-artmark-techno-ref-6179_1.jpg
1140661535	/m/a/marqueur-double-tete-ice-cool-grey-3-artmark-techno-ref-6176_0.jpg
1140661535	/m/a/marqueur-double-tete-ice-cool-grey-3-artmark-techno-ref-6176_1.jpg
1140661537	/m/a/marqueur-double-tete-ice-cool-grey-9-artmark-techno-ref-6182_0.jpg
1140661538	/m/a/marqueur-double-tete-ice-warm-grey-2-artmark-techno-ref-6190_0.jpg
1140661538	/m/a/marqueur-double-tete-ice-warm-grey-2-artmark-techno-ref-6190_1.jpg
1140661539	/m/a/marqueur-double-tete-ice-green-grey-3-artmark-techno-ref-6184_0.jpg
1140661539	/m/a/marqueur-double-tete-ice-green-grey-3-artmark-techno-ref-6184_1.jpg
1140661540	/m/a/marqueur-double-tete-ice-green-grey-9-artmark-techno-ref-6187_0.jpg
1140661540	/m/a/marqueur-double-tete-ice-green-grey-9-artmark-techno-ref-6187_1.jpg
1140661542	/m/a/marqueur-double-tete-ice-warm-grey-0_5-artmark-techno-ref-6188_0.jpg
1140661542	/m/a/marqueur-double-tete-ice-warm-grey-0_5-artmark-techno-ref-6188_1.jpg
1140661543	/m/a/marqueur-double-tete-ice-cool-grey-4-artmark-techno-ref-6177_0.jpg
1140661543	/m/a/marqueur-double-tete-ice-cool-grey-4-artmark-techno-ref-6177_1.jpg
1140661554	/m/a/marqueur-double-tete-ice-warm-grey-7-artmark-techno-ref-6195_0.jpg
1140661554	/m/a/marqueur-double-tete-ice-warm-grey-7-artmark-techno-ref-6195_1.jpg
1140661555	/m/a/marqueur-double-tete-ice-warm-grey-5-artmark-techno-ref-6193_0.jpg
1140661555	/m/a/marqueur-double-tete-ice-warm-grey-5-artmark-techno-ref-6193_1.jpg
1140661556	/m/a/marqueur-double-tete-ice-warm-grey-4-artmark-techno-ref-6192_0.jpg
1140661556	/m/a/marqueur-double-tete-ice-warm-grey-4-artmark-techno-ref-6192_1.jpg
1140661557	/m/a/marqueur-double-tete-ice-blue-grey-9-artmark-techno-ref-6172_0.jpg
1140661557	/m/a/marqueur-double-tete-ice-blue-grey-9-artmark-techno-ref-6172_1.jpg
1140661558	/m/a/marqueur-double-tete-ice-cool-grey-2-artmark-techno-ref-6175_0.jpg
1140661558	/m/a/marqueur-double-tete-ice-cool-grey-2-artmark-techno-ref-6175_1.jpg
1140661560	/m/a/marqueur-double-tete-ice-green-grey-7-artmark-techno-ref-6186_0.jpg
1140661560	/m/a/marqueur-double-tete-ice-green-grey-7-artmark-techno-ref-6186_1.jpg
1140661561	/m/a/marqueur-double-tete-ice-cool-grey-8-artmark-techno-ref-6181_0.jpg
1140661561	/m/a/marqueur-double-tete-ice-cool-grey-8-artmark-techno-ref-6181_1.jpg
1140661562	/m/a/marqueur-double-tete-ice-warm-grey-1-artmark-techno-ref-6189_0.jpg
1140661562	/m/a/marqueur-double-tete-ice-warm-grey-1-artmark-techno-ref-6189_1.jpg
1140661563	/m/a/marqueur-double-tete-ice-warm-grey-6-artmark-techno-ref-6194_0.jpg
1140661563	/m/a/marqueur-double-tete-ice-warm-grey-6-artmark-techno-ref-6194_1.jpg
1140661581	/m/a/marqueur-double-tete-warm-grey-8-artmark-techno-ref-6196_0.jpg
1140661660	/t/r/trousse-ronde-rose-techno-ref-6873.jpg
1140661660	/t/r/trousse-ronde-rose-techno-ref-6873-1.jpg
1140666042	/7/9/7974_imresizer.jpg
1140666043	/7/9/7975_imresizer.jpg
1140666044	/7/9/7976_imresizer.jpg
1140669191	/s/a/sac-a-dos-ergonomique-coral-fantasia-tiger-family-ref-ir11-f-01.jpg
1140669191	/s/a/sac-a-dos-ergonomique-coral-fantasia-tiger-family-ref-ir11-f-01_1.jpg
1140669191	/s/a/sac-a-dos-ergonomique-coral-fantasia-tiger-family-ref-ir11-f-01_2.jpg
1140669192	/s/a/sac-a-dos-ergonomique-slumber-party-tiger-family-ref-ir11-f-02.jpg
1140669193	/s/a/sac-a-dos-ergonomique-pearly-mermaid-tiger-family-ref-ir11-f-03.jpg
1140669197	/s/a/sac-a-dos-ergonomique-nature-quest-tiger-family-ref-ir11-g-01.jpg
1140669198	/s/a/sac-a-dos-ergonomique-block-city-tiger-family-ref-ir11-g-02.png
1140669199	/s/a/sac-a-dos-ergonomique-cities-in-space-tiger-family-ref-ir11-g-03.jpg
1140669199	/s/a/sac-a-dos-ergonomique-cities-in-space-tiger-family-ref-ir11-g-03_1.jpg
1140669200	/s/a/sac-a-dos-ergonomique-coral-fantasia-tiger-family-ref-ir12-f-01.jpg
1140669201	/s/a/sac-a-dos-ergonomique-slumber-party-tiger-family-ref-ir12-f-02.jpg
1140669202	/s/a/sac-a-dos-ergonomique-bows-and-bunny-tiger-family-ref-ir12-f-03.jpg
1140669202	/s/a/sac-a-dos-ergonomique-bows-and-bunny-tiger-family-ref-ir12-f-03_1.jpg
1140669202	/s/a/sac-a-dos-ergonomique-bows-and-bunny-tiger-family-ref-ir12-f-03_2.jpg
1140669202	/s/a/sac-a-dos-ergonomique-bows-and-bunny-tiger-family-ref-ir12-f-03_1_1.jpg
1140669203	/s/a/sac-a-dos-ergonomique-dance-in-the-clouds-tiger-family-ref-ir12-f-04.jpg
1140669204	/s/a/sac-a-dos-ergonomique-sea-sparkles-tiger-family-ref-ir12-g-01.jpg
1140669205	/s/a/sac-a-dos-ergonomique-block-city-tiger-family-ref-ir12-g-02.png
1140669206	/s/a/sac-a-dos-ergonomique-stay-focused-tiger-family-ref-ir12-g-03.jpg
1140669207	/s/a/sac-a-dos-ergonomique-lite-delicate-tiger-family-ref-ir15-f-01.jpg
1140669207	/s/a/sac-a-dos-ergonomique-creche-robot-mr-white-tiger-family-ref-ir01-g-01_1.jpg
1140669208	/s/a/sac-a-dos-ergonomique-lite-pearly-mermaid-tiger-family-ref-ir15-f-02.png
1140669209	/s/a/sac-a-dos-ergonomique-lite-time-to-play-tiger-family-ref-ir15-g-01.jpg
1140669210	/s/a/sac-a-dos-ergonomique-lite-football-match-tiger-family-ref-ir15-g-02.jpg
1140669211	/s/a/sac-a-dos-ergonomique-lite-pearly-mermaid-tiger-family-ref-ir16-f-01.jpg
1140669212	/s/a/sac-a-dos-ergonomique-lite-mellow-adventure-tiger-family-ref-ir16-f-02.jpg
1140669213	/s/a/sac-a-dos-ergonomique-lite-football-match-tiger-family-ref-ir16-g-01.jpg
1140669214	/s/a/sac-a-dos-ergonomique-lite-time-to-play-tiger-family-ref-ir16-g-02.jpg
1140669215	/s/a/sac-a-dos-ergonomique-looking-cute-tiger-family-ref-ir13-f-01.jpg
1140669216	/s/a/sac-a-dos-ergonomique-snow-kitten-tiger-family-ref-ir13-f-02.jpg
1140669216	/s/a/sac-a-dos-ergonomique-lite-football-match-tiger-family-ref-ir15-g-02_1.jpg
1140669217	/s/a/sac-a-dos-ergonomique-looking-cool-tiger-family-ref-ir13-g.jpg
1140669218	/s/a/sac-a-dos-ergonomique-coral-fantasia-tiger-family-ref-ir14-f-01.jpg
1140669219	/s/a/sac-a-dos-ergonomique-slumber-party-tiger-family-ref-ir14-f-02.jpg
1140669220	/s/a/sac-a-dos-ergonomique-sea-sparkles-tiger-family-ref-ir14-g-01.jpg
1140669221	/s/a/sac-a-dos-ergonomique-block-city-tiger-family-ref-ir14-g-02.jpg
1140669222	/s/a/sac-a-dos-ergonomique-coral-fantasia-tiger-family-ref-ir52-f-01.jpg
1140669223	/s/a/sac-a-dos-ergonomique-slumber-party-tiger-family-ref-ir52-f-02.jpg
1140669224	/s/a/sac-a-dos-ergonomique-kitty-in-clouds-tiger-family-ref-ir52-f-03.jpg
1140669224	/s/a/sac-a-dos-ergonomique-kitty-in-clouds-tiger-family-ref-ir52-f-03_1.jpg
1140669225	/s/a/sac-a-dos-ergonomique-peachy-woods-tiger-family-ref-ir52-f-04.jpg
1140669226	/s/a/sac-a-dos-ergonomique-sea-sparkles-tiger-family-ref-ir52-g-01.jpg
1140669227	/s/a/sac-a-dos-ergonomique-block-city-tiger-family-ref-ir52-g-02.jpg
1140669228	/s/a/sac-a-dos-ergonomique-space-vision-tiger-family-ref-ir52-g-03.jpg
1140669229	/s/a/sac-a-dos-ergonomique-rush-hour-tiger-family-ref-ir52-g-04.jpg
1140669230	/s/a/sac-a-dos-ergonomique-time-for-powe-tiger-family-ref-ir52-g-05.jpg
1140669231	/s/a/sac-a-dos-ergonomique-coral-fantasia-tiger-family-ref-ir62-f-01.jpg
1140669232	/s/a/sac-a-dos-ergonomique-slumber-party-tiger-family-ref-ir62-f-02.jpg
1140669233	/s/a/sac-a-dos-ergonomique-kitty-in-clouds-tiger-family-ref-ir62-f-03.jpg
1140669233	/s/a/sac-a-dos-ergonomique-kitty-in-clouds-tiger-family-ref-ir62-f-03_1.jpg
1140669234	/s/a/sac-a-dos-ergonomique-sea-sparkles-tiger-family-ref-ir62-g-01.jpg
1140669235	/s/a/sac-a-dos-ergonomique-block-city-tiger-family-ref-ir62-g-02.png
1140669236	/s/a/sac-a-dos-ergonomique-rush-hour-tiger-family-ref-ir62-g-03.jpg
1140669237	/s/a/sac-a-dos-ergonomique-for-power-tiger-family-ref-ir62-g-04.jpg
1140669238	/s/a/sac-a-dos-ergonomique-jellyfish-lust-tiger-family-ref-ir81-f-01.jpg
1140669240	/s/a/sac-a-dos-ergonomique-sky-tiger-family-ref-ir81-f-03.jpg
1140669241	/s/a/sac-a-dos-ergonomique-planet-blue-tiger-family-ref-ir81-g-01.jpg
1140669242	/s/a/sac-a-dos-ergonomique-planet-blue-tiger-family-ref-ir81-g-02.jpg
1140669243	/s/a/sac-a-dos-ergonomique-strength-tiger-family-ref-ir81-g-03.jpg
1140669244	/s/a/sac-a-dos-ergonomique-jellyfish-lust-tiger-family-ref-ir82-f-01.jpg
1140669245	/s/a/sac-a-dos-ergonomique-cherry-cola-tiger-family-ref-ir82-f-02.jpg
1140669246	/s/a/sac-a-dos-ergonomique-peace-tiger-family-ref-ir82-f-03.jpg
1140669247	/s/a/sac-a-dos-ergonomique-planet-blue-tiger-family-ref-ir82-g-01.jpg
1140669248	/s/a/sac-a-dos-ergonomique-strength-tiger-family-ref-ir82-g-02.jpg
1140669249	/s/a/sac-a-dos-ergonomique-cyan-zone-tiger-family-ref-ir82-g-03.jpg
1140669250	/s/a/sac-a-dos-ergonomique-peace-tiger-family-ref-ir85-f-01.png
1140669251	/s/a/sac-a-dos-ergonomique-story-book-tiger-family-ref-ir85-f-02.jpg
1140669252	/s/a/sac-a-dos-ergonomique-cherry-cola-tiger-family-ref-ir85-f-03.jpg
1140669252	/s/a/sac-a-dos-ergonomique-kitty-in-clouds-tiger-family-ref-ir62-f-03_2.jpg
1140669252	/s/a/sac-a-dos-ergonomique-kitty-in-clouds-tiger-family-ref-ir62-f-03_1_1.jpg
1140669253	/s/a/sac-a-dos-ergonomique-legend-tiger-family-ref-ir85-g-01.jpg
1140669254	/s/a/sac-a-dos-ergonomique-cyan-zone-tiger-family-ref-ir85-g-02.jpg
1140669255	/s/a/sac-a-dos-ergonomique-storm-tiger-family-ref-ir85-g-03.jpg
1140669256	/s/a/sac-a-dos-ergonomique-angel-tiger-family-ref-ir85-f2-01.jpg
1140669257	/s/a/sac-a-dos-ergonomique-double-lilas-tiger-family-ref-ir85-f2-02.jpg
1140669258	/s/a/sac-a-dos-ergonomique-double-navy-tiger-family-ref-ir85-g2-01.jpg
1140669259	/s/a/sac-a-dos-ergonomique-mountain-tiger-family-ref-ir85-g2-02.jpg
1140669260	/s/a/sac-a-dos-ergonomique-fairytale-tiger-family-ref-ir86-f-01.jpg
1140669261	/s/a/sac-a-dos-ergonomique-fairytale-tiger-family-ref-ir86-f-02.jpg
1140669262	/s/a/sac-a-dos-ergonomique-sky-tiger-family-ref-ir86-f-03.jpg
1140669263	/s/a/sac-a-dos-ergonomique-legend-tiger-family-ref-ir86-g-01.jpg
1140669264	/s/a/sac-a-dos-ergonomique-double-navy-tiger-family-ref-ir86-g-02.jpg
1140669265	/s/a/sac-a-dos-ergonomique-planet-blue-tiger-family-ref-ir86-g-03.jpg
1140669266	/s/a/sac-a-dos-ergonomique-creche-robot-mr-white-tiger-family-ref-ir01-g-01.jpg
1140669267	/s/a/sac-a-dos-ergonomique-creche-big-bear-tiger-family-ref-ir01-g-02.jpg
1140669268	/s/a/sac-a-dos-ergonomique-creche-layla-tiger-family-ref-ir01-f-01.jpg
1140669269	/s/a/sac-a-dos-ergonomique-creche-honey-bunny-tiger-family-ref-ir01-f-02.jpg
1140669270	/s/a/sac-a-dos-ergonomique-creche-robot-mr-white-tiger-family-ref-ir01-g2-01.jpg
1140669271	/s/a/sac-a-dos-ergonomique-creche-polar-bear-joe-tiger-family-ref-ir01-g2-02.jpg
1140669272	/s/a/sac-a-dos-ergonomique-creche-layla-tiger-family-ref-ir01-f2-01.jpg
1140669273	/s/a/sac-a-dos-ergonomique-creche-puffy-cloud-tiger-family-ref-ir01-f2-02.jpg
1140669274	/s/a/sac-a-dos-ergonomique-creche-rainbow-land-tiger-family-ref-ir04-f-01.jpg
1140669275	/s/a/sac-a-dos-ergonomique-creche-glitterlocks-tiger-family-ref-ir04-f-02.jpg
1140669276	/s/a/sac-a-dos-ergonomique-creche-bunny-miracles-tiger-family-ref-ir04-f-03.jpg
1140669277	/s/a/sac-a-dos-ergonomique-creche-beach-day-tiger-family-ref-ir04-f-04.jpg
1140669278	/s/a/sac-a-dos-ergonomique-creche-cruising-universe-tiger-family-ref-ir04-g-01.jpg
1140669279	/s/a/sac-a-dos-ergonomique-creche-professor-dino-tiger-family-ref-ir04-g-02.jpg
1140669280	/s/a/sac-a-dos-ergonomique-creche-let_s-play-tiger-family-ref-ir04-g-03.jpg
1140669281	/s/a/sac-a-dos-ergonomique-creche-start-now-tiger-family-ref-ir04-g-04.jpg
1140669282	/s/a/sac-a-dos-ergonomique-creche-lilas-tiger-family-ref-ir03-f-01.jpg
1140669283	/s/a/sac-a-dos-ergonomique-creche-flower-tiger-family-ref-ir03-f-02.jpg
1140669284	/s/a/sac-a-dos-ergonomique-creche-breeze-tiger-family-ref-ir03-f-03.jpg
1140669285	/s/a/sac-a-dos-ergonomique-creche-navy-tiger-family-ref-ir03-g-01.jpg
1140669286	/s/a/sac-a-dos-ergonomique-creche-neon-space-tiger-family-ref-ir03-g-02.jpg
1140669287	/s/a/sac-a-dos-ergonomique-creche-pebbles-tiger-family-ref-ir03-g-03.jpg
1140669288	/t/r/trousse-scolaire-rainbow-2-compartiments-avec-fermeture-_clair-tiger-family-ref-trir6-f-01.jpg
1140669289	/t/r/trousse-scolaire-galaxy-2-compartiments-pratiques-tiger-family-ref-trir6-f-02.png
1140669290	/t/r/trousse-scolaire-space-mission-robuste-et-fonctionnelle-tiger-family-ref-trir6-f-03.jpg
1140669291	/t/r/trousse-scolaire-looking-cool-compacte-et-pratique-tiger-family-ref-trir6-g.jpg
1140669292	/t/r/trousse-scolaire-kitty-in-clouds-compacte-et-pratique-tiger-family-ref-trir3-f-01.jpg
1140669293	/t/r/trousse-scolaire-sky-compacte-et-pratique-tiger-family-ref-trir3-f-02.jpg
1140669294	/t/r/trousse-scolaire-jellyfish-lust-compacte-et-pratique-tiger-family-ref-trir3-f-03.jpg
1140669295	/t/r/trousse-scolaire-girl-power-compacte-et-pratique-tiger-family-ref-trir3-f2-01.jpg
1140669296	/t/r/trousse-scolaire-coral-fantasia-compacte-et-pratique-tiger-family-ref-trir3-f2-02.jpg
1140669297	/t/r/trousse-scolaire-cities-in-space-compacte-et-pratique-tiger-family-ref-trir3-g-01.jpg
1140669298	/t/r/trousse-scolaire-clever-pack-storm-compacte-et-pratique-tiger-family-ref-trir3-g-02.jpg
1140669299	/t/r/trousse-scolaire-pack-sea-sparkles-compacte-et-pratique-tiger-family-ref-trir3-g2-01.jpg
1140669300	/t/r/trousse-scolaire-pack-sea-sparkles-compacte-et-pratique-tiger-family-ref-trir3-g2-02.png
1140669301	/t/r/trousse-scolaire-double-compartiment-speed-up-tiger-family-ref-trir7-g.jpg
1140669302	/t/r/trousse-scolaire-mermaid-compacte-et-pratique-tiger-family-ref-trir7-f.jpg
1140669303	/t/r/trousse-scolaire-pack-rush-hour-compacte-et-pratique-tiger-family-ref-trir1-g.jpg
1140669304	/t/r/trousse-scolaire-in-the-clouds-compacte-et-pratique-tiger-family-ref-trir1-f.jpg
1140669305	/t/r/trousse-scolaire-jellyfish-lust-compacte-et-pratique-tiger-family-ref-trir8-f.jpg
1140669306	/t/r/trousse-scolaire-zipper-storm-tiger-family-ref-trir8-g.jpg
1140669307	/s/a/sac-_-main-enfant-ocean-l_ger-et-tendance-tiger-family-ref-scmir2-f.jpg
1140669308	/s/a/sac-_-main-enfant-world-l_ger-et-tendance-tiger-family-ref-scmir2-g.jpg
1140669309	/m/_/m_ga-trousse-scolaire-pack-sweet-cakes-3-compartiments-spacieux-tiger-family-ref-trir2-f.jpg
1140669309	/m/_/m_ga-trousse-scolaire-pack-sweet-cakes-3-compartiments-spacieux-tiger-family-ref-trir2-f_1.jpg
1140669310	/m/_/m_ga-trousse-scolaire-clever-pack-moonwalk-3-compartiments-spacieux-tiger-family-ref-trir2-g.jpg
1140669310	/m/_/m_ga-trousse-scolaire-clever-pack-moonwalk-3-compartiments-spacieux-tiger-family-ref-trir2-g_1.jpg
1140669311	/s/a/sac-bandouli_re-fantasy-compact-et-robuste-tiger-family-ref-sbir2-f.jpg
1140669312	/s/a/sac-_-dos-convertible-rainbow-double-fonction-pratique-tiger-family-ref-sbir3-f-01.jpg
1140669312	/s/a/sac-_-dos-convertible-rainbow-double-fonction-pratique-tiger-family-ref-sbir3-f-01_1.jpg
1140669313	/s/a/sac-_-dos-convertible-galaxy-double-fonction-2-en-1-tiger-family-ref-sbir3-f-02.jpg
1140669313	/s/a/sac-_-dos-convertible-galaxy-double-fonction-2-en-1-tiger-family-ref-sbir3-f-02_1.jpg
1140669314	/s/a/sac-_-dos-convertible-dino-world-double-fonction-2-en-1-tiger-family-ref-sbir3-f-03.jpg
1140669314	/s/a/sac-_-dos-convertible-dino-world-double-fonction-2-en-1-tiger-family-ref-sbir3-f-03_1.jpg
1140669315	/s/a/sac-_-dos-convertible-unicorn-dreams-double-fonction-2-en-1-tiger-family-ref-sbir3-f_04.jpg
1140669315	/s/a/sac-_-dos-convertible-unicorn-dreams-double-fonction-2-en-1-tiger-family-ref-sbir3-f_04_1.jpg
1140672323	/m/a/marqueur-tableau-blanc-rechargeable-tete-biseaute-thinkup-orange-techno-ref-8501.png
1140672324	/m/a/marqueur-tableau-blanc-rechargeable-tete-biseaute-thinkup-jaune-techno-ref-8502.png
1140672325	/m/a/marqueur-tableau-blanc-rechargeable-tete-biseaute-thinkup-vert-clair-techno-ref-8503.png
1140672326	/m/a/marqueur-tableau-blanc-rechargeable-tete-biseaute-thinkup-bleu-ciel-techno-ref-8504.png
1140672327	/m/a/marqueur-tableau-blanc-rechargeable-tete-biseaute-thinkup-violet-techno-ref-8505.png
1140672328	/m/a/marqueur-tableau-blanc-rechargeable-tete-biseaute-thinkup-marron-techno-ref-8506.png
1140672329	/m/a/marqueur-tableau-blanc-rechargeable-tete-biseaute-thinkup-rose-techno-ref-8507.png
1140672338	/m/a/marqueur-tableau-blanc-rechargeable-tete-biseaute-thinkup-pochette-de-7-pieces.png
1149403	/p/a/palette-de-peinture-ark-ref-316-0_1.jpg
115	/a/d/adhesifs-cristal-rond-mauve-techno-ref-5020-0.jpg
116	/a/d/adhesifs-cristal-rond-bleu-techno-ref-5020-0.jpg
117	/a/d/adhesifs-cristal-rond-violet-techno-ref-5020-0.jpg
118	/a/d/adhesifs-cristal-rond-rose-techno-ref-5020-0.jpg
119	/a/d/adhesifs-cristal-rond-orange-techno-ref-5029-0.jpg
120	/a/d/adhesifs-cristal-rond-techno-ref-5029-0.jpg
121	/a/d/adhesifs-cristal-rond-rose-techno-ref-5029-0.jpg
122	/a/d/adhesifs-cristal-rond-argente-techno-ref-5029-0.jpg
123	/a/d/adhesifs-cristal-rond-vert-techno-ref-5029-0.jpg
124	/a/d/adhesifs-cristal-rond-violet-techno-ref-5029-0.jpg
125	/a/d/adhesifs-cristal-rond-bleu-techno-ref-5029-0.jpg
126	/a/d/adhesifs-cristal-lettres-vert-techno-ref-5025-0.jpg
1263409	/t/a/tableau-blanc-45x60cm-techno--0.jpg
127	/a/d/adhesifs-cristal-lettres-violet-techno-ref-5025-0.jpg
128	/a/d/adhesifs-cristal-lettres-argente-techno-ref-5025-0.jpg
1280809	/m/i/mini-marqueur-ardoise-blanche-rouge-techno-ref-3099.jpg
1285103	/c/o/colle-twist-et-glue-90ml-uhu-ref-43595-2.jpg
1285103	/c/o/colle-twist-et-glue-90ml-uhu-ref-43595-3.jpg
1285103	/c/o/colle-twist-et-glue-90ml-uhu-ref-43595-4.jpg
1285103	/c/o/colle-twist-et-glue-uhu--0.jpg
1287303	/c/r/crayons-couleurs-colorpeps-boite-metallique-de-18-couleurs-maped-ref-832015-0.jpg
129	/a/d/adhesifs-cristal-lettres-bleu-techno-ref-5025-0.jpg
1296903	/p/r/protege-livre-a-02-rabats-45_7x30_5cm-cristal-transparent-techno-ref-2866-0.jpg
13	/a/r/ardoise-blanche-double-face-en-sachet-bleu-maped-ref-258500-0.jpg
13	/a/r/ardoise-blanche-double-face-en-sachet-bleu-maped-ref-258500-1.jpg
130	/a/d/adhesifs-cristal-lettres-rose-techno-ref-5025-0.jpg
1303909	/p/r/protege-livre-52x47cm-cristal-rouge-techno-ref-2494-0.jpg
1304709	/p/r/protege-livre-52x47cm-cristal-jaune-techno-ref-2492-0.jpg
131	/a/d/adhesifs-cristal-lettres-dore-techno-ref-5025-0.jpg
1312109	/s/t/stylo-roller-retractable-a-encre-gel-g2-0_7mm-bleu-pilot-ref-bl-g2-7-l-0.jpg
1312909	/c/a/cahier-piqure-17cmx22cm-96-pages-90g-unicolor-conquerant--ref-001468-0.jpg
132	/p/a/palette-de-peinture-aquarelel-jaune-ark-ref-313-0.jpg
1328609	/s/t/stylo-roller-a-encre-gel-effacable-frixion-clicker-0_7mm-rouge-pilot-ref-blrt-fr7-r-0.jpg
133	/a/d/adhesifs-cristal-coeur-noir-techno-ref-5021-0.jpg
1338409	/s/u/surligneur-effacable-frixion-light-04mm-vert-pilot-ref-sw-fl-g-0.jpg
1338409	/s/u/surligneur-effacable-frixion-light-04mm-vert-pilot-ref-sw-fl-g-2.jpg
134	/a/d/adhesifs-cristal-coeur-multi-couleurs-techno-ref-5021-0.jpg
135	/a/d/adhesifs-cristal-coeur-violet-techno-ref-5021-0.jpg
1355004	/f/e/feutre-en-pochette-de-12-couleurs-stabilo-ref-280-12-01.png
136	/a/d/adhesifs-cristal-coeur-rose-techno-ref-5021-0.jpg
137	/a/d/adhesifs-cristal-coeur-bleu-techno-ref-5021-0.jpg
1385009	/f/e/feutre-pointe-fine-point-88-en-pochette-06-couleurs-stabilo-ref-88-6-0_2.jpg
1393504	/s/t/stylo-magic-pen-techno-3800-0.jpg
1400904	/f/e/feutre-a-dessin-ecolier-en-pochette-06-couleurs-techno-ref-0297-3.jpg
1400904	/f/e/feutre-a-dessin-ecolier-en-pochette-06-couleurs-techno-ref-0297-2.jpg
1400904	/f/e/feutre-a-dessin-ecolier-en-pochette-06-couleurs-techno-ref-0297-1.jpg
1401004	/f/e/feutre-a-dessin-ecolier-en-pochette-12-couleurs-techno-ref-0298-0.jpg
1401004	/f/e/feutre-a-dessin-ecolier-en-pochette-12-couleurs-techno-ref-0298-1.jpg
1401004	/f/e/feutre-a-dessin-ecolier-en-pochette-12-couleurs-techno-ref-0298-2.jpg
1401004	/f/e/feutre-a-dessin-ecolier-en-pochette-12-couleurs-techno-ref-0298-3.jpg
1403909	/c/i/cisaille-manuelle-a3-expert-16f-80g-maped-ref-888910.jpg
1409	/s/t/stylo-roller-a-encre-liquide-v7-hi-tecpoint-vert-0_7mm-pilot-ref-bx-v7-g-0.jpg
1457803	/c/i/ciseaux-creatif-sous-blister-maped-ref-601003-1.jpg
1457803	/c/i/ciseaux-creatif-sous-blister-maped-ref-601003-2.jpg
1457803	/c/i/ciseaux-creatif-sous-blister-maped-ref-601003-3.jpg
1457803	/c/i/ciseaux-creatif-sous-blister-maped-ref-601003-4.jpg
1457803	/c/i/ciseaux-creatif-sous-blister-maped-ref-601003-0.jpg
1457803	/c/i/ciseaux-creatif-sous-blister-maped-ref-601003-5.jpg
1457803	/c/i/ciseaux-creatif-sous-blister-maped-ref-601003-6.jpg
1466603	/c/r/craies-couleurs-colorpeps-colorpeps-10-couleurs-maped-ref-593501-0.jpg
1474904	/c/o/colle-stick-40g-uhu-ref-70-0.jpg
1474904	/c/o/colle-stick-uhu--0_1.jpg
1474904	/c/o/colle-stick-uhu--1_1.jpg
1474904	/c/o/colle-stick-08_2g-uhu-ref-60-2_1.jpg
1474904	/c/o/colle-stick-08_2g-uhu-ref-60-3_1.jpg
1478303	/c/i/ciseaux-ultimate-asymetrique-21cm-maped-ref-697710-1.jpg
15	/a/r/ardoise-blanche-decoree-incassable-zero-trace-rose-maped-ref-583510-1.jpg
15	/a/r/ardoise-blanche-decoree-incassable-zero-trace-maped-ref-583510-0.jpg
1506709	/c/u/cutter-18-mm-ultimate-sous-blister-maped-ref-086610-2_1.jpg
1506709	/c/u/cutter-18-mm-ultimate-sous-blister-maped-ref-086610-1_1.jpg
151	/p/a/palette-de-peinture-aquarelel-vert-ark-ref-313-0.jpg
1512	/b/o/boite-de-classement-pastel-24x32-dos-40mm-pp-opaque-bleu-gris-elba-400098851.jpg
1513	/b/o/boite-de-classement-pastel-24x32-dos-40mm-pp-opaq-gris-violine-elba-400098851.jpg
1514	/b/o/boite-de-classement-pastel-24x32-dos-40mm-pp-opaq-rose-blush-elba-400098851.jpg
1515	/b/o/boite-de-classement-pastel-24x32-dos-40mm-pp-opaq-rose-nude-elba-400098851.jpg
1516	/b/o/boite-de-classement-pastel-24x32-dos-40m-pp-opaq-vert-celadon-elba-400098851.jpg
1517	/c/h/chemise-a-rabat-elast-pastel-a4-polypropiline-opaque-bleu-gris-elba-ref-400091662-0.jpg
1518	/c/h/chemise-a-rabat-elast-pastel-a4-polypropiline-opaque-gris-violine-elba-ref-400091662-0.jpg
1519	/c/h/chemise-a-rabat-elast-pastel-a4-polypropiline-opaque-rose-blush-elba-ref-400091662-0_1.jpg
1520	/c/h/chemise-a-rabat-elast-pastel-a4-polypropiline-opaque-rose-nude-elba-ref-400091662-0.jpg
1521	/c/h/chemise-a-rabat-elast-pastel-a4-polypropiline-opaque-vert-celadon-elba-ref-400091662-0.jpg
1522	/c/h/chemise-bouton-pression-pastel-a6-polypropiline-opaque-bleu-gris-elba-ref-400091664-0.jpg
1523	/c/h/chemise-bouton-pression-pastel-a6-pp-opaque-gris-violine-elba-400091664.jpg
1524	/c/h/chemise-bouton-pression-pastel-a6-polypropiline-opaque-rose-blush-elba-ref-400091664-0.jpg
1525	/c/l/classeur-a-4-anneaux-pastel-dos-40mm-erg-rond-pp-bleu-gris-elba-400091629.jpg
1525	/c/l/classeur-a-4-anneaux-pastel-dos-40mm-erg-rond-polypropiline-opaque-elba-400091629_2_.jpg
1525	/c/l/classeur-a-4-anneaux-pastel-dos-40mm-erg-rond-polypropiline-opaque-elba-400091629_3_.jpg
1526	/c/l/classeur-a-4-anneaux-pastel-dos-40mm-erg-rond-pp-gris-violine-elba-ref-400091629-0.jpg
1526509	/s/t/stylo-roller-retractable-a-encre-gel-g2-pixie-0_7mm-rouge-pilot-ref-bl-g2-7-xs-r-0.jpg
1527	/c/l/classeur-a-4-anneaux-pastel-dos-40mm-erg-rond-pp-rose-blush-elba-ref-400091629-0.jpg
1528	/c/l/classeur-a-4-anneaux-pastel-dos-40mm-erg-rond-pp-rose-nude-elba-ref-400091629.jpg
1528509	/s/t/stylo-roller-retractable-a-encre-gel-g2-pixie-0_7mm-noir-pilot-ref-bl-g2-7-xs-b-0.jpg
1528703	/r/u/ruban-adhesif-transparent-19mmx30yard-techno-ref-2396-0.jpg
1529	/c/l/classeur-a-4-anneaux-pastel-dos-40mm-erg-rond-pp-vert-celadon-elba-ref-400091629-0.jpg
1529103	/r/u/ruban-adhesif-transparent-19mmx40m-techno-ref-2398-0.jpg
1533	/p/r/protege-documents-pastel-a4-de-50-pochettes-pp-opaque-bleu-gris-oxford-400120462.jpg
1533103	/c/i/ciseaux-ultimate-asymetrique-18cm-maped-ref-695510-2.jpg
1533103	/c/i/ciseaux-ultimate-asymetrique-18cm-maped-ref-695510-1.jpg
1534	/p/r/protege-documents-pastel-a4-de-50-pochettes-pp-opaque-gris-violine-oxford-400120462.jpg
1535	/p/r/protege-documents-pastel-a4-de-50-pochettes-pp-opaque-rose-blush-oxford-400120462.jpg
1536	/p/r/protege-documents-pastel-a4-de-50-pochettes-pp-opaque-rose-nude-oxford-400120462.jpg
1537	/p/r/protege-documents-pastel-a4-de-50-pochettes-pp-opaq-vert-celadon-oxford-400120462_1.jpg
1538	/p/r/protege-documents-pastel-a4-30-pochettes-polypropiline-opaque-bleu-gris-elba-ref-400091626-0.jpg
1539	/p/r/protege-documents-pastel-a4-30-pochettes-pp-opaq-gris-violine-elba-400091626.jpg
1540	/p/r/protege-documents-pastel-a4-30-pochettes-pp-opaq-rose-blush-elba-400091626.jpg
1541	/p/r/protege-documents-pastel-a4-30-pochettes-pp-opaq-rose-nude-elba-400091626.jpg
1542	/p/r/protege-documents-pastel-a4-de-50-pochettes-pp-opaq-vert-celadon-oxford-400120462.jpg
1543	/t/r/trieur-document-pastel-a5-08-compartiments-extensible-pp-bleu-gris-elba-ref-400091661.jpg
1543	/t/r/trieur-document-pastel-dl-08-compartiments-extensible-pp-elba-ref-400091660_2_.jpg
1543	/t/r/trieur-document-pastel-dl-08-compartiments-extensible-pp-elba-ref-400091660-2.jpg
1544	/t/r/trieur-document-pastel-a5-08-compart-extens-pp-gris-violine-elba-400091661.jpg
1545	/t/r/trieur-document-pastel-a5-08-compartiments-extensible-pp-rose-blush-elba-ref-400091661.jpg
1545	/t/r/trieur-document-pastel-a5-08-compartiments-extensible-polypropiline-opaque-elba-ref-400091661-1.jpg
1546	/t/r/trieur-document-pastel-dl-08-comp-extensible-pp-gris-violine-elba-ref-400091660_1.jpg
1546	/t/r/trieur-document-pastel-dl-08-compartiments-extensible-pp-elba-ref-400091660-2_1.jpg
1546	/t/r/trieur-document-pastel-dl-08-compartiments-extensible-pp-elba-ref-400091660_2__1.jpg
1548	/t/r/trieur-document-pastel-dl-08-compartiments-extensible-pp-rose-blush-elba-ref-400091660.jpg
1549	/b/o/boite-de-classement-graphik-24x32-dos-40mm-pp-transluside-impr-jaune-elba-100200602.jpg
1550	/b/o/boite-de-classement-graphik-24x32-dos-40mm-pp-transluside-impr-rose-elba-100200602.jpg
1551	/b/o/boite-de-classement-graphik-24x32-dos-40mm-pp-transluside-impr-bleu-elba-100200602.jpg
1552	/b/o/boite-de-classement-graphik-24x32-dos-40mm-pp-transluside-impr-vert-elba-100200602_1.jpg
1553	/c/h/chemise-a-rabat-elasstique-graphik-a4-pp-transluside-imp-rose-elba-ref-100201111-0.jpg
1554	/c/h/chemise-a-rabat-elasstique-graphik-a4-pp-transluside-imp-vert-elba-ref-100201111-0.jpg
1555	/c/h/chemise-a-rabat-elasstique-graphik-a4-pp-transluside-imp-bleu-elba-ref-100201111-0.jpg
1556	/c/h/chemise-a-rabat-elasstique-graphik-a4-pp-trans-imp-jaune-elba-100201111.jpg
1557	/c/h/chemise-a-rabat-elas-graphik-a6-pp-transluside-imp-bleu-elba-ref-100201271.jpg
1558	/c/h/chemise-a-rabat-elas-graphik-a6-pp-transluside-imp-vert-elba-ref-100201271.jpg
1559	/c/h/chemise-a-rabat-elas-graphik-a6-pp-transluside-imp-rose-elba-ref-100201271-0.jpg
1560	/c/l/classeur-a-4-anneaux-graphik-a4-dos-20mm-rond-pp-transl-impr-bleu-elba-100202315.jpg
1561	/c/l/classeur-a-4-anneaux-graphik-a4-dos-20mm-rond-pp-transl-impr-vert-elba-100202315.jpg
1562	/c/l/classeur-a-4-anneaux-graphik-a4-dos-20mm-rond-pp-transl-impr-rose-elba-100202315.jpg
1562307	/c/o/correcteur-a-ruban-05mmx08m-sous-carte-techno-ref-3263_01-0.jpg
1563	/c/l/classeur-a-4-anneaux-gra-a4-dos-30m-rond-pp-transluside-impr-bleu-elba-100201422.jpg
1564	/c/l/classeur-a-4-anneaux-gra-a4-dos-30m-rond-pp-transluside-impr-vert-elba-100201422.jpg
1565	/c/l/classeur-a-4-anneaux-gra-a4-dos-30mm-rond-pp-transluside-impr-rose-elba-100201422.jpg
1566	/p/r/protege-documents-grap-a4-30-pochettes-pp-transluside-impr-bleu-elba-100206140.jpg
1567	/p/r/protege-documents-grap-a4-30-pochettes-pp-transluside-impr-vert-elba-100206140.jpg
1568	/p/r/protege-documents-grap-a4-30-pochettes-pp-transluside-impr-rose-elba-ref-100206140.jpg
1569	/b/o/boite-de-classement-art-24x32-dos-25mm-polypropiline-opaque-noir-elba-ref-400060034-0.jpg
1570	/b/o/boite-de-classement-art-24x32-dos-25mm-polypropiline-opaque-bleu-elba-ref-400060034-0.jpg
1571	/b/o/boite-de-classement-art-24x32-dos-25mm-polypropiline-opaque-rose-elba-ref-400060034-0.jpg
1572	/b/o/boite-de-classement-art-24x32-dos-25mm-pp-opaque-orange-elba-400060034.jpg
1573	/b/o/boite-de-classement-art-24x32-dos-25mm-pp-opaque-blanch-elba-400060034.jpg
1574	/b/o/boite-de-classement-art-24x32-dos-25mm-polypropiline-opaque-vert-elba-ref-400060034-0.jpg
1575	/b/o/boite-de-classement-art-24x32-dos-40mm-polypropiline-opaque-noir-elba-ref-400060036-0.jpg
1576	/b/o/boite-de-classement-art-24x32-dos-40mm-polypropiline-opaque-bleu-elba-ref-400060036-0.jpg
1577	/b/o/boite-de-classement-art-24x32-dos-40mm-polypropiline-opaque-rose-elba-ref-400060036-0.jpg
1577	/b/o/boite-de-classement-art-24x32-dos-40mm-polypropiline-opaque-elba-ref-400060036-1.jpg
1578	/b/o/boite-de-classement-art-24x32-dos-40mm-pp-opaq-orange-elba-400060036.jpg
1578	/b/o/boite-de-classement-art-24x32-dos-25mm-opaque-assortie-elba-400060034.jpg
1579	/b/o/boite-de-classement-art-24x32-dos-40mm-pp-opaque-blanch-elba-400060036.jpg
1580	/b/o/boite-de-classement-art-24x32-dos-40mm-polypropiline-opaque-vert-elba-ref-400060036-0.jpg
1581	/c/h/chemise-a-rabat-art-a4-polypropiline-opaque-noir-elba-ref-400058449-0.jpg
1582	/c/h/chemise-a-rabat-art-a4-polypropiline-opaque-bleu-elba-ref-400058449-0.jpg
1583	/c/h/chemise-a-rabat-art-a4-polypropiline-opaque-rose-elba-ref-400058449-0.jpg
1584	/c/h/chemise-a-rabat-art-a4-polypropiline-opaque-orange-elba-ref-400058449-0.jpg
1585	/c/h/chemise-a-rabat-art-a4-polypropiline-opaque-blanch-elba-ref-400058449-0.jpg
1586	/c/h/chemise-a-rabat-art-a4-polypropiline-opaque-vert-elba-ref-400058449-0.jpg
1586	/c/h/chemise-a-rabat-art-a4-polypropiline-opaque-elba-ref-400058449-1.jpg
1587	/c/h/chemise-bouton-pression-art-a4-polypropiline-opaque-bleu-elba-ref-400071355-0.jpg
1588	/c/h/chemise-bouton-pression-art-a4-polypropiline-opaque-rose-elba-ref-400071355-0.jpg
1589	/c/h/chemise-bouton-pression-art-a4-polypropiline-opaque-orange-elba-ref-400071355-0.jpg
1590	/c/h/chemise-bouton-pression-art-a4-polypropiline-opaque-noir-elba-ref-400071355-0.jpg
1591	/c/h/chemise-bouton-pression-art-a4-polypropiline-opaque-blanch-elba-ref-400071355-0.jpg
1592	/c/h/chemise-bouton-pression-art-a5-polypropiline-opaque-bleu-elba-ref-400071359-0.jpg
1593	/c/h/chemise-bouton-pression-art-a5-polypropiline-opaque-rose-elba-ref-400071359-0.jpg
1594	/c/h/chemise-bouton-pression-art-a5-polypropiline-opaque-orange-elba-ref-400071359-0.jpg
159409	/c/h/chevalet-de-studio-en-bois-sur-trepied-techno-ref-6022.jpg
1595	/c/h/chemise-bouton-pression-art-a5-polypropiline-opaque-noir-elba-ref-400071359-0.jpg
1596	/c/h/chemise-bouton-pression-art-a5-polypropiline-opaque-blanch-elba-ref-400071359-0.jpg
1597	/c/h/chemise-bouton-pression-art-dl-polypropiline-opaque-bleu-elba-ref-400071351-0.jpg
1598	/c/h/chemise-bouton-pression-art-dl-polypropiline-opaque-rose-elba-ref-400071351-0.jpg
1599	/c/h/chemise-bouton-pression-art-dl-polypropiline-opaque-orange-elba-ref-400071351-0.jpg
16	/a/r/ardoise-blanche-decoree-incassable-zero-trace-bleu-maped-ref-583510-0.jpg
16	/a/r/ardoise-blanche-decoree-incassable-zero-trace-bleu-maped-ref-583510-1.jpg
1600	/c/h/chemise-bouton-pression-art-dl-polypropiline-opaque-noir-elba-ref-400071351-0.jpg
1601	/c/h/chemise-bouton-pression-art-dl-polypropiline-opaque-blanch-elba-ref-400071351-0.jpg
1602	/c/l/classeur-a-4-anneaux-art-a4-dos-40mm-rond-pp-opaq-noir-elba-400060100.jpg
1603	/c/l/classeur-a-4-anneaux-art-a4-dos-40mm-rond-pp-opaq-blanc-elba-400060100.jpg
1604	/c/l/classeur-a-4-anneaux-art-a4-dos-40mm-rond-pp-opaq-rose-elba-ref-400060100.jpg
1605	/c/l/classeur-a-4-anneaux-art-a4-dos-40mm-rond-pp-opaq-orange-elba-400060100.jpg
1606	/c/l/classeur-a-4-anneaux-art-a4-dos-40mm-rond-pp-opaq-vert-elba-400060100.jpg
1607	/c/l/classeur-a-4-anneaux-art-a4-dos-40mm-rond-pp-opaq-bleu-elba-400060100.jpg
1608	/c/l/classeur-a-4-anneaux-art-a4-dos-20mm-rond-pp-opaq-noir-elba-ref-400060038.jpg
1609	/c/l/classeur-a-4-anneaux-art-a4-dos-20m-rond-pp-opaque-blanc-elba-400060038.jpg
1610	/c/l/classeur-a-4-anneaux-art-a4-dos-20mm-rond-pp-opaq-rose-elba-400060038.jpg
1610603	/c/r/craie-blanche-boite-de-100-pieces-techno-ref-2605.jpg
1611	/c/l/classeur-a-4-anneaux-art-a4-dos-20mm-rond-pp-opaq-orange-elba-400060038.jpg
1612	/c/l/classeur-a-4-anneaux-art-a4-dos-20mm-rond-pp-opaq-vert-elba-ref-400060038.jpg
1613	/c/l/classeur-a-4-anneaux-art-a4-dos-20mm-rond-pp-opaque-bleu-elba-400060038.jpg
1614	/p/r/protege-documents-art-a4-20-pochettes-polypropiline-opaque-noir-elba-ref-400060103-0.jpg
1614	/p/r/protege-documents-art-a4-20-pochettes-polypropiline-opaque-elba-ref-400060103-1.jpg
1615	/p/r/protege-documents-art-a4-20-pochettes-polypropiline-opaque-blanc-elba-ref-400060103-0.jpg
1616	/p/r/protege-documents-art-a4-20-pochettes-polypropiline-opaque-rose-elba-ref-400060103-0.jpg
1617	/p/r/protege-documents-art-a4-20-pochettes-polypropiline-opaque-orange-elba-ref-400060103-0.jpg
1618	/p/r/protege-documents-art-a4-20-pochettes-polypropiline-opaque-vert-elba-ref-400060103-0.jpg
1619	/p/r/protege-documents-art-a4-20-pochettes-polypropiline-opaque-bleu-elba-ref-400060103-0.jpg
1620	/p/r/protege-documents-art-a4-60-pochettes-polypropiline-opaq-noir-elba-ref-400060107-0_1.jpg
1620	/p/r/protege-documents-art-a4-20-pochettes-polypropiline-opaque-elba-ref-400060103-1_1.jpg
1621	/p/r/protege-documents-art-a4-40-pochettes-polypropiline-opaque-blanc-elba-ref-400060105-0.jpg
1622	/p/r/protege-documents-art-a4-40-pochettes-polypropiline-opaque-rose-elba-ref-400060105-0.jpg
1623	/p/r/protege-documents-art-a4-40-pochettes-polypropiline-opaque-orange-elba-ref-400060105-0.jpg
1624	/p/r/protege-documents-art-a4-40-pochettes-polypropiline-opaque-vert-elba-ref-400060105-0.jpg
1624204	/p/a/pastel-a-lhuile-ara-boite-de-12-pcs-pebeo-ref-276000.jpg
1625	/p/r/protege-documents-art-a4-40-pochettes-polypropiline-opaque-bleu-elba-ref-400060105-0.jpg
1626	/p/r/protege-documents-art-a4-60-pochettes-polypropiline-opaq-noir-elba-ref-400060107-0.jpg
1627	/p/r/protege-documents-art-a4-60-pochettes-polypropiline-opaque-blanc-elba-ref-400060107-0.jpg
1628	/p/r/protege-documents-art-a4-60-pochettes-polypropiline-opaque-rose-elba-ref-400060107-0.jpg
1629	/p/r/protege-documents-art-a4-60-pochettes-polypropiline-opaque-orange-elba-ref-400060107-0.jpg
1630	/p/r/protege-documents-art-a4-60-pochettes-polypropiline-opaque-vert-elba-ref-400060107-0.jpg
1631	/p/r/protege-documents-art-a4-60-pochettes-polypropiline-opaque-bleu-elba-ref-400060107-0.jpg
1632	/t/r/trieur-a-soufflet-art-a4-08-pochettes-polypropiline-opaque-noir-elba-ref-400078404-0.jpg
1633	/t/r/trieur-a-soufflet-art-a4-08-pochettes-polypropiline-opaque-blanc-elba-ref-400078404-0.jpg
1634	/t/r/trieur-a-soufflet-art-a4-08-pochettes-polypropiline-opaque-rose-elba-ref-400078404-0.jpg
1634	/t/r/trieur-a-soufflet-art-a4-08-pochettes-polypropiline-opaque-elba-ref-400078404-1.jpg
1635	/t/r/trieur-a-soufflet-art-a4-08-pochettes-polypropiline-opaque-orange-elba-ref-400078404-0.jpg
1636	/t/r/trieur-a-soufflet-art-a4-08-pochettes-polypropiline-opaque-vert-elba-ref-400078404-0.jpg
1637	/t/r/trieur-a-soufflet-art-a4-08-pochettes-polypropiline-opaque-bleu-elba-ref-400078404-0.jpg
1638	/b/o/boite-de-classement-osmose-24x32-dos-25mm-pp-opaq-noir-elba-400105016.jpg
1639	/b/o/boite-de-classement-osmose-24x32-dos-25mm-pp-opaq-gris-clair-elba-400105016.jpg
1639303	/a/g/agrafes-23-10-bte-de-1000-pcs-maped-ref-324206.jpg
1639403	/a/g/agrafes-24-6-de-2000-pcs-s-b-maped-ref-324402.jpg
1639503	/g/o/gomme-x-pert-pm-maped-ref-116311.jpg
1639903	/a/g/agrafes-23-17-bte-de-1000-pcs-maped-ref-323705.jpg
1640	/b/o/boite-de-classement-osmose-24x32-dos-25mm-pp-opaq-rouge-elba-400105016.jpg
1641	/b/o/boite-de-classement-osmose-24x32-dos-25mm-pp-opaq-vert-turquoise-elba-ref-400105016.jpg
1642	/b/o/boite-de-classement-osmose-24x32-dos-25mm-pp-opaq-bleu-elba-400105016.jpg
1642103	/a/g/agrafes-24-6-boite-de-1000-pcs-maped-ref-324405.jpg
1643	/b/o/boite-de-classement-osmose-24x32-dos-25mm-pp-transluside-rose-elba-400105016_1.jpg
1644	/b/o/boite-de-classement-osmose-24x32-dos-25mm-pp-transluside-vert-elba-400105016.jpg
1645	/b/o/boite-de-classement-osmose-24x32-dos-25mm-pp-transluside-turquoise-elba-400105016.jpg
1646	/b/o/boite-de-classement-osmose-24x32-dos-25mm-pp-transluside-violet-elba-400105016.jpg
1647	/c/h/chemise-a-rabat-osmose-a4-polypropiline-opaque-noir-elba-ref-400105132-0.jpg
1647603	/c/u/cutter-18mm-sous-blister-metallo-plastic-zenoa-maped-ref-086110.jpg
1647603	/c/u/cutter-18mm-sous-blister-metallo-plastic-zenoa-maped-ref-086110-2.jpg
1648	/c/h/chemise-a-rabat-osmose-a4-polypropiline-opaque-gris-clair-elba-ref-400105133-0.jpg
1649	/c/h/chemise-a-rabat-osmose-a4-polypropiline-opaque-rouge-elba-ref-400105134-0.jpg
1649409	/e/t/etiquettes-glam-rocks-i-flower-herma-ref-6007-0.jpg
1649703	/s/t/stylo-a-bille-twin-tip-4coul-maped-ref-229131-2.jpg
1649703	/s/t/stylo-a-bille-twin-tip-4coul-maped-ref-229131-1.jpg
1650	/c/h/chemise-a-rabat-osmose-a4-polypropiline-vert-opaque-turquoise-elba-ref-400105135-0.jpg
1651	/c/h/chemise-a-rabat-osmose-a4-polypropiline-opaque-bleu-elba-ref-400105136-0.jpg
1652	/c/h/chemise-a-rabat-osmose-a4-polypropiline-transluside-vert-elba-ref-400105137-0.jpg
1653	/c/h/chemise-a-rabat-osmose-a4-polypropiline-transluside-rose-elba-ref-400105138-0.jpg
1654	/c/h/chemise-a-rabat-osmose-a4-polypropiline-transluside-violet-elba-ref-400105139-0.png
1655	/c/h/chemise-a-rabat-osmose-a4-polypropiline-transluside-turquoise-elba-ref-400105131-0_1.jpg
1656	/c/l/classeur-04-anneaux-osmose-a4-dos-20mm-rond-pp-opaque-noir-elba-400105146.jpg
1656409	/s/t/stylo-roller-retractable-a-encre-gel-g2-0_7mm-rouge-pilot-ref-bl-g2-7-r-0.jpg
1657	/c/l/classeur-04-anneaux-osmose-a4-dos-20mm-rond-pp-opaq-gris-clair-elba-400105146.jpg
1658	/c/l/classeur-04-anneaux-osmose-a4-dos-20mm-rond-pp-opaq-rouge-elba-ref-400105146.jpg
1659	/c/l/classeur-04-anneaux-osmose-a4-dos-20mm-rond-pp-opaq-turquoise-elba-400105146.jpg
1660	/c/l/classeur-04-anneaux-osmose-a4-dos-20mm-rond-pp-opaq-bleu-elba-400105146.jpg
1661	/c/l/classeur-04-anneaux-osmose-a4-dos-20mm-rond-pp-transluside-vert-elba-400105146.jpg
1662	/c/l/classeur-04-anneaux-osmose-a4-dos-20mm-rond-pp-transluside-rose-elba-400105146.jpg
1663	/c/l/classeur-04-anneaux-osmose-a4-dos-20mm-rond-pp-transluside-violet-elba-400105146.jpg
1664	/c/l/classeur-04-anneaux-osmose-a4-dos-20mm-pp-transluside-turq-elba-400105146.jpg
1665	/c/l/classeur-04-anneaux-osmose-a4-dos-40mm-rond-pp-opaq-noir-elba-400105140.jpg
1666	/c/l/classeur-04-anneaux-osmose-a4-dos-40mm-rond-pp-opaq-gris-clair-elba-400105140.jpg
1667	/c/l/classeur-04-anneaux-osmose-a4-dos-40mm-rond-pp-opaq-rouge-elba-400105140.jpg
1668	/c/l/classeur-04-anneaux-osmose-a4-dos-40mm-rond-polypropiline-opaque-turquoise-elba-ref-400105140-0.jpg
1669	/c/l/classeur-04-anneaux-osmose-a4-dos-40m-rond-pp-opaq-bleu-elba-400105140.jpg
1669503	/3/9/392510_pa_cb_none_imresizer.jpg
1670	/c/l/classeur-04-anneaux-osmose-a4-dos-40mm-rond-pp-trans-vert-elba-400105140.jpg
1671	/c/l/classeur-04-anneaux-osmose-a4-dos-40mm-rond-pp-trans-rose-elba-400105140.jpg
1672	/c/l/classeur-04-anneaux-osmose-a4-dos-40mm-rond-pp-trans-violet-elba-400105140.jpg
1673	/c/l/classeur-04-anneaux-osmose-a4-dos-40mm-rond-pp-trans-turquoise-elba-400105140.jpg
1674	/p/r/protege-documents-osmose-a4-de-20-pochettes-pp-opaq-noir-oxford-400105169.jpg
1675	/p/r/protege-documents-osmose-a4-de-20-pochettes-pp-opaq-gris-clair-oxford-400105169.jpg
1676	/p/r/protege-documents-osmose-a4-de-20-pochettes-pp-transluside-rose-oxford-400105169.jpg
1677	/p/r/protege-documents-osmose-a4-de-20-pochettes-pp-opaq-turquoise-oxford-400105169.jpg
1678	/p/r/protege-documents-osmose-a4-de-20-pochettes-pp-opaq-bleu-oxford-400105169.jpg
1678403	/c/e/cerne-relief-tube-20ml-or-pale-pebeo-ref-773110-1.jpg
1678403	/c/e/cerne-relief-tube-20ml-or-pale-pebeo-ref-773110-2.jpg
1679	/p/r/protege-documents-osmose-a4-de-20-pochettes-pp-trans-vert-oxford-ref-400105169.jpg
168	/p/a/palette-de-peinture-aquarelel-bleu-ark-ref-313-0.jpg
1680	/p/r/protege-documents-osmose-a4-de-20-pochettes-pp-opaq-rouge-oxford-ref-400105169.jpg
1681	/p/r/protege-documents-osmose-a4-de-20-pochettes-pp-trans-violet-oxford-400105169.jpg
1681003	/p/e/peinture_vitrail_de_45ml_bleu_ocean_pebeo_ref_50043.jpg
1681203	/p/e/peinture_vitrail_de_45ml_etain_pebeo_ref_50047.jpg
1682	/p/r/protege-documents-osmose-a4-de-20-pochettes-pp-trans-turquoise-oxford-400105169.jpg
1683	/p/r/protege-documents-osmose-a4-de-20-pochettes-pp-opaq-noir-oxford-400105169_1.jpg
1683903	/b/l/bloc-a-dessin-1557-a-grain-fin-adouci-de-30f-a4-180g-canson-ref-5223-4127-414.jpg
1684	/p/r/protege-documents-osmose-a4-de-40-pochettes-pp-opaq-gris-clair-oxford-400105182.jpg
1685	/p/r/protege-documents-osmose-a4-de-40-pochettes-polypropiline-opaque-rouge-oxford-ref-400105182-0.jpg
1686	/p/r/protege-documents-osmose-a4-de-40-pochettes-polypropiline-opaque-turquoise-oxford-ref-400105182-0.jpg
1687	/p/r/protege-documents-osmose-a4-de-40-pochettes-pp-opaq-bleu-oxford-400105182.jpg
1688	/p/r/protege-documents-osmose-a4-de-40-pochettes-polypropiline-transluside-vert-oxford-ref-400105182-0.jpg
1689	/p/r/protege-documents-osmose-a4-de-20-pochettes-pp-opaq-rouge-oxford-ref-400105169_1.jpg
1690	/p/r/protege-documents-osmose-a4-de-40-pochettes-pp-trans-violet-oxford-400105182.jpg
1691	/p/r/protege-documents-osmose-a4-de-40-pochettes-polypropiline-transluside-turquoise-oxford-ref-400105182-0.jpg
1692	/p/r/protege-documents-osmose-a4-de-60-pochettes-polypropiline-opaque-noir-oxford-ref-400105188-0.jpg
1693	/p/r/protege-documents-osmose-a4-de-60-pochettes-polypropiline-opaque-gris-clair-oxford-ref-400105188-0.jpg
1694	/p/r/protege-documents-osmose-a4-de-60-pochettes-polypropiline-opaque-rouge-oxford-ref-400105188-0.jpg
1695	/p/r/protege-documents-osmose-a4-de-60-pochettes-pp-opaq-turquoise-oxford-400105188.jpg
1696	/p/r/protege-documents-osmose-a4-de-60-pochettes-polypropiline-opaque-bleu-oxford-ref-400105188-0.jpg
1697	/p/r/protege-documents-osmose-a4-de-60-pochettes-polypropiline-transluside-vert-oxford-ref-400105188-0_1.jpg
1698	/p/r/protege-documents-osmose-a4-de-60-pochettes-pp-trans-rose-oxford-400105188.jpg
1699	/p/r/protege-documents-osmose-a4-de-60-pochettes-polypropiline-transluside-violet-oxford-ref-400105188-0_2.jpg
1700	/p/r/protege-documents-osmose-a4-de-40-pochettes-polypropiline-transluside-turquoise-oxford-ref-400105182-0_1.jpg
1701	/p/r/protege-documents-osmose-a4-de-40-pochettes-pp-opaq-noir-oxford-400105182.jpg
1702	/p/r/protege-documents-osmose-a4-de-60-pochettes-polypropiline-opaque-gris-clair-oxford-ref-400105188-0_1.jpg
1703	/p/r/protege-documents-osmose-a4-de-40-pochettes-polypropiline-opaque-rouge-oxford-ref-400105182-0_1.jpg
1704	/p/r/protege-documents-osmose-a4-80-pochettes-polypropiline-opaq-turquoise-elba-ref-400105190-0.jpg
1705	/p/r/protege-documents-osmose-a4-80-pochettes-polypropiline-opaq-bleu-elba-ref-400105190-0.jpg
1706	/p/r/protege-documents-osmose-a4-80-pochettes-pp-trans-vert-elba-400105190.jpg
1707	/p/r/protege-documents-osmose-a4-80-pochettes-pp-trans-rose-elba-ref-400105190.jpg
1708	/p/r/protege-documents-osmose-a4-80-pochettes-pp-trans-violet-elba-400105190.jpg
1709	/p/r/protege-documents-osmose-a4-80-pochettes-pp-trans-turquoise-elba-400105190.jpg
1710	/b/o/boite-de-classement-memhpis-style-24x32-dos-40mm-pp-opaq-orange-elba-100200131.jpg
1711	/b/o/boite-de-classement-memhpis-style-24x32-dos-40mm-polypropiline-opaque-violet-elba-ref-100200131-0.jpg
1712	/b/o/boite-de-classement-memhpis-style-24x32-dos-40mm-pp-opaq-vert-elba-100200131.jpg
1713	/b/o/boite-de-classement-memhpis-style-24x32-dos-40mm-pp-opaq-bleu-elba-100200131.jpg
1714	/c/l/classeur-a-4-anneaux-memphis-a4-dos-40mm-pp-opaque-noir-elba-ref-100201599.jpg
1715	/c/l/classeur-a-4-anneaux-memphis-a4-dos-40mm-pp-opaq-bleu-elba-100201599.jpg
1716	/c/l/classeur-a-4-anneaux-memphis-a4-dos-40mm-pp-opaq-rouge-elba-100201599.jpg
1717	/c/l/classeur-a-4-anneaux-memphis-a4-dos-40mm-pp-opaq-vert-elba-100201599.jpg
1718	/p/r/protege-documents-memphis-classic-a4-de-40-pochettes-polypropiline-opaque-noir-oxford-ref-100206217-0.jpg
1719	/p/r/protege-documents-memphis-classic-a4-de-40-pochettes-polypropiline-opaque-bleu-oxford-ref-100206217-0.jpg
1720	/p/r/protege-documents-memphis-classic-a4-de-80-pochettes-polypropiline-opaque-rouge-oxford-ref-100205951-0.jpg
1721	/p/r/protege-documents-memphis-classic-a4-de-40-pochettes-polypropiline-opaque-vert-oxford-ref-100206217-0.jpg
1722	/p/r/protege-documents-memphis-classic-a4-de-20-pochettes-pp-opaq-noir-oxford-100206070.jpg
1723	/p/r/protege-documents-memphis-classic-a4-de-40-pochettes-polypropiline-opaque-bleu-oxford-ref-100206217-0_1.jpg
1724	/p/r/protege-documents-memphis-classic-a4-de-80-pochettes-polypropiline-opaque-rouge-oxford-ref-100205951-0_1.jpg
1725	/p/r/protege-documents-memphis-classic-a4-de-40-pochettes-polypropiline-opaque-vert-oxford-ref-100206217-0.png
1726	/p/r/protege-documents-memphis-classic-a4-de-40-pochettes-polypropiline-opaque-noir-oxford-ref-100206217-0_1.jpg
1727	/p/r/protege-documents-memphis-classic-a4-de-40-pochettes-polypropiline-opaque-bleu-oxford-ref-100206217-0_2.jpg
1728	/p/r/protege-documents-memphis-classic-a4-de-80-pochettes-polypropiline-opaque-rouge-oxford-ref-100205951-0_2.jpg
1729	/p/r/protege-documents-memphis-classic-a4-de-40-pochettes-polypropiline-opaque-vert-oxford-ref-100206217-0_1.jpg
1730	/p/r/protege-documents-memphis-classic-a4-de-20-pochettes-pp-opaq-noir-oxford-100206070_1.jpg
1731	/p/r/protege-documents-memphis-classic-a4-de-40-pochettes-polypropiline-opaque-bleu-oxford-ref-100206217-0_3.jpg
1732	/p/r/protege-documents-memphis-classic-a4-de-80-pochettes-polypropiline-opaque-rouge-oxford-ref-100205951-0_3.jpg
1733	/p/r/protege-documents-memphis-classic-a4-de-40-pochettes-polypropiline-opaque-vert-oxford-ref-100206217-0_1_1.jpg
1734	/c/h/chemise-a-rabat-sunrise-format-dl-polypropiline-rose-oxford-ref-400124152-0.jpg
1735	/c/h/chemise-a-rabat-sunrise-format-dl-polypropiline-bleu-clair-oxford-ref-400124152-0.jpg
1736	/c/h/chemise-a-rabat-sunrise-format-dl-polypropiline-bleu-nuit-oxford-ref-400124152-0_1.jpg
1737	/c/h/chemise-a-rabat-sunrise-format-dl-polypropiline-orange-oxford-ref-400124152-0.jpg
1737006	/c/a/cahier-piqure-a4-96-pages-90g-gris-conquerant--ref-400002774--000205-0.jpg
1737106	/c/a/cahier-piqure-a4-96-pages-90g-unicolor-conquerant--ref-400009670--002291-0.jpg
1737506	/c/a/cahier-piqure-a4-96-pages-90g-rouge-conquerant--ref-100102940--120693-0.jpg
1737606	/c/a/cahier-piqure-a4-96-pages-90g-conquerant--0.jpg
1737906	/c/a/cahier-piqure-17cmx22cm-96-pages-90g-jaune-conquerant--ref-100104894--020392-0.jpg
1738	/s/a/sac-a-dos-creche-tiger-family-ref-2001-g-0_1.jpg
1738006	/c/a/cahier-piqure-17cmx22cm-96-pages-90g-orange-conquerant--ref-100105476--020396-0.jpg
1738206	/c/a/cahier-piqure-17cmx22cm-96-pages-90g-vert-conquerant--ref-100102202--020394-0.jpg
1738306	/c/a/cahier-piqure-17cmx22cm-96-pages-90g-violet-conquerant--ref-100105477--020397-0.jpg
1739	/s/a/sac-a-dos-creche-big-shot-tiger-family-ref-2001-g-0.jpg
1739906	/c/a/cahier-piqure-a4-96-pages-90g-bleu-conquerant--ref-100103774--120691-0_1.jpg
1740	/s/a/sac-a-dos-creche-tiger-family-ref-2001-f2-0.jpg
1740106	/c/a/cahier-piqure-24cmx32cm-96-pages-90g-rose-conquerant--ref-400002775--000210-0.jpg
1740504	/c/a/calculatrice-scientifique-non-programmable-es-plus-casio-ref-fx-991esplus-0.jpg
1740604	/c/a/calculatrice-scientifique-non-programmable-es-plus-casio-ref-fx-82esplusbk-0.jpg
1741	/s/k/skdf-008a_dreamy_front_copie.jpg
1742	/s/a/sac-a-dos-creche-baby-paris-tiger-family-ref-2001-f2-0_1.jpg
1742203	/a/q/aquarelle_fine_rond_metal_24_demi-godets_1_pinceau_pebeo_ref_300078.jpg
1743	/s/a/sac-a-dos-creche-soft-cuddles-tiger-family-ref-2001-f-0_1.jpg
1744	/s/k/skdf-005a_stormy_front_copie.jpg
1744	/s/k/skdf-005a_stormy_front_1_copie.jpg
1745	/s/a/sac-a-dos-creche-bob-the-astronaut-tiger-family-ref-2001-g2-0.jpg
1746	/s/a/sac-a-dos-creche-cool-rex-tiger-family-ref-2001-g2-0.jpg
1747	/s/a/sac-a-dos-ergonomique-tiger-family-ref-2011-f2-0.jpg
1747503	/g/l/globe-terrestre-orion-lumineux-en-arabe-tecnodidattica--0_1.jpg
1747603	/g/l/globe-terrestre-orion-lumineux-francias-diam-30cm-tecnodidattica-ref-3516-0.jpg
1748	/s/a/sac-a-dos-ergonomique-sparkle-wishes-tiger-family-ref-2011-f2-0.jpg
1749	/s/a/sac-a-dos-ergonomique-tiger-family-ref-2011-g-0.jpg
1749709	/f/e/feutre-jungle-colors-peps-maped--0.jpg
1749809	/f/e/feutre-pointe-fine-point-88-bleu-stabilo-ref-88-41.jpg
1749809	/f/e/feutre-pointe-fine-point-88-bleu-stabilo-ref-88-41-2.jpg
1750	/s/a/sac-a-dos-ergonomique-supersonic-tiger-family-ref-2011-g-0.jpg
1751	/s/a/sac-a-dos-ergonomique-ultra-force-tiger-family-ref-2011-g-0.jpg
1752	/s/a/sac-a-dos-ergonomique-super-galaxy-tiger-family-ref-2011-g-0.jpg
1753	/s/a/sac-a-dos-ergonomique-tiger-family-ref-2011-f-0.jpg
1754	/s/a/sac-a-dos-ergonomique-little-charlotte-tiger-family-ref-2011-f-0.jpg
1754309	/e/t/etiquettes-magiccoeurs-rouges-stone-herma-ref-3254-0.jpg
1755	/s/a/sac-a-dos-ergonomique-ninon-tiger-family-ref-2011-f-0.jpg
1756	/s/a/sac-a-dos-ergonomique-playful-butterfly-tiger-family-ref-2011-f-0.jpg
1756307	/c/a/cahier-piqure-a4-96-pages-90g-orange-conquerant--ref-100105478--120696-0.jpg
1757	/s/a/sac-a-dos-ergonomique-tiger-family-ref-2011-f3-0.jpg
1758	/s/a/sac-a-dos-ergonomique-mon-amie-tiger-family-ref-2011-f3-0.jpg
1758507	/c/a/cahier-piqure-24cmx32cm-96-pages-90g-jaune-conquerant--ref-100101372--021692-0.jpg
1759	/t/g/tgjl-035a_dino_comic_front_copie.jpg
176	/t/a/taille-crayons-colorpeps-2-trous-bleu-et-vert-maped-ref-043111-2.jpg
176	/t/a/taille-crayons-colorpeps-2-trous-bleu-et-vert-maped-ref-043111-1.jpg
176	/t/a/taille-crayons-colorpeps-2-trous-bleu-et-vert-maped-ref-043111-0.jpg
1760	/s/a/sac-a-dos-orthopedique-power-force-tiger-family-ref-2012-g-0.jpg
1760	/s/a/sac-a-dos-orthopedique-power-force-tiger-family-ref-2012-g-2.jpg
1760	/s/a/sac-a-dos-orthopedique-power-force-tiger-family-ref-2012-g-1.jpg
1761	/t/g/tgjl-031a_supersonic_front_copie.jpg
1761903	/g/o/gomme-stick-x-pert-x2-sous-blister-maped-ref-119810-2.jpg
1761903	/g/o/gomme-stick-x-pert-x2-sous-blister-maped-ref-119810-1_2.jpg
1762	/s/a/sac-a-dos-orthopedique-tiger-family-ref-2012-f-0.jpg
1762	/s/a/sac-a-dos-orthopedique-wonderful-world-tiger-family-ref-2012-f-2.jpg
1762	/s/a/sac-a-dos-orthopedique-wonderful-world-tiger-family-ref-2012-f-1.jpg
1763	/s/a/sac-a-dos-orthopedique-think-pink-tiger-family-ref-2012-f-0.jpg
1764	/s/a/sac-a-dos-orthopedique-sparkle-wishes-tiger-family-ref-2012-f-0.jpg
1764207	/p/a/papier-calque-en-pochette-de-12-feuilles-a4-50g-techno-ref-9070-0.jpg
1764307	/s/u/surligneur-jaune-pocket-soft-maped-ref-742734_1_1.jpg
1764307	/s/u/surligneur-jaune-pocket-soft-maped-ref-742734_2.jpg
1765	/s/a/sac-a-dos-orthopedique-glittery-night-tiger-family-ref-2012-f-0.jpg
1766	/s/a/sac-a-dos-fun-time-tiger-family-ref-2013-f-0.jpg
1766107	/c/o/colle-patafix-homedeco-32-pastilles-sous-blister-uhu-ref-47910-40660-0.jpg
1766107	/c/o/colle-patafix-homedeco-32-pastilles-sous-blister-uhu-ref-47910-40660-2.jpg
1766107	/c/o/colle-patafix-homedeco-32-pastilles-sous-blister-uhu-ref-47910-40660-3.jpg
1767	/s/a/sac-a-dos-fun-time-glitzy-mermaid-tiger-family-ref-2013-f-0.jpg
1767	/s/a/sac-a-dos-fun-time-glitzy-mermaid-tiger-family-ref-2013-f-2.jpg
1767	/s/a/sac-a-dos-fun-time-glitzy-mermaid-tiger-family-ref-2013-f-1.jpg
1767806	/s/u/surligneur-orange-pocket-soft-maped-ref-742735_1.jpg
1767806	/s/u/surligneur-orange-pocket-soft-maped-ref-742735_2.jpg
1768	/s/a/sac-a-dos-fun-time-sweet-cakes-tiger-family-ref-2013-f-0.jpg
1768006	/s/u/surligneur-vert-pocket-soft-maped-ref-742733.jpg
1769	/s/a/sac-a-dos-fun-time-tiger-family-ref-2013-g-0.jpg
1769704	/c/o/colle-the-all-purpose-adhesive-35ml-uhu-ref-40759-1.jpg
1769704	/c/o/colle-the-all-purpose-adhesive-35ml-uhu-ref-40759-0.jpg
1769704	/c/o/colle-the-all-purpose-adhesive-uhu--2_1.jpg
1769704	/c/o/colle-the-all-purpose-adhesive-uhu--0_1_1.jpg
1769704	/c/o/colle-the-all-purpose-adhesive-uhu--1_1.jpg
1769907	/c/i/ciseaux-asymetrique-titanium-21cm-maped-ref-686110-2.jpg
177	/t/a/taille-crayons-colorpeps-2-trous-rouge-et-orange-maped-ref-043111-1.jpg
177	/t/a/taille-crayons-colorpeps-2-trous-rouge-et-orange-maped-ref-043111-0.jpg
177	/t/a/taille-crayons-colorpeps-2-trous-rouge-et-orange-maped-ref-043111-2.jpg
177	/t/a/taille-crayons-colorpeps-2-trous-bleu-et-vert-maped-ref-043111-2_1.jpg
1770	/s/a/sac-a-dos-fun-time-football-world-tiger-family-ref-2013-g-0.jpg
1770107	/l/o/loupe-diametre-50-mm-ergologic-sous-blister-maped-ref-039100.jpg
1771	/s/a/sac-a-dos-orthopedique-tiger-family-ref-2031-f-0.jpg
1772	/s/a/sac-a-dos-orthopedique-blissful-fairy-tiger-family-ref-2031-f-0.jpg
1773	/s/a/sac-a-dos-orthopedique-rainbow-horse-tiger-family-ref-2031-f-0.jpg
1773003	/s/u/surligneur-bleu-fluo-peps-maped-ref-742530_1.jpg
1773003	/s/u/surligneur-bleu-fluo-peps-maped-ref-742530_2.jpg
1773603	/s/u/surligneur-fluo-peps-rose-maped-ref-742536-0.jpg
1773603	/s/u/surligneur-fluo-peps-rose-maped-ref-742536-1.jpg
1773603	/s/u/surligneur-fluo-peps-rose-maped-ref-742536-2.jpg
1773807	/j/e/jeux-de-pinceaux-de-08-pieces-techno-ref-3846-0.jpg
1773907	/j/e/jeux-de-pinceaux-de-08-pieces-techno-ref-3847.jpg
1774	/s/a/sac-a-dos-orthopedique-striking-football-tiger-family-ref-2031-g-0.jpg
1774007	/j/e/jeux-de-pinceaux-de-06-pieces-techno-ref-3848-0.jpg
1775	/s/a/sac-a-dos-orthopedique-tiger-family-ref-2031-g-0.jpg
1776	/s/a/sac-a-dos-orthopedique-tiger-family-ref-2062-g-0.jpg
1777	/s/a/sac-a-dos-orthopedique-astral-boy-tiger-family-ref-2062-g-0.jpg
1778	/s/a/sac-a-dos-orthopedique-super-galaxy-tiger-family-ref-2062-g-0.jpg
1779	/s/a/sac-a-dos-orthopedique-tiger-family-ref-2062-f-0.jpg
178	/t/a/taille-crayons-colorpeps-2-trous-mauve-et-bleu-maped-ref-043111-1.jpg
178	/t/a/taille-crayons-colorpeps-2-trous-maped-ref-043111-0.jpg
178	/t/a/taille-crayons-colorpeps-2-trous-bleu-et-vert-maped-ref-043111-2_2.jpg
1780	/s/a/sac-a-dos-orthopedique-purple-divine-tiger-family-ref-2062-f-0.jpg
1781	/s/a/sac-a-dos-orthopedique-polar-ice-tiger-family-ref-2071-g-0.jpg
1781007	/f/e/feutre-colorpeps-maxi-colorpeps-maxi-12-couleurs-maped-ref-846020-0.jpg
1782	/s/a/sac-a-dos-orthopedique-tiger-family-ref-2071-g-0.jpg
1783	/s/a/sac-a-dos-orthopedique-tiger-family-ref-2071-f-0.jpg
1784	/s/a/sac-a-dos-orthopedique-pink-lemonade-tiger-family-ref-2071-f-0.jpg
1785	/s/a/sac-a-dos-orthopedique-tiger-family-ref-2081-f-0.jpg
1786	/s/a/sac-a-dos-orthopedique-dandelion-tiger-family-ref-2081-f-0.jpg
1786603	/g/o/gomme-mini-x-pert-x2-sous-blister-maped-ref-116312_1.jpg
1786603	/g/o/gomme-mini-x-pert-x2-sous-blister-maped-ref-116312_2.jpg
1787	/s/a/sac-a-dos-orthopedique-charcoal-twine-tiger-family-ref-2081-g-0.jpg
1788	/s/a/sac-a-dos-orthopedique-supernova-tiger-family-ref-2081-g-0.jpg
1789	/s/a/sac-a-dos-orthopedique-tiger-family-ref-2081-g-0.jpg
179	/t/a/taille-crayons-croc-croc-signal-vert-maped-ref-017711-0.jpg
179	/t/a/taille-crayons-croc-croc-signal-vert-maped-ref-017711-1.jpg
179	/t/a/taille-crayons-croc-croc-signal-vert-maped-ref-017711-2.jpg
179	/t/a/taille-crayons-croc-croc-signal-vert-maped-ref-017711-3_1.jpg
1790	/s/a/sac-a-dos-orthopedique-alpine-tiger-family-ref-2081-g-0.jpg
1791	/s/a/sac-a-dos-orthopedique-tiger-family-ref-2082-g-0.jpg
1792	/s/a/sac-a-dos-orthopedique-alpine-tiger-family-ref-2082-g-0.jpg
1792207	/c/r/crayons-couleurs-de-12-avec-01-crayon-duo-gratuit-colorpeps-maped-ref-832021-0.jpg
1792307	/c/r/crayons-de-couleur-12-couleurs-avec-crayon-noir-avec-taille-crayon-gratuit-maped-ref-832023.jpg
1792603	/f/a/fantasy_prisme_45ml_emeraude_pebeo_ref_166018.jpg
1792903	/f/a/fantasy_prisme_45ml_jaune_d_ete_pebeo_ref_166023.jpg
1793	/s/a/sac-a-dos-orthopedique-virtual-world-tiger-family-ref-2082-g-0.jpg
1793003	/f/a/fantasy_prisme_45ml_mandarine_pebeo_ref_166016.jpg
1793103	/f/a/fantasy_prisme_45ml_marina_pebeo_ref_166038.jpg
1793203	/f/a/fantasy_prisme_45ml_ombre_verte_pebeo_ref_166034.jpg
1793303	/f/a/fantasy_prisme_45ml_onyx_pebeo_ref_166051.jpg
1793403	/f/a/fantasy_prisme_45ml_pierre_de_lune_pebeo_ref_166050.jpg
1793803	/f/a/fantasy_prisme_45ml_rouge_anglais_pebeo_ref_166013.jpg
1793807	/e/t/etiquettes-magiccoeurs-tissu-herma-ref-6288-0.jpg
1793903	/f/a/fantasy_prisme_45ml_turquoise_pebeo_ref_166040.jpg
1793907	/e/t/etiquettes-magic-love-gemes-herma-ref-6287-0.jpg
1794	/s/a/sac-a-dos-orthopedique-supernova-tiger-family-ref-2082-g-0.jpg
1794003	/f/a/fantasy_prisme_45ml_vermillon_pebeo_ref_166012.jpg
1794303	/f/a/fantasy_prisme_45ml_vert_nacre_pebeo_ref_166019.jpg
1794503	/f/a/fantasy_prisme_45ml_violette_pebeo_ref_166026.jpg
1794603	/f/a/fantasy_prisme_45ml_violine_nacree_pebeo_ref_166025.jpg
1794907	/e/t/etiquettes-magiccoeurs-etoiles-feuille-herma-ref-3256-0.jpg
1795	/s/a/sac-a-dos-orthopedique-dandelion-tiger-family-ref-2082-f-0.jpg
1795103	/f/a/fantasy-moon-45ml-sable-pebeo-ref-167015.jpg
1795303	/f/a/fantasy_moon_45ml_carmin_pebeo_ref_167012.jpg
1795603	/f/a/fantasy_moon_45ml_bois_de_rose_pebeo_ref_167023.jpg
1796	/s/a/sac-a-dos-orthopedique-tiger-family-ref-2082-f-0.jpg
1796103	/f/a/fantasy_moon_45ml_turquoise_pebeo_ref_167036.jpg
1796203	/f/a/fantasy_moon_45ml_emeraude_pebeo_ref_167018.jpg
1796303	/f/a/fantasy_moon_45ml_chocolat_pebeo_ref_167034.jpg
1796903	/f/a/fantasy_prisme_45ml_chataigne_pebeo_ref_166031.jpg
1797	/s/a/sac-a-dos-avec-compartiment-laptop-jet-tiger-family-ref-1883-g_-0.jpg
1797003	/f/a/fantasy_prisme_45ml_cendre_bleu_pebeo_ref_166037.jpg
1797103	/f/a/fantasy_prisme_45ml_bleu_nuit_pebeo_ref_166036.jpg
1798	/s/a/sac-a-dos-avec-compartiment-laptop-tiger-family-ref-1883-g_-0.jpg
1799	/s/a/sac-a-dos-avec-compartiment-laptop-jet-tiger-family-ref-1983-g-0.jpg
1799307	/e/t/etiquettes-glam-rocks-crete-herma-ref-6657-0.jpg
180	/t/a/taille-crayons-croc-croc-signal-rose-maped-ref-017711-0.jpg
180	/t/a/taille-crayons-croc-croc-signal-rose-maped-ref-017711-1.jpg
180	/t/a/taille-crayons-croc-croc-signal-rose-maped-ref-017711-2_1.jpg
180	/t/a/taille-crayons-croc-croc-signal-vert-maped-ref-017711-3.jpg
1800	/s/a/sac-a-dos-avec-compartiment-laptop-rugged-tiger-family-ref-1983-g-0.jpg
1801	/s/a/sac-a-dos-avec-compartiment-laptop-charcoal-tiger-family-ref-1983-g-0.jpg
1802	/t/r/trousse-duo-pop-of-pink-tiger-family-ref-tr194-f-0.jpg
1803	/t/r/trousse-duo-tiger-family-ref-tr194-f-0.jpg
1804	/t/r/trousse-ovale-a-rabat-tiger-family-ref-tr200-g-0.jpg
1804407	/p/e/peinture_vitrail_de_45ml_bleu_jean_pebeo_ref_50044.jpg
1805	/t/g/tgjy-012f1_cool_black_copie.jpg
1806	/t/r/trousse-a-rabat-amovible-pink-lemonade-tiger-family-ref-tr201-f-0.jpg
1807	/t/r/trousse-a-rabat-amovible-tiger-family-ref-tr201-f-0.jpg
1808	/t/r/trousse-a-rabat-amovible-tiger-family-ref-tr201-g-0.jpg
1809	/t/r/trousse-a-rabat-amovible-polar-ice-tiger-family-ref-tr201-g-0.jpg
181	/t/a/taille-crayons-croc-croc-signal-maped-ref-017711-0.jpg
181	/t/a/taille-crayons-croc-croc-signal-bleu-turquoise-maped-ref-017711-2.jpg
181	/t/a/taille-crayons-croc-croc-signal-bleu-turquoise-maped-ref-017711-1.jpg
181	/t/a/taille-crayons-croc-croc-signal-vert-maped-ref-017711-3_2.jpg
1810	/t/r/trousse-mega-football-tiger-family-ref-tr202-g-0.jpg
1811	/t/r/trousse-mega-neon-riders-tiger-family-ref-tr202-g-1.jpg
1811	/t/r/trousse-mega-neon-riders-tiger-family-ref-tr202-g-0.jpg
1811	/t/r/trousse-mega-super-iceman-tiger-family-ref-tr202-g-1_1.jpg
1812	/t/r/trousse-mega-tiger-family-ref-tr202-g-0.jpg
1812	/t/r/trousse-mega-super-iceman-tiger-family-ref-tr202-g-1_2.jpg
1812	/t/r/trousse-mega-super-iceman-tiger-family-ref-tr202-g-2.jpg
1813	/t/r/trousse-mega-crazy-car-tiger-family-ref-tr202-g-0.jpg
1813	/t/r/trousse-mega-crazy-car-tiger-family-ref-tr202-g-1.jpg
1813	/t/r/trousse-mega-crazy-car-tiger-family-ref-tr202-g-2.jpg
1814	/t/r/trousse-mega-lightning-squard-tiger-family-ref-tr202-g-0.jpg
1815	/t/r/trousse-mega-tiger-family-ref-tr202-f-0.jpg
1815	/t/r/trousse-mega-magical-dreams-tiger-family-ref-tr202-f-1.jpg
1815	/t/r/trousse-mega-magical-dreams-tiger-family-ref-tr202-f-2.jpg
1816	/t/r/trousse-mega-sweet-icing-tiger-family-ref-tr202-f-0_1.jpg
1816	/t/r/trousse-mega-magical-dreams-tiger-family-ref-tr202-f-2_3.jpg
1817	/t/r/trousse-mega-emily-tiger-family-ref-tr202-f-0.jpg
1817	/t/r/trousse-mega-magical-dreams-tiger-family-ref-tr202-f-2_1.jpg
1818	/t/r/trousse-mega-glittery-ocean-tiger-family-ref-tr202-f-0.jpg
1818	/t/r/trousse-mega-magical-dreams-tiger-family-ref-tr202-f-2_2.jpg
1818303	/9/5/950250_imresizer.jpg
1819	/t/r/trousse-mega-rainbow-delight-tiger-family-ref-tr202-f-1.jpg
1819	/t/r/trousse-mega-popcornlicious-tiger-family-ref-tr202-f-2.jpg
1819	/t/r/trousse-mega-rainbow-delight-tiger-family-ref-tr202-f-2.jpg
182	/t/a/taille-crayons-croc-croc-innovation-rouge-et-bleu-maped-ref-017611-1.jpg
182	/t/a/taille-crayons-croc-croc-innovation-rouge-et-bleu-maped-ref-017611-0.jpg
1820	/t/r/trousse-mega-popcornlicious-tiger-family-ref-tr202-f-0.jpg
1820	/t/r/trousse-mega-olivias-stars-tiger-family-ref-tr202-f-2_1.jpg
1820	/t/r/trousse-mega-popcornlicious-tiger-family-ref-tr202-f-1.jpg
1821	/t/r/trousse-mega-under-the-sea-tiger-family-ref-tr202-f-0.jpg
1821	/t/r/trousse-mega-super-iceman-tiger-family-ref-tr202-g-1.jpg
1822	/t/r/trousse-mega-olivias-stars-tiger-family-ref-tr202-f-0.jpg
1822	/t/r/trousse-mega-olivias-stars-tiger-family-ref-tr202-f-2.jpg
1823	/t/r/trousse-a-rabat-tiger-family-ref-tr203-f-0.jpg
1824	/t/r/trousse-a-rabat-glittery-night-tiger-family-ref-tr203-f-0.jpg
1825	/t/r/trousse-a-rabat-sparkle-wishes-tiger-family-ref-tr203-f-0.jpg
1826	/t/r/trousse-a-rabat-super-galaxy-tiger-family-ref-tr203-g-0.jpg
1827	/t/r/trousse-a-rabat-tiger-family-ref-tr203-g-0.jpg
1827403	/p/a/papier-calque-en-pochette-de-12-feuilles-a4-70g-techno-ref-9071-1.jpg
1827403	/p/a/papier-calque-en-pochette-de-12-feuilles-a4-70g-techno-ref-9071-0.jpg
1828	/t/r/trousse-a-rabat-virtual-world-tiger-family-ref-tr203-g-0.jpg
1829	/t/r/trousse-duo-tiger-family-ref-tr204-g-0.jpg
1829803	/c/a/cahier-piqure-17cmx22cm-96-pages-90g-conquerant--0.jpg
183	/t/a/taille-crayons-croc-croc-innovation-mauve-et-bleu-maped-ref-017611-1.jpg
183	/t/a/taille-crayons-croc-croc-innovation-mauve-et-bleu-maped-ref-017611-0.jpg
1830	/t/r/trousse-duo-alpine-tiger-family-ref-tr204-g-0_1.jpg
1830403	/c/a/cahier-piqure-a4-96-pages-90g-rose-conquerant--ref-400002773--000198-0.jpg
1831	/t/r/trousse-pot-a-crayons-sweet-cakes-tiger-family-ref-tr205-f-0.jpg
1831	/t/r/trousse-pot-a-crayons-sweet-cakes-tiger-family-ref-tr205-f-1.jpg
1831403	/c/a/cahier-piqure-24cmx32cm-96-pages-90g-vert-conquerant--ref-100104499--021694-0.jpg
1831803	/c/a/cahier-piqure-a4-96-pages-90g-bleu-conquerant--ref-100103774--120691-0.jpg
1832	/t/r/trousse-pot-a-crayons-tiger-family-ref-tr205-f-0.jpg
1832	/t/r/trousse-pot-a-crayons-under-the-sea-tiger-family-ref-tr205-f-1.jpg
1832203	/c/a/cahier-piqure-a4-96-pages-90g-jaune-conquerant--ref-100102468--120692-0.jpg
1832603	/c/a/cahier-piqure-a4-96-pages-90g-violet-conquerant--ref-100105479--120697-0.jpg
1833	/t/r/trousse-fantaisie-tiger-family-ref-tr206-f-0.jpg
1833	/t/r/trousse-fantaisie-rainbow-desserts-tiger-family-ref-tr206-f-1_1.jpg
1834	/t/r/trousse-fantaisie-magical-dreams-tiger-family-ref-tr206-f-0.jpg
1834	/t/r/trousse-fantaisie-rainbow-desserts-tiger-family-ref-tr206-f-1.jpg
1835	/t/r/trousse-fantaisie-unicorn-days-tiger-family-ref-tr206-f-0.jpg
1835	/t/r/trousse-fantaisie-unicorn-days-tiger-family-ref-tr206-f-1.jpg
1836	/t/r/trousse-fantaisie-rainbow-desserts-tiger-family-ref-tr206-f-0.jpg
1836	/t/r/trousse-fantaisie-rainbow-desserts-tiger-family-ref-tr206-f-1_2.jpg
1837	/t/r/trousse-fantaisie-tiger-family-ref-tr206-g-0.jpg
1837	/t/r/trousse-fantaisie-super-iceman-tiger-family-ref-tr206-g-1.jpg
1838	/t/r/trousse-fantaisie-neon-riders-tiger-family-ref-tr206-g-0.jpg
1838	/t/r/trousse-fantaisie-football-world-tiger-family-ref-tr206-g-1.jpg
1839	/t/r/trousse-fantaisie-super-iceman-tiger-family-ref-tr206-g-0.jpg
1839	/t/r/trousse-fantaisie-super-iceman-tiger-family-ref-tr206-g-1_1.jpg
184	/t/a/taille-crayons-croc-croc-innovation-rose-et-vert-maped-ref-017611-1.jpg
184	/t/a/taille-crayons-croc-croc-innovation-maped-ref-017611-0.jpg
1840	/f/t/ftrp-pc04a_rock-it_up_copie.jpg
1841	/s/a/sac-a-bandouliere-magical-pony-tiger-family-ref-sb201-f.jpg
1841303	/c/o/colle-stick-21g-uhu-ref-65-0.jpg
1841303	/c/o/colle-stick-uhu--1.jpg
1841303	/c/o/colle-stick-08_2g-uhu-ref-60-2.jpg
1841303	/c/o/colle-stick-08_2g-uhu-ref-60-3.jpg
1841303	/c/o/colle-stick-uhu--0.jpg
1841503	/c/o/colle-patafix-80-pastilles-uhu-ref-39125-0_1.jpg
1841503	/c/o/colle-patafix-homedeco-32-pastilles-sous-blister-uhu-ref-47910-40660-2_1.jpg
1841503	/c/o/colle-patafix-homedeco-32-pastilles-sous-blister-uhu-ref-47910-40660-3_1.jpg
1841503	/c/o/colle-patafix-80-pastilles-uhu-ref-39125-5.jpg
1841503	/c/o/colle-patafix-80-pastilles-uhu-ref-39125-2.jpg
1841503	/c/o/colle-patafix-80-pastilles-uhu-ref-39125-3.jpg
1841503	/c/o/colle-patafix-80-pastilles-uhu-ref-39125-4.jpg
1842	/s/a/sac_a_bandouliere_sparkling_butterfly_tiger_family_ref_sb201-f.jpg
1843	/s/a/sac-a-bandouliere-sparkling-shell-tiger-family-ref-sb201-f-0.jpg
1844	/s/a/sac-a-bandouliere-emily-tiger-family-ref-sb201-f-0.jpg
1844303	/c/o/colle-the-all-purpose-7ml-uhu-ref-40340-0_1.jpg
1844303	/c/o/colle-the-all-purpose-adhesive-uhu--0_1.jpg
1844303	/c/o/colle-the-all-purpose-adhesive-uhu--1.jpg
1844303	/c/o/colle-the-all-purpose-adhesive-uhu--2.jpg
1845	/f/t/ftmp-cb04a_magical_pony_1_copie.jpg
1846	/s/a/sac-a-bandouliere-flowery-tiger-family-ref-sb202-f-0.jpg
1846	/s/a/sac-a-bandouliere-flowery-tiger-family-ref-sb202-f-1.jpg
1846003	/c/o/colle-the-all-purpose-adhesive-20ml-uhu-ref-40756-0.jpg
1846003	/c/o/colle-the-all-purpose-adhesive-20ml-uhu-ref-40756-1.jpg
1846003	/c/o/colle-the-all-purpose-adhesive-uhu--0_1_3.jpg
1846003	/c/o/colle-the-all-purpose-adhesive-uhu--1_3.jpg
1846003	/c/o/colle-the-all-purpose-adhesive-uhu--2_3.jpg
1846503	/c/o/colle-the-all-purpose-adhesive-35ml-uhu-ref-40759-0_1.jpg
1846503	/c/o/colle-the-all-purpose-adhesive-35ml-uhu-ref-40759-1_1.jpg
1846503	/c/o/colle-the-all-purpose-adhesive-uhu--0_1_2.jpg
1846503	/c/o/colle-the-all-purpose-adhesive-uhu--1_2.jpg
1846503	/c/o/colle-the-all-purpose-adhesive-uhu--2_2.jpg
1846603	/c/o/colle-twist-et-glue-35ml-uhu-ref-43605-0.jpg
1846603	/c/o/colle-twist-et-glue-90ml-uhu-ref-43595-3_1.jpg
1846603	/c/o/colle-twist-et-glue-90ml-uhu-ref-43595-4_1.jpg
1846603	/c/o/colle-twist-et-glue-90ml-uhu-ref-43595-2_1.jpg
1846903	/f/e/feutre-pointe-fine-point-88-noir-stabilo-ref-88-46.jpg
1846903	/f/e/feutre-pointe-fine-point-88-noir-stabilo-ref-88-46-2.jpg
1847	/s/a/sac-a-bandouliere-unicorn-days-tiger-family-ref-sb202-f-0.jpg
1847	/s/a/sac-a-bandouliere-unicorn-days-tiger-family-ref-sb202-f-2.jpg
1847	/s/a/sac-a-bandouliere-unicorn-days-tiger-family-ref-sb202-f-1.jpg
1847003	/f/e/feutre-pointe-fine-point-88-rouge-clair-stabilo-ref-88-40-1_1.jpg
1847003	/f/e/feutre-pointe-fine-point-88-rouge-clair-stabilo-ref-88-40-2_1.jpg
1847503	/s/u/surligneur-fluo-boss-jaune-stabilo-ref-70-24-0.jpg
1847503	/s/u/surligneur-fluo-boss-jaune-stabilo-ref-70-24-2.jpg
1847503	/s/u/surligneur-fluo-boss-stabilo--2.jpg
1847503	/s/u/surligneur-fluo-boss-stabilo--0_2.jpg
1847503	/s/u/surligneur-fluo-boss-stabilo--1_2.jpg
1848	/s/a/sac-a-main-kids-sweet-cakes-tiger-family-ref-sm202-f-0.jpg
1849	/s/a/sac-a-main-kids-tiger-family-ref-sm202-f-0.jpg
185	/t/a/taille-crayons-clean-grip-bleu-maped-ref-014111-0.jpg
185	/t/a/taille-crayons-clean-grip-bleu-maped-ref-014111-1.jpg
1850	/s/a/sac-sport-angelic-girls-tiger-family-ref-ss201-f-0.jpg
1851	/s/a/sac-sport-tiger-family-ref-ss201-f-0.jpg
1852	/s/a/sac-sport-lightning-squard-tiger-family-ref-ss201-f-0.jpg
1853	/s/a/sac-sport-under-the-sea-tiger-family-ref-ss201-f-0.jpg
1854	/s/a/sac-sport-avec-poche-tiger-family-ref-ss202-f-0.jpg
1855	/s/a/sac-sport-avec-poche-sparkle-wishes-tiger-family-ref-ss202-f-0.jpg
1856	/s/a/sac-sport-avec-poche-striking-football-tiger-family-ref-ss202-g-0.jpg
1857	/s/a/sac-sport-avec-poche-tiger-family-ref-ss202-g-0.jpg
186	/t/a/taille-crayons-clean-grip-vert-maped-ref-014111-0.jpg
186	/t/a/taille-crayons-clean-grip-bleu-maped-ref-014111-1_1.jpg
187	/t/a/taille-crayons-clean-grip-bleu-turquoise-maped-ref-014111-0.jpg
187	/t/a/taille-crayons-clean-grip-bleu-maped-ref-014111-1_3.jpg
188	/t/a/taille-crayons-clean-grip-violet-maped-ref-014111-0.jpg
188	/t/a/taille-crayons-clean-grip-bleu-maped-ref-014111-1_1_1.jpg
189	/t/a/taille-crayons-clean-grip-maped-ref-014111-0.jpg
189	/t/a/taille-crayons-clean-grip-bleu-maped-ref-014111-1_2.jpg
1891509	/p/i/piquet-argente-a-sangle-retractable-rouge-techno-ref-3498_0.jpg
1891509	/p/i/piquet-argente-a-sangle-retractable-rouge-techno-ref-3498.jpg
1891509	/p/i/piquet-argente-a-sangle-retractable-rouge-techno-ref-3498_2.jpg
1896709	/r/e/recharge-stylo-roller-frixion-etui-de-03-pieces-rouge-pilot-ref-bls-fr7-r-s3-0.jpg
19	/p/a/palette-de-peinture-aquarelel-rose-ark-ref-313-0.jpg
190	/t/a/taille-crayons-clean-vert-maped-ref-030111-0.jpg
190	/t/a/taille-crayons-clean-vert-maped-ref-030111-1_1_1.jpg
191	/t/a/taille-crayons-clean-maped-ref-030111-0.jpg
191	/t/a/taille-crayons-clean-vert-maped-ref-030111-1_1.jpg
1921903	/p/a/papier-a-dessin-blanc-pochette-12-feuilles-24cmx32cm-220g-techno-ref-9153-0.jpg
1922003	/p/a/papier-a-dessin-blanc-pochette-06-feuilles-24cmx32cm-300g-techno-ref-9143-0.jpg
1922103	/c/a/calculatrice-scientifique-graphique-casio-ref-algebrafx2_0plus-0.jpg
1923103	/c/a/calculatrice-scientifique-non-programmable-ms-casio-ref-fx-82ms-0_1.jpg
1923803	/c/a/calculatrice-de-poche-casio-ref-lc-403tv-0.jpg
1928103	/p/a/papier-a-dessin-blanc-pochette-12-feuilles-24cmx32cm-techno--0.jpg
1929309	/p/a/papier-a-dessin-blanc-pochette-12f-a3-42x29_7-160g-techno-ref-9129.jpg
193	/t/a/taille-crayons-clean-rose-maped-ref-030111-0.jpg
193	/t/a/taille-crayons-clean-vert-maped-ref-030111-1.jpg
194	/t/a/taille-crayons-02-trous-vertical-vert-maped-ref-060211-0_1.jpg
194	/t/a/taille-crayons-02-trous-vertical-vert-maped-ref-060211-1_1.jpg
1942203	/p/e/perforateur-essentials-green-2trou-10-12f-maped-ref-451211_1.jpg
1942203	/p/e/perforateur-essentials-green-2trou-10-12f-maped-ref-451211_2.jpg
1943812	/s/t/stylo-a-bille-acroball-begreen-rouge-1_0mm-pilot-ref-bab-15m-r-bg-0.jpg
1945703	/c/r/crayons-couleurs-colorpeps-classic-de-48-couleurs-maped-ref-832048-0.jpg
1945704	/s/e/setacolor_opaque_45ml_olive_pebeo_ref_295083_1.jpg
1946503	/c/h/chemise-dossier-pliee-couleurs-paquet-de-50f-23x32cm-techno-ref-9202-0_1.jpg
195	/t/a/taille-crayons-02-trous-vertical-rose-maped-ref-060211-0_1_1.jpg
195	/t/a/taille-crayons-02-trous-vertical-rose-maped-ref-060211-1_1.jpg
1955803	/s/u/surligneur-4-couleurs-pocket-soft-sous-blister-maped-ref-742777.jpg
1959003	/s/t/stylo-magic-pen-noir-techno-ref-3801-0.jpg
1959103	/s/t/stylo-magic-pen-vert-techno-ref-3802-0.jpg
1959203	/s/t/stylo-magic-pen-rouge-techno-ref-3803-0.jpg
1959303	/r/e/recharge-magic-pen-bleu-techno-ref-3804-0.jpg
1959403	/r/e/recharge-magic-pen-noir-techno-ref-3805-0.jpg
1959503	/r/e/recharge-magic-pen-vert-techno-ref-3806-0.jpg
1959603	/r/e/recharge-magic-pen-rouge-techno-ref-3807-0.jpg
196	/t/a/taille-crayons-02-trous-vertical-maped-ref-060211-0_1.jpg
196	/t/a/taille-crayons-02-trous-vertical-bleu-maped-ref-060211-2_1.jpg
196	/t/a/taille-crayons-02-trous-vertical-bleu-maped-ref-060211-1_1.jpg
197	/t/a/taille-crayons-tonic-metallique-vert-maped-ref-506800-0.jpg
197	/t/a/taille-crayons-tonic-metallique-maped-ref-506800-0.jpg
198	/t/a/taille-crayons-tonic-metallique-bleu-maped-ref-506800-0.jpg
198	/t/a/taille-crayons-tonic-metallique-maped-ref-506800-0_1.jpg
1985504	/c/a/cahier-pique-17cmx22cm-seyes-70g-64-pages-maped-ref-9050-7.jpg
1985504	/c/a/cahier-pique-17cmx22cm-seyes-70g-64-pages-maped-ref-9050-8.jpg
1985504	/c/a/cahier-pique-17cmx22cm-seyes-70g-64-pages-maped-ref-9050-0.jpg
1985504	/c/a/cahier-pique-17cmx22cm-seyes-70g-64-pages-maped-ref-9050-1.jpg
1985504	/c/a/cahier-pique-17cmx22cm-seyes-70g-64-pages-maped-ref-9050-2.jpg
1985504	/c/a/cahier-pique-17cmx22cm-seyes-70g-64-pages-maped-ref-9050-3.jpg
1985504	/c/a/cahier-pique-17cmx22cm-seyes-70g-64-pages-maped-ref-9050-4.jpg
1985504	/c/a/cahier-pique-17cmx22cm-seyes-70g-64-pages-maped-ref-9050-5.jpg
1985504	/c/a/cahier-pique-17cmx22cm-seyes-70g-64-pages-maped-ref-9050-6.jpg
199	/t/a/taille-crayons-tonic-metallique-rouge-maped-ref-506800-0.jpg
199	/t/a/taille-crayons-tonic-metallique-maped-ref-506800-0_2.jpg
2	/p/a/papier-a-dessin-blanc-pochette-12-feuilles-24cmx32cm-120g-turtules-techno-ref-9249-0_1.jpg
2	/c/r/crayon-graphite-plastique-glitter-deco-hb-gomme-potx72-maped-ref-851805_7.jpg
2	/c/r/crayon-graphite-plastique-glitter-deco-hb-gomme-potx72-maped-ref-851805_0.jpg
2	/c/r/crayon-graphite-plastique-glitter-deco-hb-gomme-potx72-maped-ref-851805_1.jpg
2	/c/r/crayon-graphite-plastique-glitter-deco-hb-gomme-potx72-maped-ref-851805_2.jpg
2	/c/r/crayon-graphite-plastique-glitter-deco-hb-gomme-potx72-maped-ref-851805_3.jpg
2	/c/r/crayon-graphite-plastique-glitter-deco-hb-gomme-potx72-maped-ref-851805_4.jpg
2	/c/r/crayon-graphite-plastique-glitter-deco-hb-gomme-potx72-maped-ref-851805_6.jpg
20	/p/e/perforatuer-creatif-punchit-numeros-jeux-15-pieces-rose-techno-ref-5116-0.jpg
200	/t/a/taille-crayons-elements-vert-et-noir-maped-ref-501600-0_1_1.jpg
200006008	/b/l/bloc-50-fl-imagine-a4-200g-blanc-canson-ref-1140602638.jpg
201	/t/a/taille-crayons-elements-vert-et-noir-maped-ref-501600-0_1.jpg
201	/t/a/taille-crayons-elements-bleu-et-noir-maped-ref-501600-0_1.jpg
2012709	/j/e/jeux-de-pinceaux-de-06-pieces-techno-ref-3844-0.jpg
2012809	/j/e/jeux-de-pinceaux-de-06-pieces-techno-ref-3845-0.jpg
2019409	/b/o/boite-vide-ronde-en-papier-folia-ref-3320-0.jpg
2019509	/b/o/boite-vide-coeur-en-papier-folia-ref-3324-0.jpg
2019609	/b/o/boite-vide-hexagonal-en-papier-folia-ref-3323-0.jpg
202	/t/a/taille-crayons-elements-maped-ref-501600-0_1_1.jpg
2024409	/c/a/cartable-administratif-marron-techno-ref-3884-1.jpg
2024409	/c/a/cartable-administratif-marron-techno-ref-3884-2.jpg
2029609	/s/o/sous-chemise-dossier-pliee-couleurs-paquet-100f-22x31cm-techno-ref-9203-0.jpg
2035009	/c/a/calculatrice-de-poche-noir-casio-ref-hl-4a-w-0.jpg
204	/s/t/stylo-a-plume-reload-std-medium-vert-maped-ref-222712-0.jpg
204	/s/t/stylo-a-plume-reload-std-medium-maped-ref-222712-0.jpg
204309	/s/u/surligneur-fluo-boss-pochette-de-04-couleurs-stabilo-ref-70-4-0_2.jpg
2043309	/c/e/cerne-relief-tube-20ml-transparent-pebeo-ref-773620-1.jpg
2043309	/c/e/cerne-relief-tube-20ml-transparent-pebeo-ref-773620-2.jpg
2043409	/c/e/cerne-relief-tube-20ml-transparent-paill-pebeo-ref-775020-1.jpg
2043409	/c/e/cerne-relief-tube-20ml-transparent-paill-pebeo-ref-775020-2.jpg
205	/s/t/stylo-a-plume-reload-std-medium-rouge-maped-ref-222712-0.jpg
205	/s/t/stylo-a-plume-reload-std-medium-maped-ref-222712-0_1.jpg
2050009	/m/o/module-de-classement-de-04-tiroirs-noir-techno-ref-3868.jpg
2050109	/m/o/module-de-classement-de-04-tiroirs-gris-techno-ref-3867_1.jpg
2059509	/e/n/ensemble-de-tracage-03pieces-30cm-essentials-242-maped-ref-897121-0.jpg
2059803	/r/e/recharge-etiqueteuse-blanche-labemo-18mm-casio-ref-xa-18we1-1.jpg
2059803	/r/e/recharge-etiqueteuse-blanche-labemo-18mm-casio-ref-xa-18we1-0.jpg
206	/p/a/palette-de-peinture-aquarelel-rouge-ark-ref-313-0.jpg
207	/s/t/stylo-a-plume-classic-bleu-et-vert-maped-ref-222212-1.jpg
207	/s/t/stylo-a-plume-classic-bleu-et-vert-maped-ref-222212-0.jpg
207	/s/t/stylo-a-plume-classic-bleu-et-vert-maped-ref-222212-2.jpg
2074303	/t/o/toile-sur-chassis-hexagonal-280g-en-coton-techno--0.jpg
2079209	/f/e/feutre-pointe-fine-0_4mm-sous-blister-de-04-couleurs-graphpeps-maped-ref-749144-0_1.jpg
2079309	/f/e/feutre-pointe-fine-0_4-graph-peps-sous-blister-4-pcs-maped-ref-749143.jpg
2079709	/f/e/feutre-pointe-fine-0_4mm-graphpeps-bleu-sky-maped-ref-749106-0.jpg
2079709	/f/e/feutre-pointe-fine-0_4mm-graphpeps-bleu-sky-maped-ref-749106-1.jpg
2079709	/f/e/feutre-pointe-fine-0_4mm-graphpeps-bleu-sky-maped-ref-749106-2.jpg
2079909	/f/e/feutre-pointe-fine-0_4mm-graphpeps-orange-maped-ref-749116-0.jpg
2079909	/f/e/feutre-pointe-fine-0_4mm-graphpeps-orange-maped-ref-749116-1.jpg
2079909	/f/e/feutre-pointe-fine-0_4mm-graphpeps-orange-maped-ref-749116-2.jpg
208	/s/t/stylo-a-plume-classic-rouge-et-blanc-maped-ref-222212-1.jpg
208	/s/t/stylo-a-plume-classic-maped-ref-222212-0.jpg
208	/s/t/stylo-a-plume-classic-rouge-et-blanc-maped-ref-222212-2.jpg
2080509	/p/o/porte-mines-auto-0_5mm-vert-maped-ref-559533-0.jpg
2080509	/p/o/porte-mines-auto-0_5mm-vert-maped-ref-559533-1.jpg
2081109	/c/a/cahier-travaux-pratiques-pique-a4-seyes-70g-64-pages-maped-ref-9051-0.jpg
2081109	/c/a/cahier-travaux-pratiques-pique-a4-seyes-70g-64-pages-maped-ref-9051-1.jpg
2081109	/c/a/cahier-travaux-pratiques-pique-a4-seyes-70g-64-pages-maped-ref-9051-2.jpg
2081109	/c/a/cahier-travaux-pratiques-pique-a4-seyes-70g-64-pages-maped-ref-9051-3.jpg
2081109	/c/a/cahier-travaux-pratiques-pique-a4-seyes-70g-64-pages-maped-ref-9051-4.jpg
2081109	/c/a/cahier-travaux-pratiques-pique-a4-seyes-70g-64-pages-maped-ref-9051-5.jpg
2083109	/9/2/9295-01.jpg
2083109	/9/2/9295-02.jpg
2084209	/c/a/calculatrice-graphique-casio-ref-fx-9860gii-0.jpg
2084309	/c/a/calculatrice-graphique-casio-ref-fx-9750gii-0.jpg
2084609	/s/a/sans_titre-1.png
2084709	/f/e/feutre-tableau-blanc-04-pcs-sous-blister-maped-ref-743812-1.jpg
2086909	/r/u/ruban-adhesif-blanc-label-it-12mm-casio-ref-xr-12we1-0.jpg
2087009	/r/u/ruban-adhesif-blanc-label-it-18mm-casio-ref-xr-18we1-0.jpg
2087109	/r/u/ruban-adhesif-blanc-label-it-09mm-casio-ref-xr-9we1-0.jpg
209	/r/e/regle-souple-30cm-sous-blister-twistn-flex-vert-maped-ref-027900-0.jpg
2093709	/e/t/etiquettes-magique-footballeur-en-action-3d-herma-ref-6257-0.jpg
2094409	/e/t/etiquettes-glam-rocks-love-herma-ref-6647-0.jpg
2094509	/e/t/etiquettes-glam-rocks-bijoux-colores-herma-ref-6646-0.jpg
2099809	/8/6/864010_pa_fr_imresizer.jpg
210	/r/e/regle-souple-30cm-sous-blister-twistn-flex-bleu-maped-ref-027900-0.jpg
2100209	/8/3/836112_pa_box_imresizer.jpg
2100309	/s/u/surligneur-max-orange-maped-ref-742935.jpg
2100409	/s/u/surligneur-max-jaune-maped-ref-742934.jpg
2104011	/c/r/craie-blanche-de-10-boite-de-10-pieces-techno-ref-2606-0.jpg
2109709	/0/1/018310.jpg
2109909	/a/g/agrafeuse-advanced-half-strip-24-6-26-6-noir-maped-ref-354511-0.jpg
2109909	/a/g/agrafeuse-advanced-half-strip-24-6-26-6-noir-maped-ref-354511-1.jpg
211	/r/e/regle-souple-30cm-sous-blister-twistn-flex-maped-ref-027900-0.jpg
2110009	/a/g/agrafeuse-essential-half-strip-24-6-26-6-maped-ref-354311_0.jpg
2110009	/a/g/agrafeuse-essential-half-strip-24-6-26-6-maped-ref-354311_1.jpg
2110409	/s/t/stylo-a-bille-ice-s-b-de-04-pcs-maped-ref-224406.jpg
2116809	/3/7/37585_uhu_wood_30g_blister_hhr_en_es_ar_fr_549x1024px_j_nr-15048.gif
2118103	/r/a/rapporteur-180-12cm-essentials-maped-ref-146134-0.jpg
212	/r/e/regle-souple-20cm-sous-blister-twistn-flex-vert-maped-ref-279210-0.jpg
2123603	/b/o/boite-vide-etoile-en-papier-folia-ref-3325-0.jpg
2123903	/b/o/boite-vide-en-papier-folia--0.jpg
2124103	/p/a/papier-transparent-paquet-de-10f-18_5-x-29_7-cm-folia-ref-810.jpg
2124203	/p/a/papier-mousse-paquet-de-10-couleurs-20x29cm-folia-ref-231009.jpg
213	/r/e/regle-souple-20cm-sous-blister-twistn-flex-bleu-maped-ref-279210-0.jpg
214	/r/e/regle-souple-20cm-sous-blister-twistn-flex-maped-ref-279210-0.jpg
2143109	/c/o/corde-torsadee-doree-pour-piquet-embout-dore-techno-ref-1475.jpg
2146509	/a/c/acrylic-studio-tube-de-100ml-rouge-bleu-pebeo-ref-832354-0.jpg
2146609	/a/c/acrylic-studio-tube-de-100ml-orange-jaune-pebeo-ref-832353-0.jpg
2146709	/a/c/acrylic-studio-tube-de-100ml-violet-bleu-pebeo-ref-832356-0.jpg
2146809	/a/c/acrylic-studio-tube-de-100ml-bleu-vert-pebeo-ref-832357-0.jpg
2146909	/a/c/acrylic-studio-tube-de-100ml-vert-et-bleu-pebeo-ref-832358-0.jpg
2147009	/a/c/acrylic-studio-tube-de-100ml-vert-jaune-pebeo-ref-832359-0.jpg
2147109	/a/c/acrylic-studio-tube-de-100ml-bleu-noir-pebeo-ref-832360-0.jpg
215	/r/e/regle-30cm-kidygrip-sous-blister-bleu-maped-ref-278610-0.jpg
216	/r/e/regle-30cm-kidygrip-sous-blister-orange-maped-ref-278610-0.jpg
217	/r/e/regle-30cm-kidygrip-sous-blister-maped-ref-278610-0.jpg
217	/r/e/regle-30cm-kidygrip-sous-blister-vert-maped-ref-278610-1.jpg
218	/r/e/regle-20cm-kidygrip-sous-blister-bleu-maped-ref-278710-0.jpg
218	/r/e/regle-20cm-kidygrip-sous-blister-bleu-maped-ref-278710-1.jpg
2189209	/c/e/cerne_setacolor_3d_20ml_gloss_mandarine_pebeo_ref_557005.jpg
2189803	/c/o/colle-patafix-propower-21-pastilles-uhu-ref-40790-40891-40898-0_1.jpg
2189803	/c/o/colle-patafix-homedeco-32-pastilles-sous-blister-uhu-ref-47910-40660-2_1_1.jpg
2189803	/c/o/colle-patafix-homedeco-32-pastilles-sous-blister-uhu-ref-47910-40660-3_1_1.jpg
219	/r/e/regle-20cm-kidygrip-sous-blister-orange-maped-ref-278710-0.jpg
2190003	/c/o/colle-en-spray-3in1-200ml-uhu-ref-48900-0.jpg
2191403	/c/h/chainette-de-col-large-1_5-cm-blanc-techno-ref-3869.jpg
22	/p/e/perforatuer-creatif-punchit-lettres-jeux-26-pieces-rose-techno-ref-5117-0_1.jpg
220	/r/e/regle-20cm-kidygrip-sous-blister-maped-ref-278710-0.jpg
2203903	/c/a/cahier-pique-17cmx22cm-seyes-70g-96-pages-maped-ref-9039-5.jpg
2203903	/c/a/cahier-pique-17cmx22cm-seyes-70g-96-pages-maped-ref-9039-2.jpg
2203903	/c/a/cahier-pique-17cmx22cm-seyes-70g-96-pages-maped-ref-9039-3.jpg
2203903	/c/a/cahier-pique-17cmx22cm-seyes-70g-96-pages-maped-ref-9039-4.jpg
2203903	/c/a/cahier-pique-17cmx22cm-seyes-70g-96-pages-maped-ref-9039-6.jpg
2203903	/c/a/cahier-pique-17cmx22cm-seyes-70g-96-pages-maped-ref-9039-1.jpg
2204103	/c/a/cahier-pique-17cmx22cm-seyes-70g-32-pages-maped-ref-9047-9.jpg
2204103	/c/a/cahier-pique-17cmx22cm-seyes-70g-32-pages-maped-ref-9047-8.jpg
2204103	/c/a/cahier-pique-17cmx22cm-seyes-70g-32-pages-maped-ref-9047-7.jpg
2204103	/c/a/cahier-pique-17cmx22cm-seyes-70g-32-pages-maped-ref-9047-6.jpg
2204103	/c/a/cahier-pique-17cmx22cm-seyes-70g-32-pages-maped-ref-9047-5.jpg
2204103	/c/a/cahier-pique-17cmx22cm-seyes-70g-32-pages-maped-ref-9047-4.jpg
2204103	/c/a/cahier-pique-17cmx22cm-seyes-70g-32-pages-maped-ref-9047-3.jpg
2204103	/c/a/cahier-pique-17cmx22cm-seyes-70g-32-pages-maped-ref-9047-2.jpg
2204103	/c/a/cahier-pique-17cmx22cm-seyes-70g-32-pages-maped-ref-9047-1.jpg
2204103	/c/a/cahier-pique-17cmx22cm-seyes-70g-32-pages-maped-ref-9047-0.jpg
2204303	/c/a/cahier-pique-17cmx22cm-seyes-70g-48-pages-maped-ref-9049-0.jpg
2204303	/c/a/cahier-pique-17cmx22cm-seyes-70g-48-pages-maped-ref-9049-1.jpg
2204303	/c/a/cahier-pique-17cmx22cm-seyes-70g-48-pages-maped-ref-9049-2.jpg
2204303	/c/a/cahier-pique-17cmx22cm-seyes-70g-48-pages-maped-ref-9049-3.jpg
2204403	/c/a/cahier-pique-17cmx22cm-seyes-70g-120-pages-maped-ref-9040-6.jpg
2204403	/c/a/cahier-pique-17cmx22cm-seyes-70g-120-pages-maped-ref-9040-7.jpg
2204403	/c/a/cahier-pique-17cmx22cm-seyes-70g-120-pages-maped-ref-9040-8.jpg
2204403	/c/a/cahier-pique-17cmx22cm-seyes-70g-120-pages-maped-ref-9040-9.jpg
2204403	/c/a/cahier-pique-17cmx22cm-seyes-70g-120-pages-maped-ref-9040-0.jpg
2204403	/c/a/cahier-pique-17cmx22cm-seyes-70g-120-pages-maped-ref-9040-1.jpg
2204403	/c/a/cahier-pique-17cmx22cm-seyes-70g-120-pages-maped-ref-9040-2.jpg
2204403	/c/a/cahier-pique-17cmx22cm-seyes-70g-120-pages-maped-ref-9040-3.jpg
2204403	/c/a/cahier-pique-17cmx22cm-seyes-70g-120-pages-maped-ref-9040-4.jpg
2204403	/c/a/cahier-pique-17cmx22cm-seyes-70g-120-pages-maped-ref-9040-5.jpg
2204503	/c/a/cahier-travaux-pratiques-pique-17cmx22cm-seyes-70g-64-pages-maped-ref-9052-0.jpg
2204503	/c/a/cahier-travaux-pratiques-pique-17cmx22cm-seyes-70g-64-pages-maped-ref-9052-1.jpg
2204503	/c/a/cahier-travaux-pratiques-pique-17cmx22cm-seyes-70g-64-pages-maped-ref-9052-2.jpg
2204503	/c/a/cahier-travaux-pratiques-pique-17cmx22cm-seyes-70g-64-pages-maped-ref-9052-3.jpg
2204603	/c/a/cahier-travaux-pratiques-pique-a4-seyes-70g-96-pages-maped-ref-9281-1.jpg
2204603	/c/a/cahier-travaux-pratiques-pique-a4-seyes-70g-96-pages-maped-ref-9281-3.jpg
2204603	/c/a/cahier-travaux-pratiques-pique-a4-seyes-70g-96-pages-maped-ref-9281-2.jpg
2204703	/c/o/copies-doubles-96-pages-seyes-70g-17cmx22cm-maped-ref-9062-0.jpg
2204703	/c/o/copies-doubles-96-pages-seyes-70g-17cmx22cm-maped-ref-9062-1.jpg
2204703	/c/o/copies-doubles-96-pages-seyes-70g-17cmx22cm-maped-ref-9062-2.jpg
2204703	/c/o/copies-doubles-96-pages-seyes-70g-17cmx22cm-maped-ref-9062-3.jpg
2204803	/r/e/registre-02-maines-192-pages-05mmx05mm-70g-a4-maped-ref-9285-2_1.jpg
2204803	/r/e/registre-02-maines-192-pages-05mmx05mm-70g-a4-maped-ref-9285-1_1.jpg
2204803	/r/e/registre-02-maines-192-pages-05mmx05mm-70g-a4-maped-ref-9285-3_1.jpg
2204803	/r/e/registre-02-maines-192-pages-05mmx05mm-70g-a4-maped-ref-9285-4_1.jpg
2204903	/r/e/registre-a4-05mmx05mm-70g-03-mains-maped-ref-9286-4.jpg
2204903	/r/e/registre-a4-05mmx05mm-70g-03-mains-maped-ref-9286-3.jpg
2204903	/r/e/registre-a4-05mmx05mm-70g-03-mains-maped-ref-9286-2.jpg
2204903	/r/e/registre-a4-05mmx05mm-70g-03-mains-maped-ref-9286-1.jpg
220809	/s/u/surligneur-rose-pocket-soft-maped-ref-742736_1.jpg
220809	/s/u/surligneur-rose-pocket-soft-maped-ref-742736_2.jpg
2208203	/r/e/registre-a4-05mmx05mm-70g-04-mains-maped-ref-9287-0.jpg
2208203	/r/e/registre-a4-05mmx05mm-70g-04-mains-maped-ref-9287-1.jpg
2208203	/r/e/registre-a4-05mmx05mm-70g-04-mains-maped-ref-9287-2.jpg
2210503	/s/e/setacolor_opaque_45ml_rouge_pebeo_ref_295080.jpg
2211003	/s/e/setacolor_opaque_45ml_gris_pebeo_ref_295091.jpg
2211303	/s/e/setacolor_opaque_45ml_framboise_pebeo_ref_295081.jpg
2213203	/s/e/setacolor_opaque_45ml_vert_vegetal_pebeo_ref_295082_1.jpg
2218103	/r/e/registre-02-maines-192-pages-05mmx05mm-70g-17cmx22cm-maped-ref-9289-0.jpg
2218103	/r/e/registre-02-maines-192-pages-05mmx05mm-70g-17cmx22cm-maped-ref-9289-1.jpg
2218103	/r/e/registre-02-maines-192-pages-05mmx05mm-70g-17cmx22cm-maped-ref-9289-2.jpg
2218103	/r/e/registre-02-maines-192-pages-05mmx05mm-70g-17cmx22cm-maped-ref-9289-3.jpg
2218203	/n/o/note-book-reliure-integrale-200p-a4-05mmx05mm-70g-maped-ref-9291-1.jpg
2218203	/n/o/note-book-reliure-integrale-200p-a4-05mmx05mm-70g-maped-ref-9291-2.jpg
2218203	/n/o/note-book-reliure-integrale-200p-a4-05mmx05mm-70g-maped-ref-9291-0.jpg
2218203	/n/o/note-book-reliure-integrale-200p-a4-05mmx05mm-70g-maped-ref-9291-3.jpg
2226803	/f/e/feutre-pointe-fine-0_4mm-graphpeps-vert-pomme-maped-ref-749114-1.jpg
2226803	/f/e/feutre-pointe-fine-0_4mm-graphpeps-vert-pomme-maped-ref-749114-2.jpg
2226903	/f/e/feutre-pointe-fine-0_4mm-graphpeps-vert-maped-ref-749113-0.jpg
2226903	/f/e/feutre-pointe-fine-0_4mm-graphpeps-vert-maped-ref-749113-1.jpg
2226903	/f/e/feutre-pointe-fine-0_4mm-graphpeps-vert-maped-ref-749113-2.jpg
2227003	/f/e/feutre-pointe-fine-0_4mm-graphpeps-rose-maped-ref-749118-0.jpg
2227003	/f/e/feutre-pointe-fine-0_4mm-graphpeps-rose-maped-ref-749118-1.jpg
2227003	/f/e/feutre-pointe-fine-0_4mm-graphpeps-rose-maped-ref-749118-2.jpg
2227203	/f/e/feutre-pointe-fine-0_4-mm-graphpeps-bleu-lagoon-maped-ref-749105-2.jpg
2227203	/f/e/feutre-pointe-fine-0_4-mm-graphpeps-bleu-lagoon-maped-ref-749105-1.jpg
2227403	/f/e/feutre-pointe-fine-0_4mm-graphpeps-rouge-maped-ref-749117-0.jpg
2227403	/f/e/feutre-pointe-fine-0_4mm-graphpeps-rouge-maped-ref-749117-1.jpg
2227403	/f/e/feutre-pointe-fine-0_4mm-graphpeps-rouge-maped-ref-749117-2.jpg
2227503	/f/e/feutre-pointe-fine-0_4mm-graphpeps-violet-maped-ref-749108-0.jpg
2227503	/f/e/feutre-pointe-fine-0_4mm-graphpeps-violet-maped-ref-749108-1.jpg
2227503	/f/e/feutre-pointe-fine-0_4mm-graphpeps-violet-maped-ref-749108-2.jpg
2227603	/f/e/feutre-pointe-fine-0_4mm-graphpeps-bleu-maped-ref-749120-0.jpg
2227603	/f/e/feutre-pointe-fine-0_4mm-graphpeps-bleu-maped-ref-749120-1.jpg
2227603	/f/e/feutre-pointe-fine-0_4mm-graphpeps-bleu-maped-ref-749120-2.jpg
2227703	/f/e/feutre-pointe-fine-0_4-mm-graphpeps-noir-maped-ref-749111-2.jpg
2227703	/f/e/feutre-pointe-fine-0_4-mm-graphpeps-noir-maped-ref-749111-1.jpg
223	/r/a/rapporteur-180-10cm-sous-blister-twistn-flex-vert-maped-ref-279810-0.jpg
2230203	/c/o/copies-doubles-96-pages-seyes-70g-a4-maped-ref-9314-1.jpg
2230203	/c/o/copies-doubles-96-pages-seyes-70g-a4-maped-ref-9314-2.jpg
2230203	/c/o/copies-doubles-96-pages-seyes-70g-a4-maped-ref-9314-3.jpg
2230303	/s/u/surligneur-classic-en-pochette-de-04-maped-ref-742547.jpg
2230403	/s/u/surligneur-max-pochette-de-04-couleurs-maped-ref-742947.jpg
224	/r/a/rapporteur-180-10cm-sous-blister-twistn-flex-bleu-maped-ref-279810-0.jpg
225	/r/a/rapporteur-180-10cm-sous-blister-twistn-flex-maped-ref-279810-0.jpg
2256303	/c/a/calculatrice-financiere-casio-ref-fc-100v-0.jpg
2257003	/e/t/etiqueteuse-electronique-label-it-casio-ref-kl-820-w-1.jpg
2257003	/e/t/etiqueteuse-electronique-label-it-casio-ref-kl-820-w-0.jpg
2268703	/s/t/stylo-a-bille-ice-clic-noir-maped-ref-225335_1.jpg
2268703	/s/t/stylo-a-bille-ice-clic-noir-maped-ref-225335_2.jpg
2268803	/s/t/stylo-a-bille-ice-clic-bleu-maped-ref-225334-3.jpg
2268803	/s/t/stylo-a-bille-ice-clic-bleu-maped-ref-225334-1.jpg
2269903	/c/o/colle-contact-liquide-hhr-33ml-sous-blister-uhu-ref-37625-0.jpg
2269903	/c/o/colle-contact-liquide-hhr-33ml-sous-blister-uhu-ref-37625-2.jpg
2269903	/c/o/colle-contact-liquide-hhr-33ml-sous-blister-uhu-ref-37625-3.jpg
2270203	/c/o/colle-epoxy-quick-set-en-sereingue-hhr-14ml-sous-blister-uhu-ref-37545-0.jpg
2270203	/c/o/colle-epoxy-quick-set-en-sereingue-hhr-14ml-sous-blister-uhu-ref-37545-2.jpg
2270203	/c/o/colle-epoxy-quick-set-en-sereingue-hhr-14ml-sous-blister-uhu-ref-37545-3.jpg
2270403	/c/o/colle-epoxy-ultra-strong-hhr-2x10ml-sous-blister-uhu-ref-37550-0.jpg
2270403	/c/o/colle-epoxy-ultra-strong-hhr-2x10ml-sous-blister-uhu-ref-37550-2.jpg
2270403	/c/o/colle-epoxy-ultra-strong-hhr-2x10ml-sous-blister-uhu-ref-37550-3.jpg
2270403	/c/o/colle-epoxy-ultra-strong-hhr-2x10ml-sous-blister-uhu-ref-37550-4.jpg
2271503	/c/o/colle-all-plastics-hhr-en-tube-de-33ml-uhu-ref-37595.jpg
2272003	/c/o/correcteur-a-ruban-05mmx10m-sous-blister-uhu-ref-50365-0.jpg
2272003	/c/o/correcteur-a-ruban-05mmx10m-sous-blister-uhu-ref-50365-2.jpg
2272003	/c/o/correcteur-a-ruban-05mmx10m-sous-blister-uhu-ref-50365-3.jpg
2272003	/c/o/correcteur-a-ruban-05mmx10m-sous-blister-uhu-ref-50365-4.jpg
2272003	/c/o/correcteur-a-ruban-05mmx10m-sous-blister-uhu-ref-50365-5.jpg
2272003	/c/o/correcteur-a-ruban-05mmx10m-sous-blister-uhu-ref-50365-6.jpg
2272003	/c/o/correcteur-a-ruban-05mmx10m-sous-blister-uhu-ref-50365-7.jpg
2272003	/c/o/correcteur-a-ruban-05mmx10m-sous-blister-uhu-ref-50365-8.jpg
2283711	/c/r/crayon-graphite-mini-hbx3-sous-blister-blackpeps-maped-ref-850211-0.jpg
2285411	/9/6/967430.jpg
2285411	/9/6/967430-1.jpg
2288103	/c/r/crayons-pastel-24-pcs-maped-ref-864012.jpg
2288103	/c/r/crayons-pastel-24-pcs-maped-ref-864012_1.jpg
2288103	/c/r/crayons-pastel-24-pcs-maped-ref-864012_2.jpg
2296011	/t/o/toile-sur-chassis-hexagonal-280g-en-coton-techno--0_1.jpg
2296111	/t/o/toile-sur-chassis-triangulair-280g-en-coton-techno--0.jpg
2296211	/3/8/3810.jpg
23	/p/e/perforatuer-creatif-punchit-lettres-jeux-26-pieces-techno-ref-5117-0.jpg
230	/m/a/mallette-de-coloriagevert-maped-ref-897416-0.jpg
2305108	/p/a/papier-millimetre-70g-pochette-12-feuilles-a4-avec-21_5x31_5cm-techno-ref-9136-1.jpg
2305108	/p/a/papier-millimetre-70g-pochette-12-feuilles-a4-avec-21_5x31_5cm-techno-ref-9136-2.jpg
2305108	/p/a/papier-millimetre-70g-pochette-12-feuilles-a4-avec-21_5x31_5cm-techno-ref-9136-0.jpg
231	/m/a/mallette-de-coloriage-maped-ref-897416-0.jpg
232	/g/o/gomme-technic-duobleu-et-noir-maped-ref-106311-0.jpg
232	/g/o/gomme-technic-duo-maped-ref-106311-0.jpg
233	/g/o/gomme-technic-duo_rouge-et-noir-maped-ref-106311.jpg
2337811	/r/e/recharge-etiqueteuse-electronique-labemo-casio--0_1.jpg
2337811	/r/e/recharge-etiqueteuse-blanc-labemo-09mm-casio-ref-xa-9we1-1_1.jpg
2337911	/r/e/recharge-etiqueteuse-blanche-labemo-12mm-casio-ref-xa-12we1-1.jpg
2337911	/r/e/recharge-etiqueteuse-blanche-labemo-12mm-casio-ref-xa-12we1-0_1.jpg
2340908	/c/a/cahier-piqure-17cmx22cm-96-pages-90g-gris-conquerant--ref-400002772--000194-0.jpg
2341008	/c/a/cahier-piqure-17cmx22cm-96-pages-90g-rose-conquerant--ref-400002770--000189-0.jpg
235	/g/o/gomme-pyramide-en-motifs-rock-maped-ref-119511-0.jpg
236	/g/o/gomme-pyramide-en-motifs-comics-maped-ref-119511-0.jpg
237	/g/o/gomme-pyramide-en-motifs-maped-ref-119511-0.jpg
238	/g/o/gomme-precision-bleu-maped-ref-511100-0.jpg
239	/g/o/gomme-precision-maped-ref-511100-0.jpg
2391111	/s/t/stylo-correcteur-tete-en-metal-de-07ml-corp-blanc-techno-ref-3630-0.jpg
24	/p/e/perforatuer-creatif-punchit-forme-diver-jeux-08-pieces-rose-techno-ref-5118-0.jpg
240	/g/o/gomme-essentials-vert-maped-ref-112921-0.jpg
241	/g/o/gomme-essentials-violet-maped-ref-112921-0.jpg
2413811	/c/a/cahier-pique-17cmx22cm-seyes-70g-192-pages-maped-ref-9044-0.jpg
2413811	/c/a/cahier-pique-17cmx22cm-seyes-70g-192-pages-maped-ref-9044-2.jpg
2413811	/c/a/cahier-pique-17cmx22cm-seyes-70g-192-pages-maped-ref-9044-3.jpg
2413811	/c/a/cahier-pique-17cmx22cm-seyes-70g-192-pages-maped-ref-9044-1.jpg
242	/g/o/gomme-essentials-bleu-maped-ref-112921-0.jpg
2426011	/p/o/porte-mines-auto-0_5mm-bleu-maped-ref-559530-1.jpg
243	/g/o/gomme-essentials-rose-maped-ref-112921-0.jpg
2436011	/p/e/peinture_vitrail_de_45ml_vert_clair_pebeo_ref_50042.jpg
2436211	/p/e/peinture_vitrea_160_45ml_argent_moire_pebeo_ref_113066.jpg
2443811	/f/e/feutre-pointe-fine-0_4mm-graphpeps-vert-fonce-maped-ref-749119-0.jpg
2443911	/f/e/feutre-pointe-fine-0_4mm-graphpeps-marron-maped-ref-749112-0.jpg
2443911	/f/e/feutre-pointe-fine-0_4mm-graphpeps-marron-maped-ref-749112-1.jpg
2443911	/f/e/feutre-pointe-fine-0_4mm-graphpeps-marron-maped-ref-749112-2.jpg
2444011	/f/e/feutre-pointe-fine-0_4-mm-graphpeps-vert-jungle-maped-ref-749125-2.jpg
2444011	/f/e/feutre-pointe-fine-0_4-mm-graphpeps-vert-jungle-maped-ref-749125-1.jpg
2444111	/f/e/feutre-pointe-fine-0_4mm-graphpeps-gris-maped-ref-749123-1.jpg
2444211	/f/e/feutre-pointe-fine-0_4-mm-graphpeps-guimauve-maped-ref-749103-2.jpg
2444211	/f/e/feutre-pointe-fine-0_4-mm-graphpeps-guimauve-maped-ref-749103.jpg
2444311	/f/e/feutre-pointe-fine-0_4-mm-graphpeps-rose-fonce-maped-ref-749126-1.jpg
2444311	/f/e/feutre-pointe-fine-0_4-mm-graphpeps-rose-fonce-maped-ref-749126-2.jpg
2444411	/f/e/feutre-pointe-fine-0_4mm-graphpeps-jaune-maped-ref-749115-0.jpg
2444411	/f/e/feutre-pointe-fine-0_4mm-graphpeps-jaune-maped-ref-749115-1.jpg
2444511	/f/e/feutre-pointe-fine-0_4mm-graphpeps-dune-maped-ref-749124-0.jpg
2444511	/f/e/feutre-pointe-fine-0_4mm-graphpeps-dune-maped-ref-749124-1.jpg
2444611	/f/e/feutre-pointe-fine-0_4-mm-graphpeps-vert-clair-maped-ref-749122-2.jpg
2444611	/f/e/feutre-pointe-fine-0_4-mm-graphpeps-vert-clair-maped-ref-749122-1.jpg
2454611	/c/r/crayon-plastique-24-pcs-maped-ref-862013-1.jpg
2454611	/c/r/crayon-plastique-24-pcs-maped-ref-862013-2_1.jpg
2462211	/c/o/colle-forte-super-glue-gel-hhr-3ml-sous-blister-uhu-ref-37615-0.jpg
2462211	/c/o/colle-forte-super-glue-gel-hhr-3ml-sous-blister-uhu-ref-37615-2.jpg
2462211	/c/o/colle-forte-super-glue-gel-hhr-3ml-sous-blister-uhu-ref-37615-3.jpg
247	/e/q/equerre-souple-twistn-flex-60_-15cm-sous-blister-vert-maped-ref-279410-0_1.jpg
248	/e/q/equerre-souple-twistn-flex-60-15cm-sous-blister-bleu-maped-ref-279410-0_2.jpg
2489112	/j/e/jetons-educatifs-22mm-techno-ref-9238-0.jpg
2489212	/b/u/buchettes-educatives-60mm-techno-ref-9239-0_1.jpg
249	/e/q/equerre-souple-twistn-flex-60-15cm-sous-blister-maped-ref-279410-0_2.jpg
25	/p/e/perforatuer-creatif-punchit-forme-diver-jeux-08-pieces-bleu-techno-ref-5118-0.jpg
250	/e/n/ensemble-geometrique-04-pieces-30cm-study-shock-resist-rose-maped-ref-897147-0.jpg
2500012	/s/i/siccatif-au-cobalt-flacon-de-75ml-pebeo-ref-650501-0.jpg
2500112	/s/i/siccatif-de-courtrai-flacon-de-75ml-pebeo-ref-650401-0.jpg
2503312	/t/u/tube-telescopique-diam-10_5-cm-long-75-cm-techno-ref-3798.jpg
251	/e/n/ensemble-geometrique-04-pieces-30cm-study-shock-resist-maped-ref-897147-0.jpg
2511612	/c/o/colle-glue-pen-50ml-uhu-ref-2606-97-0_1.jpg
2511612	/c/o/colle-glue-pen-50ml-uhu-ref-2606-97-2_1.jpg
2511612	/c/o/colle-glue-pen-50ml-uhu-ref-2606-97-3_1.jpg
2516712	/f/u/fusains-tendre-5-6-mm-bte-de-06-pcs-pebeo-ref-383110.jpg
2516912	/h/u/huile-fine-xl-etui-de-12-de-12ml-pebeo-ref-668100-0.jpg
2517012	/j/e/jeux-de-pinceaux-plat-et-rond-08-pieces-poly-dore-pebeo-ref-951160-0.jpg
2517812	/r/o/rouleaux-toile-coton-410g-5m-x-2_22m-pebeo-ref-793522.jpg
2517912	/h/u/huile-fine-xl-20ml-studio-boite-de-40-tubes-pebeo-ref-920241-0.jpg
252	/e/n/ensemble-de-tracage-04-pieces-30cm-tatoo-paris-maped-ref-231066-0.jpg
2520312	/e/t/etui-mines-10-mines-02mm-sous-blister-maped-ref-134210-0.jpg
2521308	/f/e/feutre-jungle-sous-blister-de-12-couleurs-colorpeps-maped-ref-845445-0.jpg
2521308	/f/e/feutre-jungle-sous-blister-de-12-couleurs-colorpeps-maped-ref-845445-1.jpg
253	/e/n/ensemble-de-tracage-04-pieces-30cm-tatoo-comics-maped-ref-231066-0.jpg
2530708	/s/t/stylo-a-bille-ice-noir-corps-transparent-maped-ref-224431_1.jpg
2530708	/s/t/stylo-a-bille-ice-noir-corps-transparent-maped-ref-224431_2.jpg
254	/e/n/ensemble-de-tracage-04-pieces-30cm-tatoo-rock-maped-ref-231066-0.jpg
2541708	/c/a/cahier-piqure-24cmx32cm-96-pages-90g-unicolor-conquerant--ref-021795-0.jpg
2542612	/a/c/acrylic-studio-gel-brillant-tube-de-100-ml-pebeo-ref-524170.jpg
2543408	/p/a/pastel-carre-dur-boite-de-24-pcs-china-ref-400350.jpg
255	/e/n/ensemble-de-tracage-04-pieces-20cm-unbreakable-bleu-maped-ref-981703-0.jpg
2550208	/a/g/agrafeuse-expert-half-strip-maped-ref-450810-0.jpg
2550208	/a/g/agrafeuse-expert-half-strip-maped-ref-450810-1.jpg
2550208	/a/g/agrafeuse-expert-half-strip-maped-ref-450810-2.jpg
2550208	/a/g/agrafeuse-expert-half-strip-maped-ref-450810-3.jpg
256	/e/n/ensemble-de-tracage-04-pieces-20cm-unbreakable-maped-ref-981703-0.jpg
256209	/s/t/stylo-roller-a-encre-liquide-v5-hi-tecpoint-rouge-0_5mm-pilot-ref-bx-v5-r-0.jpg
2568412	/s/e/setasilk-flacon-45-ml-vert-mousse-pebeo-ref-181019.jpg
2568812	/s/e/setasilk-flacon-45-ml-marine-pebeo-ref-181011.jpg
2569212	/s/e/setasilk-flacon-45-ml-gris-argent-pebeo-ref-181025.jpg
2569812	/s/e/setasilk-flacon-45-ml-iris-pebeo-ref-181010.jpg
257	/e/n/ensemble-de-tracage-04-pieces-30cm-twistn-flex-rose-maped-ref-897157-0.jpg
2570112	/s/e/setasilk-flacon-45-ml-magenta-pebeo-ref-181007.jpg
2570312	/s/e/setasilk-flacon-45-ml-prune-pebeo-ref-181009.jpg
258	/e/n/ensemble-de-tracage-04-pieces-30cm-twistn-flex-vert-maped-ref-897157-0.jpg
2582212	/p/a/papier-ondule-marron-50-x-70-cm-folia-ref-741145-85.jpg
259	/e/n/ensemble-de-tracage-04-pieces-30cm-twistn-flex-maped-ref-897157-0.jpg
2593712	/s/t/stylo-roller-a-encre-liquide-v7-hi-tecpoint-0_7mm-noir-pilot-ref-bx-v7-b-0.jpg
26	/p/e/perforatuer-creatif-punchit-50mm-feuille-darbre-techno-ref-5115-0.jpg
260	/e/n/ensemble-de-tracage-04-pieces-20cm-twistn-flex-vert-maped-ref-897158-0.jpg
2602408	/p/a/papier-ondule-rouge-50-x-70-cm-folia-ref-741145-20.jpg
2608408	/e/t/etiqueteuse-electronique-labemo-casio-ref-mep-k10-1.jpg
2608408	/e/t/etiqueteuse-electronique-labemo-casio-ref-mep-k10-5.jpg
2608408	/e/t/etiqueteuse-electronique-labemo-casio-ref-mep-k10-2.jpg
261	/e/n/ensemble-de-tracage-04-pieces-20cm-twistn-flex-bleu-maped-ref-897158-0.jpg
2611408	/6/9/692310_pa_cb_imresizer.jpg
2618808	/p/e/peinture-studio-gouache-etui-12-tube-de-12ml-pebeo-ref-668300-0.jpg
262	/e/n/ensemble-de-tracage-04-pieces-20cm-twistn-flex-maped-ref-897158-0.jpg
2626308	/s/e/setacolor_opaque_moire_45ml_amethyste_pebeo_ref_295039.jpg
263	/c/r/crayons-couleurs-de-12-couleurs-smart-boxe-avec-03-fluo-bleu-maped-ref-832032-1.jpg
263	/c/r/crayons-couleurs-de-12-couleurs-smart-boxe-avec-03-fluo-maped-ref-832032-0_1.jpg
263	/c/r/crayons-couleurs-de-12-couleurs-smart-boxe-avec-03-fluo-bleu-maped-ref-832032-2_2.jpg
264	/c/r/crayons-couleurs-de-12-couleurs-smart-boxe-avec-03-fluo-violet-maped-ref-832032-0.jpg
264	/c/r/crayons-couleurs-de-12-couleurs-smart-boxe-avec-03-fluo-violet-maped-ref-832032-1.jpg
264	/c/r/crayons-couleurs-de-12-couleurs-smart-boxe-avec-03-fluo-bleu-maped-ref-832032-2_1.jpg
265	/c/r/crayons-couleurs-de-12-couleurs-flex-box-bleu-maped-ref-683212-0.jpg
265	/c/r/crayons-couleurs-de-12-couleurs-flex-box-bleu-maped-ref-683212-1.jpg
2651212	/c/a/cahier-travaux-pratiques-pique-17cmx22cm-seyes-70g-96-pages-maped-ref-9280-1.jpg
2651212	/c/a/cahier-travaux-pratiques-pique-17cmx22cm-seyes-70g-96-pages-maped-ref-9280-3.jpg
2651212	/c/a/cahier-travaux-pratiques-pique-17cmx22cm-seyes-70g-96-pages-maped-ref-9280-2.jpg
266	/c/r/crayons-couleurs-de-12-couleurs-flex-box-violet-maped-ref-683212-2.jpg
266	/c/r/crayons-couleurs-de-12-couleurs-flex-box-violet-maped-ref-683212-1.jpg
267	/c/r/crayons-couleurs-de-12-couleurs-boite-en-metal-tatoo-pirates-maped-ref-832037-0.jpg
2670012	/c/a/cahier-de-texte-double-spirale-100-pages-17cmx22cm-seyes-90g-maped-ref-9297-1.jpg
2670012	/c/a/cahier-de-texte-double-spirale-100-pages-17cmx22cm-seyes-90g-maped-ref-9297-2.jpg
2670012	/c/a/cahier-de-texte-double-spirale-100-pages-17cmx22cm-seyes-90g-maped-ref-9297-3.jpg
2670012	/c/a/cahier-de-texte-double-spirale-100-pages-17cmx22cm-seyes-90g-maped-ref-9297-0.jpg
2675812	/s/u/surligneur-bleu-pocket-soft-maped-ref-742730_1.jpg
2675812	/s/u/surligneur-bleu-pocket-soft-maped-ref-742730_2.jpg
268	/c/r/crayons-couleurs-de-12-couleurs-boite-en-metal-tatoo-maped-ref-832037-0.jpg
2680612	/m/e/medium-a-peindre-flacon-de-75ml-pebeo-ref-650601-0.jpg
2681112	/8/4/845022_pa_fr_imresizer.jpg
2681212	/f/e/feutre-jungle-colors-peps-24-couleurs-maped-ref-845422-0.jpg
2683208	/p/o/porte-mines-auto-0_5mm-rose-maped-ref-559536-0.jpg
2683208	/p/o/porte-mines-auto-0_5mm-rose-maped-ref-559536-1.jpg
2685408	/p/e/peinture_vitrail_de_45ml_jaune_ble_pebeo_ref_50040.jpg
2685708	/p/e/peinture_vitrail_de_45ml_clementine_pebeo_ref_50046.jpg
2687812	/c/a/cahier-piqure-24cmx32cm-96-pages-90g-orange-conquerant--ref-021696-0.jpg
2688908	/s/u/surligneur-max-vert-maped-ref-742933.jpg
2689008	/s/u/surligneur-max-rose-maped-ref-742936.jpg
2692608	/p/e/peinture-gouache-boite-de-10-tubes-de-10ml-pebeo-ref-678000-0.jpg
2696808	/c/a/cahier-piqure-24cmx32cm-96-pages-90g-rouge-conquerant--ref-100104919--021693-0.jpg
2697108	/c/a/calculatrice-scientifique-417-fonctions-casio-ref-fx-570esplus-0.jpg
2697108	/c/a/calculatrice-scientifique-417-fonctions-casio-ref-fx-570esplus-1.jpg
2697408	/c/a/calculatrice-graphique-casio-ref-fx-7400gii-0.jpg
27	/p/e/perforatuer-creatif-punchit-50mm-nounours-techno-ref-5115-0.jpg
2710312	/a/l/album-a-dessin-aquarelle-30f-a4-300g-grain-fin-canson-ref-039170.jpg
2710312	/a/l/album-a-dessin-aquarelle-30f-a4-300g-grain-fin-canson-ref-039170-1.jpg
2716912	/d/e/devidoir-de-ruban-adhesif-fix-max-avec-ruban-adhesif-maped-ref-575200-3.jpg
2716912	/d/e/devidoir-de-ruban-adhesif-fix-max-avec-ruban-adhesif-maped-ref-575200-2.jpg
2716912	/d/e/devidoir-de-ruban-adhesif-fix-max-avec-ruban-adhesif-maped-ref-575200.jpg
2724308	/c/o/colle-heavy-duty-adhesive-hhr-sous-blister-uhu-ref-37580-0.jpg
2724308	/c/o/colle-heavy-duty-adhesive-hhr-sous-blister-uhu-ref-37580-2.jpg
2724308	/c/o/colle-heavy-duty-adhesive-hhr-sous-blister-uhu-ref-37580-4.jpg
2724308	/c/o/colle-heavy-duty-adhesive-hhr-sous-blister-uhu-ref-37580-5.jpg
2724308	/c/o/colle-heavy-duty-adhesive-hhr-sous-blister-uhu-ref-37580-3.jpg
27503	/g/o/gomme-technic-300-maped-ref-011301-0_1.jpg
2779212	/c/e/ceramic-flacon-45ml-vert-victoria-pebeo-ref-25028-0.jpg
278	/c/o/compas-bague-ecolier-opaque-a-crayon-vert-ark-ref-248-0_1.jpg
2790612	/p/e/perforateur-essentials-metal-4trous-10-12f-maped-ref-400111_1.jpg
2790612	/p/e/perforateur-essentials-metal-4trous-10-12f-maped-ref-400111_2.jpg
2790612	/p/e/perforateur-essentials-metal-4trous-10-12f-maped-ref-400111_3.jpg
28	/p/e/perforatuer-creatif-punchit-50mm-fleur-techno-ref-5115-0.jpg
2804810	/f/e/feutre-pointe-fine-point-88-rose-fonce-stabilo-ref-88-56.jpg
2804810	/f/e/feutre-pointe-fine-point-88-rose-fonce-stabilo-ref-88-56-1.jpg
2804910	/f/e/feutre-pointe-fine-point-88-lilas-stabilo-ref-88-58-1.jpg
2804910	/f/e/feutre-pointe-fine-point-88-lilas-stabilo-ref-88-58-2.jpg
2805010	/f/e/feutre-pointe-fine-point-88-lilas-clair-stabilo-ref-88-59_1.jpg
2805010	/f/e/feutre-pointe-fine-point-88-lilas-clair-stabilo-ref-88-59_2.jpg
2805210	/f/e/feutre-pointe-fine-point-88-outremer-stabilo-ref-88-32.jpg
2805210	/f/e/feutre-pointe-fine-point-88-outremer-stabilo-ref-88-32_1.jpg
2805310	/f/e/feutre-pointe-fine-point-88-azur-stabilo-ref-88-57.jpg
2805310	/f/e/feutre-pointe-fine-point-88-azur-stabilo-ref-88-57-1.jpg
2805410	/f/e/feutre-pointe-fine-point-88-vert-feuille-stabilo-ref-88-43-1.jpg
2805410	/f/e/feutre-pointe-fine-point-88-vert-feuille-stabilo-ref-88-43.jpg
2805510	/f/e/feutre-pointe-fine-point-88-turquoise-stabilo-ref-88-51.jpg
2805510	/f/e/feutre-pointe-fine-point-88-turquoise-stabilo-ref-88-51-2.jpg
281	/c/o/compas-bague-ecolier-opaque-a-crayon-jaune-ark-ref-248-0.jpg
28109	/s/t/stylo-feutre-v-sign-pen-bleu-2_0mm-pilot-ref-sw-vsp-l-0.jpg
283	/c/r/crayon-graphite-deco-embout-gomme-hbcuivre-maped-ref-851760-0.jpg
283	/c/r/crayon-graphite-deco-embout-gomme-hb-maped-ref-851760-0.jpg
284	/c/r/crayon-graphite-deco-embout-gomme-hbargente-maped-ref-851760-0.jpg
284	/c/r/crayon-graphite-deco-embout-gomme-hb-maped-ref-851760-0_1.jpg
28409	/s/u/surligneur-effacable-frixion-light-04mm-rose-pilot-ref-sw-fl-p-0.jpg
28409	/s/u/surligneur-effacable-frixion-light-04mm-rose-pilot-ref-sw-fl-p-2.jpg
285	/c/r/crayon-graphite-deco-embout-gomme-hbor-maped-ref-851760-0.jpg
285	/c/r/crayon-graphite-deco-embout-gomme-hb-maped-ref-851760-0_2.jpg
286	/c/o/compas-bague-ecolier-opaque-a-crayon-bleu-ark-ref-248-0.jpg
288	/c/o/compas-study-stop-a-bague-orange-maped-ref-195210-0.jpg
288	/c/o/compas-study-stop-a-bague-orange-maped-ref-195210-1.jpg
288	/c/o/compas-study-stop-a-bague-orange-maped-ref-195210-2.jpg
289	/c/o/compas-study-stop-a-bague-bleu-maped-ref-195210-0.jpg
289	/c/o/compas-study-stop-a-bague-bleu-maped-ref-195210-2.jpg
289	/c/o/compas-study-stop-a-bague-bleu-maped-ref-195210-1.jpg
29	/p/e/perforatuer-creatif-punchit-50mm-c_ur-techno-ref-5115-0.jpg
290	/c/o/compas-study-stop-a-bague-maped-ref-195210-0.jpg
290	/c/o/compas-study-stop-a-bague-rose-maped-ref-195210-1.jpg
290	/c/o/compas-study-stop-a-bague-rose-maped-ref-195210-2.jpg
291	/c/o/compas-study-metallique-bague-vert-maped-ref-119410-0.jpg
291	/c/o/compas-study-metallique-bague-vert-maped-ref-119410-1.jpg
292	/c/o/compas-study-metallique-bague-noir-maped-ref-119410-0.jpg
292	/c/o/compas-study-metallique-bague-noir-maped-ref-119410-1.jpg
293	/c/o/compas-bague-ecolier-opaque-a-crayon-rouge-ark-ref-248-0.jpg
294	/c/o/compas-study-metallique-bague-maped-ref-119410-0.jpg
294	/c/o/compas-study-metallique-bague-rose-maped-ref-119410-1.jpg
295	/c/o/compas-stop-avec-safe-coffret-bague-violet-maped-ref-192611-0.jpg
296	/c/o/compas-stop-avec-safe-coffret-bague-bleu-maped-ref-192611-0.jpg
297	/c/o/compas-stop-avec-safe-coffret-bague-maped-ref-192611-0.jpg
298	/c/o/compas-plastique-mine-kidz-maped-ref-181511-0.jpg
298	/c/o/compas-plastique-mine-kidz-bleu-et-noir-maped-ref-181511-1.jpg
299	/c/o/compas-plastique-mine-kidz-rose-et-noir-maped-ref-181511-0.jpg
3	/p/a/papier-a-dessin-blanc-pochette-12-feuilles-24cmx32cm-120g-dora-techno-ref-9249-0.jpg
3	/s/u/surligneur-flex-pastel-couleurs-assorties-en-display-maped-ref-740310_0.jpg
3	/s/u/surligneur-flex-pastel-couleurs-assorties-en-display-maped-ref-740310_1.jpg
3	/s/u/surligneur-flex-pastel-couleurs-assorties-en-display-maped-ref-740310_2.jpg
3	/s/u/surligneur-flex-pastel-couleurs-assorties-en-display-maped-ref-740310_3.jpg
3	/s/u/surligneur-flex-pastel-couleurs-assorties-en-display-maped-ref-740310_4.jpg
3	/s/u/surligneur-flex-pastel-couleurs-assorties-en-display-maped-ref-740310_5.jpg
3	/s/u/surligneur-flex-pastel-couleurs-assorties-en-display-maped-ref-740310_6.jpg
30	/5/1/5114_3.jpg
300	/c/o/compas-plastique-bague-kidz-bleu-et-noir-maped-ref-181611-0.jpg
301	/c/o/compas-plastique-bague-kidz-maped-ref-181611-0.jpg
302	/c/o/compas-metallique-open-bague-vert-maped-ref-036910-0.jpg
302	/c/o/compas-metallique-open-bague-vert-maped-ref-036910-1.jpg
302	/c/o/compas-metallique-open-bague-vert-maped-ref-036910-2.jpg
303	/c/o/compas-metallique-open-bague-bleu-maped-ref-036910-0.jpg
303	/c/o/compas-metallique-open-bague-bleu-maped-ref-036910-1.jpg
303	/c/o/compas-metallique-open-bague-bleu-maped-ref-036910-2.jpg
304	/c/o/compas-metallique-open-bague-maped-ref-036910-0.jpg
304	/c/o/compas-metallique-open-bague-orange-maped-ref-036910-2.jpg
304	/c/o/compas-metallique-open-bague-orange-maped-ref-036910-1.jpg
305	/c/o/compas-ecolier-essentials-bague-bleu-et-noir-maped-ref-018111-1.jpg
305	/c/o/compas-ecolier-essentials-bague-maped-ref-018111-0.jpg
306	/c/o/compas-ecolier-essentials-bague-rose-et-noir-maped-ref-018111-1.jpg
306	/c/o/compas-ecolier-essentials-bague-rose-et-noir-maped-ref-018111-0.jpg
307	/c/o/compas-bague-kidz-vert-et-noir-maped-ref-191611-0.jpg
307	/c/o/compas-bague-kidz-maped-ref-191611-0_1.jpg
308	/p/a/palette-de-peinture-ellipse-transparente-rouge-ark-ref-380t-0.jpg
309	/c/o/compas-bague-kidz-bleu-et-noir-maped-ref-191611-0.jpg
309	/c/o/compas-bague-kidz-maped-ref-191611-0.jpg
30909	/b/l/bl-g2-7-b-01.png
31	/p/e/perforatuer-creatif-punchit-25mm-fleur-techno-ref-5114.jpg
310	/c/o/compas-bague-kidz-rose-et-noir-maped-ref-191611-0.jpg
310	/c/o/compas-bague-kidz-maped-ref-191611-0_2.jpg
311	/c/i/ciseaux-vivo-12cm-bleu-et-bleu-claire-maped-ref-472012-0.jpg
312	/c/i/ciseaux-vivo-12cm-bleu-et-jaune-maped-ref-472012-0.jpg
312	/c/i/ciseaux-vivo-12cm-maped-ref-472012-0.jpg
313	/c/i/ciseaux-vivo-12cm-rose-et-rose-claire-maped-ref-472012-0.jpg
313	/c/i/ciseaux-vivo-12cm-maped-ref-472012-0_1.jpg
314	/c/i/ciseaux-sensoft-fluo-13_5cm-try-me-orange-maped-ref-484310-0.jpg
314	/c/i/ciseaux-sensoft-fluo-13_5cm-try-me-orange-maped-ref-484310-1.jpg
315	/c/i/ciseaux-sensoft-fluo-13_5cm-try-me-vert-maped-ref-484310-0.jpg
315	/c/i/ciseaux-sensoft-fluo-13_5cm-try-me-vert-maped-ref-484310-1.jpg
316	/c/i/ciseaux-sensoft-fluo-13_5cm-try-me-rose-maped-ref-484310-0.jpg
316	/c/i/ciseaux-sensoft-fluo-13_5cm-try-me-rose-maped-ref-484310-1.jpg
317	/p/a/palette-de-peinture-ellipse-transparente-vert-ark-ref-380t-0.jpg
317609	/s/t/stylo-roller-a-encre-liquide-v5-hi-tecpoint-vert-0_5mm-pilot-ref-bx-v5-g-0.jpg
318	/c/i/ciseaux-sensoft-fluo-13_5cm-try-me-maped-ref-484310-0.jpg
318	/c/i/ciseaux-sensoft-fluo-13_5cm-try-me-jaune-maped-ref-484310-1.jpg
318309	/s/t/stylo-roller-a-encre-liquide-v5-hi-tecpoint-0_5mm-bleu-pilot-ref-bx-v5-l-0.jpg
319	/c/i/ciseaux-securise-pour-enfants-12cm-kidikut-vert-maped-ref-137702-0.jpg
319	/c/i/ciseaux-securise-pour-enfants-12cm-kidikut-maped-ref-137702-0.jpg
32	/p/e/perforatuer-creatif-punchit-25mm-smily-techno-ref-5114-0.jpg
320	/c/i/ciseaux-securise-pour-enfants-12cm-kidikut-violet-maped-ref-137702-0.jpg
320	/c/i/ciseaux-securise-pour-enfants-12cm-kidikut-maped-ref-137702-0_1.jpg
321	/c/i/ciseaux-kidipulse-12cm-vert-maped-ref-472112-0.jpg
321	/c/i/ciseaux-kidipulse-12cm-maped-ref-472112-0.jpg
322	/c/i/ciseaux-kidipulse-12cm-bleu-maped-ref-472112-0.jpg
322	/c/i/ciseaux-kidipulse-12cm-maped-ref-472112-0_1.jpg
323	/c/i/ciseaux-essentials-soft-13cm-rouge-et-noir-maped-ref-464412-0.jpg
323	/c/i/ciseaux-essentials-soft-13cm-maped-ref-464412-0.jpg
324	/c/i/ciseaux-essentials-soft-13cm-vert-et-bleu-maped-ref-464412-0.jpg
324	/c/i/ciseaux-essentials-soft-13cm-maped-ref-464412-0_1.jpg
325	/p/a/palette-de-peinture-ellipse-transparente-jaune-ark-ref-380t-0.jpg
326	/c/i/ciseaux-essentials-soft-13cm-rose-et-violet-maped-ref-464412-0.jpg
326	/c/i/ciseaux-essentials-soft-13cm-maped-ref-464412-0_2.jpg
327	/c/i/ciseaux-ecolier-zenoa-fit-13cm-orange-maped-ref-670112-0.jpg
328	/c/i/ciseaux-ecolier-zenoa-fit-13cm-bleu-maped-ref-670112-0.jpg
329	/c/i/ciseaux-ecolier-zenoa-fit-13cm-rose-maped-ref-670112-0.jpg
329409	/r/e/recharge-pour-stylo-gomme-en-sachet-de-02-pcs-maped-ref-512511.jpg
33	/p/e/perforatuer-creatif-punchit-25mm-chevale-techno-ref-5114-0.jpg
331	/c/i/ciseaux-dapprentissage-start-12cm-sous-blister-maped-ref-463010-0.jpg
332	/c/i/ciseaux-dapprentissage-start-12cm-sous-blister-vert-maped-ref-463010-0.jpg
333109	/e/t/etiquettes-glam-rocks-i-pink-jewels-herma-ref-6002-0.jpg
334	/c/i/ciseaux-dapprentissage-start-12cm-sous-blister-bleu-maped-ref-463010-0.jpg
335	/p/a/palette-de-peinture-ellipse-transparente-bleu-ark-ref-380t-0.jpg
337	/c/i/ciseaux-dapprentissage-koopy-13cm-sous-blister-maped-ref-037910-0.jpg
337	/c/i/ciseaux-dapprentissage-koopy-13cm-sous-blister-vert-maped-ref-037910-1.jpg
339	/c/i/ciseaux-dapprentissage-koopy-13cm-sous-blister-violet-maped-ref-037910-0_1.jpg
339	/c/i/ciseaux-dapprentissage-koopy-13cm-sous-blister-violet-maped-ref-037910-1_1.jpg
34	/p/e/perforatuer-creatif-punchit-25mm-arbre-techno-ref-5114-0.jpg
341	/c/i/ciseaux-dapprentissage-12cm-kidikut-sous-blister-vert-maped-ref-037800-0.jpg
341	/c/i/ciseaux-dapprentissage-12cm-kidikut-sous-blister-vert-maped-ref-037800-1.jpg
342	/c/i/ciseaux-dapprentissage-12cm-kidikut-sous-blister-maped-ref-037800-0.jpg
342	/c/i/ciseaux-dapprentissage-12cm-kidikut-sous-blister-violet-maped-ref-037800-1.jpg
345	/s/a/sac-a-dos-avec-compart-laptop-ou-tablet-bleu-techno-ref-4572-1.jpg
345	/s/a/sac-a-dos-avec-compart-laptop-ou-tablet-bleu-techno-ref-4572-2.jpg
345	/s/a/sac-a-dos-avec-compart-laptop-ou-tablet-techno-ref-4572-0.jpg
346	/s/a/sac-a-dos-avec-compart-laptop-ou-tablet-noir-techno-ref-4572-1.jpg
346	/s/a/sac-a-dos-avec-compart-laptop-ou-tablet-noir-techno-ref-4572-0.jpg
346	/s/a/sac-a-dos-avec-compart-laptop-ou-tablet-gris-techno-ref-4572-2.jpg
347	/c/i/ciseaux-creatif-crea-cut-coffret-de-05-motifs-vert-maped-ref-601005-0.jpg
347	/c/i/ciseaux-creatif-crea-cut-coffret-de-05-motifs-rose-maped-ref-601005-2_1.jpg
347	/c/i/ciseaux-creatif-crea-cut-coffret-de-05-motifs-rose-maped-ref-601005-3_1.jpg
348	/s/a/sac-a-dos-avec-compart-laptop-ou-tablet-gris-techno-ref-4572-1.jpg
348	/s/a/sac-a-dos-avec-compart-laptop-ou-tablet-gris-techno-ref-4572-0.jpg
349	/s/a/sac-a-dos-avec-compart-laptop-ou-tablet-bleu-techno-ref-4574-0.jpg
349	/s/a/sac-a-dos-avec-compart-laptop-ou-tablet-bleu-techno-ref-4574-1.jpg
35	/p/e/perforatuer-creatif-punchit-25mm-etoile-techno-ref-5114-0.jpg
350	/s/a/sac-a-dos-avec-compart-laptop-ou-tablet-gris-fonce-techno-ref-4574-0.jpg
351	/s/a/sac-a-dos-avec-compart-laptop-ou-tablet-gris-claire-techno-ref-4574-0.jpg
351	/s/a/sac-a-dos-avec-compart-laptop-ou-tablet-gris-claire-techno-ref-4574-2.jpg
352	/c/i/ciseaux-creatif-crea-cut-coffret-de-05-motifs-rose-maped-ref-601005-0.jpg
352	/c/i/ciseaux-creatif-crea-cut-coffret-de-05-motifs-rose-maped-ref-601005-2.jpg
352	/c/i/ciseaux-creatif-crea-cut-coffret-de-05-motifs-rose-maped-ref-601005-3.jpg
353	/s/a/sac-a-dos-gris-techno-ref-4670-1.jpg
353	/s/a/sac-a-dos-gris-techno-ref-4670-0.jpg
353	/s/a/sac-a-dos-gris-techno-ref-4670-2.jpg
354	/s/a/sac-a-dos-noir-techno-ref-4670-1.jpg
354	/s/a/sac-a-dos-noir-techno-ref-4670-0.jpg
354	/s/a/sac-a-dos-noir-techno-ref-4670-2.jpg
355	/s/a/sac-a-dos-bleu-techno-ref-4670-2.jpg
355	/s/a/sac-a-dos-techno-ref-4670-0.jpg
355	/s/a/sac-a-dos-bleu-techno-ref-4670-1.jpg
356	/s/a/sac-a-dos-rose-techno-ref-4671-2.jpg
356	/s/a/sac-a-dos-techno-ref-4671-0.jpg
356	/s/a/sac-a-dos-rose-techno-ref-4671-1.jpg
357	/s/a/sac-a-dos-bleu-techno-ref-4671-1.jpg
357	/s/a/sac-a-dos-bleu-techno-ref-4671-0.jpg
357	/s/a/sac-a-dos-bleu-techno-ref-4671-2.jpg
358	/t/r/trousse-ecolier-visible-vert-techno-ref-4849-0.jpg
358009	/r/e/recharge-stylo-roller-frixion-etui-de-03-pieces-vert-pilot-ref-bls-fr7-g-s3-0.jpg
359	/t/r/trousse-ecolier-visible-rose-techno-ref-4849-0.jpg
36	/p/e/perforatuer-creatif-punchit-15mm-voiture-techno-ref-5113-0.jpg
360	/t/r/trousse-ecolier-visible-techno-ref-4849-0.jpg
361	/t/r/trousse-ecolier-rose-techno-ref-4851-0.jpg
362	/t/r/trousse-ecolier-orange-techno-ref-4851-0.jpg
363	/t/r/trousse-ecolier-violet-techno-ref-4851-0.jpg
364	/t/r/trousse-ecolier-vert-techno-ref-4851-0.jpg
365	/t/r/trousse-ecolier-techno-ref-4851-0.jpg
367	/g/o/gomme-gridviolet-techno-ref-4941-0_1.jpg
368	/g/o/gomme-grid-techno-ref-4941-0_1.jpg
369	/g/o/gomme-gridvert-techno-ref-4941-0_1.jpg
37	/p/e/perforatuer-creatif-punchit-15mm-smily-techno-ref-5113-0.jpg
370	/c/i/ciseaux-13cm-tatoo-kids-sous-blister-try-me-pirates-maped-ref-464910-0.jpg
370	/c/i/ciseaux-13cm-tatoo-kids-sous-blister-try-me-pirates-maped-ref-464910-1.jpg
371	/g/o/gomme-gridbleu-techno-ref-4941-0_1.jpg
372	/t/a/taille-crayons-dropeviolet-techno-ref-4914-0.jpg
373	/t/a/taille-crayons-droperose-techno-ref-4914-0.jpg
373	/t/a/taille-crayons-droperose-techno-ref-4914-1.jpg
374	/t/a/taille-crayons-dropevert-techno-ref-4914-1.jpg
374	/t/a/taille-crayons-dropevert-techno-ref-4914-0_2.jpg
375	/t/a/taille-crayons-drope-techno-ref-4914-0.jpg
375	/t/a/taille-crayons-dropebleu-techno-ref-4914-1.jpg
376	/t/a/taille-crayons-tipiviolet-techno-ref-4913-1.jpg
376	/t/a/taille-crayons-tipiviolet-techno-ref-4913-0.jpg
377	/t/a/taille-crayons-tipirose-techno-ref-4913-0_1.jpg
377	/t/a/taille-crayons-tipirose-techno-ref-4913-1.jpg
377	/t/a/taille-crayons-tipirose-techno-ref-4913-2.jpg
378	/t/a/taille-crayons-tipivert-techno-ref-4913-1.jpg
378	/t/a/taille-crayons-tipivert-techno-ref-4913-0.jpg
379	/c/i/ciseaux-13cm-tatoo-kids-sous-blister-try-me-princess-maped-ref-464910-0.jpg
379	/c/i/ciseaux-13cm-tatoo-kids-sous-blister-try-me-princess-maped-ref-464910-1.jpg
38	/p/e/perforatuer-creatif-punchit-15mm-fleur-techno-ref-5113-0.jpg
380	/t/a/taille-crayons-tipibleu-techno-ref-4913-1.jpg
380	/t/a/taille-crayons-tipibleu-techno-ref-4913-0_copie.jpg
381	/t/a/taille-crayons-gomme-robotviolet-techno-ref-4894-0.jpg
381	/t/a/taille-crayons-gomme-robot-techno-ref-4894-1.jpg
38109	/s/t/stylo-roller-retractable-a-encre-gel-b2p-0_7mm-noir-pilot-ref-bl-b2p-7-b-bg-0.jpg
382	/t/a/taille-crayons-gomme-robotrose-techno-ref-4894-0.jpg
382	/t/a/taille-crayons-gomme-robot-techno-ref-4894-1_1.jpg
383	/t/a/taille-crayons-gomme-robotvert-techno-ref-4894-0.jpg
384	/t/a/taille-crayons-gomme-robotbleu-techno-ref-4894-0.jpg
385	/t/a/taille-crayons-gomme-castleviolet-techno-ref-4895-0.jpg
386	/t/a/taille-crayons-gomme-castlerose-techno-ref-4895-0.jpg
387	/t/a/taille-crayons-gomme-castlevert-techno-ref-4895-0.jpg
387	/t/a/taille-crayons-gomme-castle-techno-ref-4895-1.jpg
38709	/s/t/stylo-roller-a-encre-gel-effacable-frixion-ball-0_7mm-rouge-pilot-ref-bl-fr7-r-0.jpg
38709	/s/t/stylo-roller-a-encre-gel-effacable-frixion-ball-0_7mm-rouge-pilot-ref-bl-fr7-r-2.jpg
388	/t/a/taille-crayons-gomme-castlebleu-techno-ref-4895-0.jpg
389	/t/a/taille-crayons-gomme-domeviolet-techno-ref-4892-0.jpg
39	/p/e/perforatuer-creatif-punchit-15mm-c_ur-techno-ref-5113-0.jpg
390	/t/a/taille-crayons-gomme-domerose-techno-ref-4892-0.jpg
390	/t/a/taille-crayons-gomme-dome-techno-ref-4892-1_1.jpg
391	/t/a/taille-crayons-gomme-domevert-techno-ref-4892-0.jpg
391	/t/a/taille-crayons-gomme-dome-techno-ref-4892-1.jpg
392	/t/a/taille-crayons-gomme-domebleu-techno-ref-4892-0.jpg
393	/c/i/ciseaux-ecolier-13cm-violet-techno-ref-3309-0.jpg
394	/c/i/ciseaux-ecolier-13cm-rose-techno-ref-3309-0.jpg
394809	/m/o/module-de-classement-de-05-tiroirs-gris-techno-ref-1710_1.jpg
395	/c/i/ciseaux-ecolier-13cm-vert-techno-ref-3309-0.jpg
396	/c/i/ciseaux-ecolier-13cm-bleu-techno-ref-3309-0.jpg
397	/c/i/ciseaux-ecolier-13cm-violet-techno-ref-3307-0.jpg
398	/c/i/ciseaux-ecolier-13cm-rose-techno-ref-3307-0.jpg
399	/c/i/ciseaux-ecolier-13cm-vert-techno-ref-3307-0.jpg
40	/p/e/perforatuer-creatif-punchit-15mm-etoile-techno-ref-5113-0.jpg
400	/c/i/ciseaux-ecolier-13cm-bleu-techno-ref-3307-0.jpg
401	/e/n/ensemble-de-tracage-flexible-de-04-pieces-jaune-techno-ref-4533-0.jpg
402	/e/n/ensemble-de-tracage-flexible-de-04-pieces-violet-techno-ref-4533-0.jpg
403	/e/n/ensemble-de-tracage-flexible-de-04-pieces-rose-techno-ref-4533-0.jpg
404	/e/n/ensemble-de-tracage-flexible-de-04-pieces-techno-ref-4533-0.jpg
405	/e/n/ensemble-de-tracage-flexible-de-03-pieces-jaune-techno-ref-4531-0.jpg
406	/e/n/ensemble-de-tracage-flexible-de-03-pieces-violet-techno-ref-4531-0.jpg
407	/e/n/ensemble-de-tracage-flexible-de-03-pieces-techno-ref-4531-0.jpg
408	/e/n/ensemble-de-tracage-flexible-de-03-pieces-bleu-techno-ref-4531-0.jpg
409	/e/n/ensemble-de-tracage-geometrique-30cm-de-04-pieces-rose-techno-ref-1224-0.jpg
41	/p/e/perforatuer-creatif-punchit-15mm-feuille-darbre-techno-ref-5113-0.jpg
410	/e/n/ensemble-de-tracage-geometrique-30cm-de-04-pieces-techno-ref-1224-0.jpg
411	/e/n/ensemble-de-tracage-geometrique-20cm-de-04-pieces-techno-ref-1225-0_1.jpg
412	/e/n/ensemble-de-tracage-geometrique-20cm-de-04-pieces-bleu-techno-ref-1225-0.jpg
42	/p/e/perforatuer-creatif-punchit-10mm-feuille-darbre-techno-ref-5112-0.jpg
420511	/c/o/corde-torsadee-rouge-pour-piquet-embout-argente-techno-ref-3905.jpg
420609	/e/q/equerres-en-pochette-de-02-pieces-32-45__60_--ark-ref-519.jpg
422	/a/q/aquarelle-ecolier-8-pastilles-28mm-avec-pinceau-move-techno-ref-4788-0.jpg
423	/a/q/aquarelle-ecolier-8-pastilles-28mm-avec-pinceau-orange-techno-ref-4788-0.jpg
424	/a/q/aquarelle-ecolier-8-pastilles-28mm-avec-pinceau-bleu-techno-ref-4788-0.jpg
425	/a/q/aquarelle-ecolier-8-pastilles-28mm-avec-pinceau-vert-techno-ref-4788-0.jpg
426	/a/q/aquarelle-ecolier-8-pastilles-28mm-avec-pinceau-techno-ref-4788-0.jpg
427	/a/q/aquarelle-ecolier-12-pastilles-28mm-avec-pinceau-violet-techno-ref-4407-0_1_1.jpg
427109	/s/t/stylo-roller-a-encre-liquide-v5-hi-tecpoint-0_5mm-noir-pilot-ref-bx-v5-b-0.jpg
427109	/s/t/stylo-roller-a-encre-liquide-v5-hi-tecpoint-0_5mm-noir-pilot-ref-bx-v5-b-2.jpg
428	/a/q/aquarelle-ecolier-12-pastilles-28mm-avec-pinceau-rose-techno-ref-4407-0_2.jpg
429	/a/q/aquarelle-ecolier-12-pastilles-28mm-avec-pinceau-vert-techno-ref-4407-0_2.jpg
43	/p/e/perforatuer-creatif-punchit-10mm-papillon-techno-ref-5112-0.jpg
430	/a/q/aquarelle-ecolier-12-pastilles-28mm-avec-pinceau-techno-ref-4407-0_2.jpg
431	/b/u/buchettes-et-jetons-educatifs-multi-couleurs-move-techno-ref-9396.png
432	/b/u/buchettes-et-jetons-educatifs-multi-couleurs-orange-techno-ref-9396.png
433	/b/u/buchettes-et-jetons-educatifs-multi-couleurs-bleu-techno-ref-9396.png
434	/b/u/buchettes-et-jetons-educatifs-multi-couleurs-vert-techno-ref-9396.png
435	/b/u/buchettes-et-jetons-educatifs-multi-couleurs-rose-techno-ref-9396.png
435	/b/u/buchettes-et-jetons-educatifs-multi-couleurs-rose-techno-ref-9396-1.png
436	/s/t/stylo-correcteur-tete-en-metal-de-07ml-corp-vert-techno-ref-3632-0.jpg
437	/s/t/stylo-correcteur-tete-en-metal-de-07ml-corp-jaune-techno-ref-3632-0.jpg
437703	/m/i/mini-globe-baby-bank-diam-11cm-en-anglais-tecnodidattica-ref-xxxx0093-0.jpg
438	/s/t/stylo-correcteur-tete-en-metal-de-07ml-corp-violet-techno-ref-3632-0.jpg
439	/s/t/stylo-correcteur-tete-en-metal-de-07ml-corp-rose-techno-ref-3632-0.jpg
44	/p/e/perforatuer-creatif-punchit-10mm-rond-techno-ref-5112-0.jpg
440	/s/t/stylo-correcteur-tete-en-metal-de-07ml-techno--0.jpg
444	/p/a/pate-a-modeler-12-couleurs-neon-200g-avec-04-moules-et-01-rouleau-sous-blister-paw-patrol-garcon-techno-ref-4695-0.jpg
445	/p/a/pate-a-modeler-12-couleurs-neon-200g_avec_04_moules-paw-patrol_fille-techno-ref-4695-0_1.jpg
446	/p/a/pate-a-modeler-12-couleurs-neon-200g-avec-04-moules-et-01-rouleau-sous-blister-turtules-ninja-techno-ref-4695-0.jpg
447	/p/a/pate-a-modeler-12-couleurs-neon-200g-avec-04_moules-dora_techno-ref-4695-0_1_1.jpg
448	/p/a/pate-a-modeler-08-couleurs-avec-03-moules-sous-blister-paw-patrol-garcon-techno-ref-4392-0.jpg
449	/p/a/pate-a-modeler-08-couleurs-avec-03-moules-sous-blister-paw-patrol-fille-techno-ref-4392-0.jpg
45	/p/e/perforatuer-creatif-punchit-10mm-fleur-techno-ref-5112-0_1_1.jpg
450	/p/a/pate-a-modeler-08-couleurs-avec-03-moules-sous-blister-turtules-ninja-techno-ref-4392-0.jpg
451	/p/a/pate-a-modeler-08-couleurs-avec-03-moules-sous-blister-techno-ref-4392-0.jpg
452	/p/a/pate-a-modeler-12-couleurs-sous-blister-paw-patrol-gar_on-techno-ref-4394-0_1.jpg
453	/p/a/pate-a-modeler-12-couleurs-sous-blister-paw-patrol-gar_on-techno-ref-4394-0.jpg
454	/p/a/pate-a-modeler-12-couleurs-sous-blister-turtules-ninja-techno-ref-4394-0.jpg
455	/p/a/pate-a-modeler-12-couleurs-sous-blister-techno-ref-4394-0.jpg
456	/p/a/pate-a-modeler-12-couleurs-avec-04-moules-et-01-rouleau-sous-blister-paw-patrol-gar_on-techno-ref-4395-0.jpg
457	/p/a/pate-a-modeler-12-couleurs-avec-04-moules-et-01-rouleau-sous-blister-paw-patrol-fille-techno-ref-4395-0.jpg
457203	/g/o/gomme-dart-malleable-techno-ref-1292-0.jpg
458	/p/a/pate-a-modeler-12-couleurs-avec-04-moules-et-01-rouleau-sous-blister-turtules-ninja-techno-ref-4395-0_1.jpg
459	/p/a/pate-a-modeler-12-couleurs-avec-04-moules-et-01-rouleau-sous-blister-techno-ref-4395-0_1.jpg
46	/p/e/perforatuer-creatif-punchit-10mm-etoile-techno-ref-5112-0.jpg
461504	/2/2/225430_pr_blue_cap_imresizer.jpg
461804	/s/t/stylo-a-bille-dark-noir-maped-ref-225431-2.jpg
461804	/s/t/stylo-a-bille-dark-noir-maped-ref-225431-1.jpg
463	/c/o/compas-ecolierviolet-techno-ref-4274-0.jpg
464	/c/o/compas-ecolierrose-techno-ref-4274-0.jpg
465	/c/o/compas-ecoliervert-techno-ref-4274-0.jpg
466	/c/o/compas-ecolier-techno-ref-4274-0.jpg
467	/c/o/compas-bague-coffret-de-03-pieces-violet-techno-ref-3089-0.jpg
468	/c/o/compas-bague-coffret-de-03-pieces-rose-techno-ref-3089-0.jpg
469	/c/o/compas-bague-coffret-de-03-pieces-techno-ref-3089-0.jpg
47	/p/e/perforatuer-creatif-punchit-10mm-c_ur-techno-ref-5112-0.jpg
470	/c/o/compas-bague-coffret-de-03-pieces-bleu-techno-ref-3089-0.jpg
471209	/f/u/fusains-de-dessin-5-6mm-boite-de-08-pcs-techno-ref-1287-0.jpg
475709	/s/t/stylo-roller-a-encre-gel-effacable-frixion-ball-0_7mm-rose-pilot-ref-bl-fr7-p-0.jpg
475709	/s/t/stylo-roller-a-encre-gel-effacable-frixion-ball-0_7mm-rose-pilot-ref-bl-fr7-p-2.jpg
48	/p/a/papier-crepon-50cmx200cm-vert-fonce-techno-ref-4014-0.jpg
480203	/s/t/stylo-a-bille-fluorescent-en-pochette-de-06-pcs-techno-ref-1605.jpg
482	/s/u/surligneur-mini-techno-ref-4602-0.jpg
483	/s/u/surligneur-mini-rose-techno-ref-4602-0.jpg
484	/s/u/surligneur-mini-orange-techno-ref-4602-0.jpg
485	/s/u/surligneur-mini-bleu-techno-ref-4602-0.jpg
486	/s/u/surligneur-mini-vert-techno-ref-4602-0.jpg
487	/s/u/surligneur-pastel-mini-bleu-pastel-techno-ref-4902-0.jpg
488	/s/u/surligneur-pastel-mini-mauve-pastel-techno-ref-4902-0.jpg
489	/s/u/surligneur-pastel-mini-jaune-pastel-techno-ref-4902-0.jpg
49	/p/a/papier-crepon-50cmx200cm-noir-techno-ref-4014-0.jpg
490	/s/u/surligneur-pastel-mini-orange-pastel-techno-ref-4902-0.jpg
491	/s/u/surligneur-pastel-mini-rose-pastel-techno-ref-4902-0.jpg
492	/s/u/surligneur-pastel-mini-vert-pastel-techno-ref-4902-0.jpg
496	/b/o/boite-eponge-vert-techno-ref-9134-0.jpg
497	/b/o/boite-eponge-rose-techno-ref-9134-0.jpg
498	/b/o/boite-eponge-orange-techno-ref-9134-0.jpg
499	/b/o/boite-eponge-rouge-techno-ref-9134-0_1.jpg
50	/p/a/papier-crepon-50cmx200cm-blanc-techno-ref-4014-0.jpg
500	/b/o/boite-eponge-violet-techno-ref-9134-0.jpg
501	/b/o/boite-eponge-techno-ref-9134-0.jpg
502	/b/r/brosse-ecolier-avec-compartiment-de-craie-ou-cartouche-techno-ref-3101-0.jpg
503	/b/r/brosse-ecolier-avec-compartiment-de-craie-ou-cartouche-rose-techno-ref-3101-0.jpg
506	/b/r/brosse-ecolier-avec-compartiment-de-craie-ou-cartouche-vert-techno-ref-3101-0.jpg
507	/b/r/brosse-ecolier-avec-compartiment-de-craie-ou-cartouche-bleu-techno-ref-3101-0.jpg
508	/m/i/mini-brosse-violet-techno-ref-2385-0.jpg
51	/p/a/papier-crepon-50cmx200cm-marron-techno-ref-4014-0.jpg
510	/m/i/mini-brosse-rose-techno-ref-2385-0.jpg
511	/m/i/mini-brosse-orange-techno-ref-2385-0.jpg
512	/m/i/mini-brosse-rouge-techno-ref-2385-0.jpg
513	/m/i/mini-brosse-vert-techno-ref-2385-0.jpg
514	/m/i/mini-brosse-techno-ref-2385-0.jpg
515	/a/r/ardoise-double-faces-blanche-et-noire-avec-brosse-et-marqueur-violet-techno-ref-3210-0.jpg
516	/a/r/ardoise-double-faces-blanche-et-noire-avec-brosse-et-marqueur-rose-techno-ref-3210-0.jpg
517	/a/r/ardoise-double-faces-blanche-et-noire-avec-brosse-et-marqueur-orange-techno-ref-3210-0.jpg
518	/a/r/ardoise-double-faces-blanche-et-noire-avec-brosse-et-marqueur-rouge-techno-ref-3210-0.jpg
519	/a/r/ardoise-double-faces-blanche-et-noire-avec-brosse-et-marqueur-vert-techno-ref-3210-0.jpg
52	/p/a/papier-crepon-50cmx200cm-rose-techno-ref-4014-0.jpg
520	/a/r/ardoise-double-faces-blanche-et-noire-avec-brosse-et-marqueur-techno-ref-3210-0.jpg
521	/a/r/ardoise-blanche-avec-marqueur-et-brosse-violet-techno-ref-2375-0.jpg
522	/a/r/ardoise-blanche-avec-marqueur-et-brosse-rose-techno-ref-2375-0.jpg
523	/a/r/ardoise-blanche-avec-marqueur-et-brosse-orange-techno-ref-2375-0.jpg
524	/a/r/ardoise-blanche-avec-marqueur-et-brosse-rouge-techno-ref-2375-0.jpg
525	/a/r/ardoise-blanche-avec-marqueur-et-brosse-techno-ref-2375-0.jpg
526	/a/r/ardoise-blanche-avec-marqueur-et-brosse-bleu-techno-ref-2375-0.jpg
527	/a/r/ardoise-double-faces-blanche-et-quadrillee-avec_accessoire-move-techno-ref-9222-0.jpg
529	/a/r/ardoise-double-faces-blanche-et-quadrillee-avec_accessoire_orange-techno-ref-9222-0.jpg
53	/p/a/papier-crepon-50cmx200cm-rouge-techno-ref-4014-0.jpg
530	/a/r/ardoise-double-faces-blanche-et-quadrillee-avec_accessoires-rose_techno-ref-9222-0.jpg
531	/a/r/ardoise-double-faces-blanche-et-quadrillee-avec_accessoires-vert-techno-ref-9222-0.jpg
532	/a/r/ardoise-double-faces-blanche-et-quadrillee-avec-brosse-et-marqueur-bleu-techno-ref-9222-0.jpg
534	/a/r/ardoise-double-faces-blanche-et-noire-avec-brosse-et-marqueur-rose-techno-ref-9263-0.jpg
534109	/p/r/protege-livre-a-02-rabats-45_7x30_5cm-cristal-bleu-techno-ref-2867-0.jpg
535	/a/r/ardoise-double-faces-blanche-et-noire-avec-brosse-et-marqueur-techno-ref-9263-0.jpg
536	/a/r/ardoise-double-faces-blanche-et-noire-avec-brosse-et-marqueur-shimmer-shine-techno-ref-9263-0.jpg
538	/a/r/ardoise-double-faces-blanche-et-noire-avec-brosse-et-marqueur-vert-techno-ref-9263-0.jpg
539	/a/r/ardoise-double-faces-blanche-et-noire-avec-brosse-et-marqueur-bleu-techno-ref-9263-0.jpg
54	/p/a/papier-crepon-50cmx200cm-orange-techno-ref-4014-0.jpg
540	/p/a/papier-a-dessin-couleurs-paquet-10-feuilles-24cmx32cm-80g-shimmer-techno.jpg
541	/p/a/papier-a-dessin-couleurs-paquet-10-feuilles-24cmx32cm-80g-paw-patrol-techno-ref-9298-0.jpg
542	/p/a/papier-a-dessin-couleurs-paquet-10-feuilles-24cmx32cm-80g-techno-ref-9298-0_2_.jpg
543	/p/a/papier-a-dessin-couleurs-paquet-10-feuilles-24cmx32cm-80g-dora-techno-ref-9298-0.jpg
544	/p/a/papier-a-dessin-couleurs-paquet-10-feuilles-24cmx32cm-80g-blaze-techno-ref-9298-0.jpg
545	/p/a/papier-a-dessin-couleurs-paquet-10-feuilles-24cmx32cm-80g-techno-ref-9298-0.jpg
545009	/c/a/cahier-travaux-pratiques-a4-96-pages-conquerant--ref-000247-0.jpg
546	/p/a/papier-a-dessin-blanc-paquet-12-feuilles-24cmx32cm-80g-shimmer-shine-techno-ref-9243-0.jpg
547	/p/a/papier-a-dessin-blanc-paquet-12-feuilles-24cmx32cm-80g-paw-patrol-garcon-techno-ref-9243-0_1.jpg
548	/p/a/papier-a-dessin-blanc-paquet-12-feuilles-24cmx32cm-80g-paw-patrol-fille-techno-ref-9243-0.jpg
549	/p/a/papier-a-dessin-blanc-paquet-12-feuilles-24cmx32cm-80g-dora-techno-ref-9243-0.jpg
55	/p/a/papier-crepon-50cmx200cm-jaune-techno-ref-4014-0.jpg
550	/p/a/papier-a-dessin-blanc-paquet-12-feuilles-24cmx32cm-80g-blaze-techno-ref-9243-0.jpg
551	/p/a/papier-a-dessin-blanc-paquet-12-feuilles-24cmx32cm-80g-turtules-ninja-techno-ref-9243-0.jpg
56	/p/a/papier-crepon-50cmx200cm-vert-techno-ref-4014-0.jpg
57	/p/a/papier-crepon-50cmx200cm-bleu-ciel-techno-ref-4014-0.jpg
58	/p/a/papier-crepon-50cmx200cm-bleu-techno-ref-4014-0.jpg
584803	/p/e/peinture_vitrail_de_45ml_brun_pebeo_ref_50011.jpg
585203	/p/e/peinture_vitrail_de_45ml_noir_pebeo_ref_50015.jpg
585803	/p/e/peinture_vitrail_de_45ml_rose_pebeo_ref_50021.jpg
589	/a/g/agrafeuse-ergologic-agrafe10-pocket-bleu-maped-ref-352211-0.jpg
59	/p/a/papier-crepon-50cmx200cm-violet-techno-ref-4014-0.jpg
590	/a/g/agrafeuse-ergologic-agrafe10-pocket-vert-maped-ref-352211-0.jpg
591	/a/g/agrafeuse-ergologic-agrafe10-pocket-maped-ref-352211-0.jpg
593	/c/i/ciseaux-dapprentissage-koopy-13cm-vert-maped-ref-137910-0.jpg
593	/c/i/ciseaux-dapprentissage-koopy-13cm-vert-maped-ref-137910-1.jpg
593403	/v/i/vitrea_160_brillant_relief_nacre_tube_20ml_pebeo_ref_114067.jpg
594	/c/i/ciseaux-dapprentissage-koopy-13cm-sous-blister-violet-maped-ref-037910-0.jpg
594	/c/i/ciseaux-dapprentissage-koopy-13cm-sous-blister-violet-maped-ref-037910-1.jpg
595	/e/q/equerre-60-45_-21cm-flex-2-en-1-sous-blister-maped-ref-255110-0.jpg
595	/e/q/equerre-60-45-21cm-flex-2-en-1-sous-blister-vert-maped-ref-255110-0.jpg
596	/e/q/equerre-60-45_-21cm-flex-2-en-1-sous-blister-maped-ref-255110-0_1.jpg
596	/e/q/equerre-60-45-21cm-flex-2-en-1-sous-blister-bleu-maped-ref-255110-0.jpg
597	/g/o/gomme-essential-bleu-maped-ref-114711-1.jpg
598	/g/o/gomme-essential-vert-maped-ref-114711-1.jpg
599	/r/e/regle-et-trace-formes-geonotes-noir-maped-ref-250310-1.jpg
599603	/s/e/setasilk-flacon-45-ml-bouton-dor-pebeo-ref-181002.jpg
599703	/s/e/setasilk-flacon-45-ml-mandarine-pebeo-ref-181003_1.jpg
60	/p/a/papier-adhesif-paillete-etoiles-en-rouleau-70cmx2m-dore-techno-ref-5286-0_1.jpg
600	/r/e/regle-et-trace-formes-geonotes-vert-maped-ref-250310-0.jpg
600	/r/e/regle-et-trace-formes-geonotes-vert-maped-ref-250310-1.jpg
601	/s/t/stylo-a-plume-freewriter-iridium-blanc-maped-ref-222612-0_1.jpg
601	/s/t/stylo-a-plume-freewriter-iridium-blanc-maped-ref-222612-1_1.jpg
601	/s/t/stylo-a-plume-freewriter-iridium-maped-ref-222612-0.jpg
601603	/s/e/setasilk-flacon-45-ml-castor-pebeo-ref-181022.jpg
601803	/s/e/setasilk-flacon-45-ml-vieil-or-pebeo-ref-181024.jpg
602	/s/t/stylo-a-plume-freewriter-iridium-blanc-maped-ref-222612-0.jpg
602	/s/t/stylo-a-plume-freewriter-iridium-blanc-maped-ref-222612-1.jpg
608409	/s/t/stylo-roller-a-encre-gel-effacable-frixion-ball-0_7mm-violet-pilot-ref-bl-fr7-v-0.jpg
608409	/s/t/stylo-roller-a-encre-gel-effacable-frixion-ball-0_7mm-violet-pilot-ref-bl-fr7-v-2.jpg
61	/p/a/papier-adhesif-paillete-etoiles-en-rouleau-70cmx2m-rose-techno-ref-5286-0_1.jpg
612904	/f/e/feutre-pointe-fine-point-88-vert-emeraude-stabilo-ref-88-36.jpg
612904	/f/e/feutre-pointe-fine-point-88-vert-emeraude-stabilo-ref-88-36-2.jpg
617	/s/t/stylo-feutre-lettering-pen-bleu-pointe-fine-1_0mm-pilot-ref-swn-drl-10-l-0.jpg
617109	/s/u/surligneur-fluo-boss-orange-stabilo-ref-70-54-0.jpg
617109	/s/u/surligneur-fluo-boss-orange-stabilo-ref-70-54-2.jpg
617109	/s/u/surligneur-fluo-boss-stabilo--0_2_1.jpg
617109	/s/u/surligneur-fluo-boss-stabilo--1_2_1.jpg
617109	/s/u/surligneur-fluo-boss-stabilo--2_1.jpg
618	/s/t/stylo-feutre-lettering-pen-noir-pointe-fine-1_0mm-pilot-ref-swn-drl-10-b-0.jpg
619	/s/t/stylo-feutre-lettering-pen-rouge-pointe-fine-1_0mm-pilot-ref-swn-drl-10-r-0.jpg
62	/p/a/papier-adhesif-paillete-etoiles-en-rouleau-70cmx2m-mauve-techno-ref-5286-0.jpg
620	/s/t/stylo-feutre-lettering-pen-bleu-pointe-moyenne-2_0mm-pilot-ref-swn-drl-20-l-0.jpg
621	/s/t/stylo-feutre-lettering-pen-noir-pointe-moyenne-2_0mm-pilot-ref-swn-drl-20-b-0.jpg
622	/s/t/stylo-feutre-lettering-pen-rouge-pointe-moyenne-2_0mm-pilot-ref-swn-drl-20-r-0.jpg
623	/s/t/stylo-feutre-lettering-pen-bleu-pointe-large-3_0mm-pilot-ref-swn-drl-30-l-0.jpg
624	/s/t/stylo-feutre-lettering-pen-noir-pointe-large-3_0mm-pilot-ref-swn-drl-30-b-0.jpg
625	/s/t/stylo-feutre-lettering-pen-rouge-pointe-large-3_0mm-pilot-ref-swn-drl-30-r-0.jpg
626	/s/e/set2go-4-surligneurs-effacable-frixion-light-j-ro-v-o-04mm-pilot-ref-s4-0546818-1.jpg
626	/s/e/set2go-4-surligneurs-effacable-frixion-light-j-ro-v-o-04mm-pilot-ref-s4-0546818-1.png
627	/m/a/marqueur-tableau-recharge-v-board-tete-biseautee-bleu-pilot-ref-wbma-vbm-mc-l-bg-0.jpg
627004	/s/t/stylo-roller-a-encre-gel-effacable-frixion-ball-0_7mm-bleu-pilot-ref-bl-fr7-l-2.jpg
627004	/s/t/stylo-roller-a-encre-gel-effacable-frixion-ball-0_7mm-bleu-pilot-ref-bl-fr7-l-4.jpg
627004	/s/t/stylo-roller-a-encre-gel-effacable-frixion-ball-0_7mm-bleu-pilot-ref-bl-fr7-l-3.jpg
628	/m/a/marqueur-tableau-blanc-rechargeable-v-board-tete-biseautee-pilot--0.jpg
629	/m/a/marqueur-tableau-blanc-rechargeable-v-board-tete-biseautee-pilot--3.jpg
629304	/s/t/stylo-roller-a-encre-gel-effacable-frixion-ball-0_7mm-vert-pilot-ref-bl-fr7-g-0.jpg
629304	/s/t/stylo-roller-a-encre-gel-effacable-frixion-ball-0_7mm-vert-pilot-ref-bl-fr7-g-2.jpg
63	/p/a/papier-adhesif-paillete-etoiles-en-rouleau-70cmx2m-argente-techno-ref-5286-0.jpg
630	/m/a/marqueur-tableau-rechargeable-v-board-tete-biseautee-vert-pilot-ref-wbma-vbm-mc-g-bg-0.jpg
631	/r/e/recharge-marqueur-tableau-blanc-v-board-bleu-pilot-ref-wbs-vbm-l-e-n-0.jpg
631204	/s/u/surligneur-effacable-frixion-light-04mm-jaune-pilot-ref-sw-fl-y-0.jpg
631204	/s/u/surligneur-effacable-frixion-light-04mm-jaune-pilot-ref-sw-fl-y-2.jpg
631204	/s/u/surligneur-effacable-frixion-light-04mm-jaune-pilot-ref-sw-fl-y-3.jpg
632	/r/e/recharge-marqueur-tableau-blanc-v-board-noir-pilot-ref-wbs-vbm-b-e-n-0.jpg
633	/r/e/recharge-marqueur-tableau-blanc-v-board-rouge-pilot-ref-wbs-vbm-r-e-n-0.jpg
634	/r/e/recharge-marqueur-tableau-blanc-v-board-vert-pilot-ref-wbs-vbm-g-e-n-0.jpg
636	/m/a/marqueur-pintor-pointe-fine-noir-pilot-ref-sw-pt-f-b-0.jpg
637	/m/a/marqueur-pintor-pointe-fine-rouge-pilot-ref-sw-pt-f-r-0.jpg
638	/m/a/marqueur-pintor-pointe-fine-bleu-pilot-ref-sw-pt-f-l-0.jpg
639	/m/a/marqueur-pintor-pointe-fine-jaune-pilot-ref-sw-pt-f-y-0.jpg
64	/p/a/papier-adhesif-paillete-etoiles-en-rouleau-70cmx2m-bleu-turquoise-techno-ref-5286-0.jpg
640	/m/a/marqueur-pintor-pointe-fine-marron-pilot-ref-sw-pt-f-bn-0.jpg
641	/m/a/marqueur-pintor-pointe-fine-orange-pilot-ref-sw-pt-f-o-0.jpg
642	/m/a/marqueur-pintor-pointe-fine-orange-pale-pilot-ref-sw-pt-f-po-0.jpg
643	/m/a/marqueur-pintor-pointe-fine-rose-pilot-ref-sw-pt-f-p-0.jpg
644	/m/a/marqueur-pintor-pointe-fine-bleu-turquoise-pilot-ref-sw-pt-f-lb-0.jpg
645	/m/a/marqueur-pintor-pointe-fine-vert-pilot-ref-sw-pt-f-g-0.jpg
645703	/a/c/acrylic-studio-tube-de-100ml-argent-iridescent-pebeo-ref-832351-0.jpg
645803	/a/c/acrylic-studio-tube-de-100ml-or-iridescent-pebeo-ref-832352-0.jpg
646	/m/a/marqueur-pintor-pointe-fine-vert-clair-pilot-ref-sw-pt-f-lg-0.jpg
647	/m/a/marqueur-pintor-pointe-fine-violet-pilot-ref-sw-pt-f-v-0.jpg
648	/m/a/marqueur-pintor-pointe-fine-blanc-pilot-ref-sw-pt-f-w-0.jpg
649	/m/a/marqueur-pintor-pointe-fine-bleu-pastel-pilot-ref-sw-pt-f-pl-0.jpg
65	/p/a/papier-adhesif-paillete-etoiles-en-rouleau-70cmx2m-bleu-techno-ref-5286-0.jpg
650	/m/a/marqueur-pintor-pointe-fine-jaune-pastel-pilot-ref-sw-pt-f-py-0.jpg
651	/m/a/marqueur-pintor-pointe-fine-rose-pastel-pilot-ref-sw-pt-f-pp-0.jpg
652	/m/a/marqueur-pintor-pointe-fine-vert-pastel-pilot-ref-sw-pt-f-pg-0.jpg
653	/m/a/marqueur-pintor-pointe-fine-violet-pastel-pilot-ref-sw-pt-f-pv-0.jpg
654	/m/a/marqueur-pintor-pointe-fine-dore-pilot-ref-sw-pt-f-gd-0.jpg
655	/m/a/marqueur-pintor-pointe-fine-argente-pilot-ref-sw-pt-f-s-0.jpg
655203	/h/u/huile-fine-xl-tube-de-37ml-bleu-caeruleum-pebeo-ref-937013-0.jpg
655604	/s/t/stylo-roller-a-encre-liquide-v7-hi-tecpoint-0_7mm-bleu-pilot-ref-bx-v7-l-0.jpg
656	/m/a/marqueur-pintor-pointe-fine-bleu-metallique-pilot-ref-sw-pt-f-ml-0.jpg
656203	/h/u/huile-fine-xl-tube-37-ml-ombre-brulee-pebeo-ref-937023.jpg
657	/m/a/marqueur-pintor-pointe-fine-rose-metallique-pilot-ref-sw-pt-f-mp-0.jpg
658	/m/a/marqueur-pintor-pointe-fine-violet-metallique-pilot-ref-sw-pt-f-mv-0.jpg
659	/m/a/marqueur-pintor-pointe-fine-vert-metallique-pilot-ref-sw-pt-f-mg-0.jpg
66	/p/a/papier-adhesif-paillete-coeurs-en-rouleau-70cmx2m-dore-techno-ref-5287-0_1.jpg
660	/m/a/marqueur-pintor-pointe-moyenne-bleu-pilot-ref-sw-pt-m-l-0.jpg
661	/m/a/marqueur-pintor-pointe-moyenne-jaune-pilot-ref-sw-pt-m-y-0.jpg
662	/m/a/marqueur-pintor-pointe-moyenne-marron-pilot-ref-sw-pt-m-bn-0.jpg
663	/m/a/marqueur-pintor-pointe-moyenne-noir-pilot-ref-sw-pt-m-b-0.jpg
664	/m/a/marqueur-pintor-pointe-moyenne-orange-pilot-ref-sw-pt-m-o-0.jpg
665	/m/a/marqueur-pintor-pointe-moyenne-orange-pale-v-pilot-ref-sw-pt-m-po-0.jpg
666	/m/a/marqueur-pintor-pointe-moyenne-rose-pilot-ref-sw-pt-m-p-0.jpg
667	/m/a/marqueur-pintor-pointe-moyenne-rouge-pilot-ref-sw-pt-m-r-0.jpg
668	/m/a/marqueur-pintor-pointe-moyenne-bleu-turquoise-pilot-ref-sw-pt-m-lb-0.jpg
669	/m/a/marqueur-pintor-pointe-moyenne-vert-pilot-ref-sw-pt-m-g-0.jpg
67	/p/a/papier-adhesif-paillete-coeurs-en-rouleau-70cmx2m-rose-techno-ref-5287-0_1.jpg
670	/m/a/marqueur-pintor-pointe-moyenne-vert-clair-pilot-ref-sw-pt-m-lg-0.jpg
671	/m/a/marqueur-pintor-pointe-moyenne-violet-pilot-ref-sw-pt-m-v-0.jpg
672	/m/a/marqueur-pintor-pointe-moyenne-blanc-pilot-ref-sw-pt-m-w-0.jpg
673	/m/a/marqueur-pintor-pointe-moyenne-bleu-pastel-pilot-ref-sw-pt-m-pl-0.jpg
674	/m/a/marqueur-pintor-pointe-moyenne-jaune-pastel-pilot-ref-sw-pt-m-py-0.jpg
675	/m/a/marqueur-pintor-pointe-moyenne-rose-pastel-pilot-ref-sw-pt-m-pp-0.jpg
676	/m/a/marqueur-pintor-pointe-moyenne-vert-pastel-pilot-ref-sw-pt-m-pg-0.jpg
677	/m/a/marqueur-pintor-pointe-moyenne-violet-pastel-pilot-ref-sw-pt-m-pv-0.jpg
678	/m/a/marqueur-pintor-pointe-moyenne-dore-pilot-ref-sw-pt-m-gd-0.jpg
679	/m/a/marqueur-pintor-pointe-moyenne-argente-pilot-ref-sw-pt-m-s-0.jpg
68	/p/a/papier-adhesif-paillete-coeurs-en-rouleau-70cmx2m-mauve-techno-ref-5287-0.jpg
680	/m/a/marqueur-pintor-pointe-moyenne-violet-metallique-pilot-ref-sw-pt-m-mv-0.jpg
681	/m/a/marqueur-pintor-pointe-moyenne-bleu-metallique-pilot-ref-sw-pt-m-ml-0.jpg
682	/m/a/marqueur-pintor-pointe-moyenne-rose-metallique-pilot-ref-sw-pt-m-mp-0.jpg
683	/m/a/marqueur-pintor-pointe-moyenne-vert-metallique-pilot-ref-sw-pt-m-mg-0.jpg
69	/p/a/papier-adhesif-paillete-coeurs-en-rouleau-70cmx2m-argente-techno-ref-5287-0.jpg
70	/p/a/papier-adhesif-paillete-coeurs-en-rouleau-70cmx2m-bleu-turquoise-techno-ref-5287-0.jpg
71	/p/a/papier-adhesif-paillete-coeurs-en-rouleau-70cmx2m-bleu-techno-ref-5287-0.jpg
715203	/a/c/acrylic-studio-pot-de-500ml-or-iridescent-pebeo-ref-172352-0.jpg
719003	/c/r/crayons-couleurs-colorpeps-classic-de-06-couleurs-maped-ref-832002-0_1.jpg
719303	/g/o/gomme-precision-bleu-sous-blister-de-02-pcs-maped-ref-021100.jpg
72	/m/o/mousse-adhesive-numeros-vert-techno-ref-4610-0.jpg
720803	/p/e/peinture_vitrail_45ml_saumon_pebeo_ref_50032.jpg
727003	/c/o/corde-torsadee-doree-pour-piquet-embout-argente-techno-ref-1476_1.jpg
727003	/c/o/corde-torsadee-doree-pour-piquet-embout-argente-techno-ref-1476_2.jpg
727003	/c/o/corde-torsadee-doree-pour-piquet-embout-argente-techno-ref-1476-.jpg
727003	/c/o/corde-torsadee-doree-pour-piquet-embout-argente-techno-ref-1476.jpg
728503	/p/a/palette-de-peinture-ellipse-blanche-en-ply-bag-ark-ref-380.jpeg
73	/m/o/mousse-adhesive-numeros-bleu-techno-ref-4610-0.jpg
74	/m/o/mousse-adhesive-numeros-rose-techno-ref-4610-0.jpg
75	/m/o/mousse-adhesive-numeros-dore-techno-ref-4610-0.jpg
7509	/r/e/registre-05-mains-maped-ref-9288.jpg
76	/m/o/mousse-adhesive-numeros-rouge-techno-ref-4610-0.jpg
77	/m/o/mousse-adhesive-metiers-voyage-techno-ref-4627-0.jpg
77503	/p/a/palette-de-peinture-rectangulaire-blanche-en-ply-bag-ark-ref-314-0.jpg
78	/m/o/mousse-adhesive-metiers-pompier-techno-ref-4627-0.jpg
781009	/p/a/pastel-carre-dur-boite-de-12-pcs-pebeo-ref-400300.jpg
782503	/a/l/album-a-dessin-1557-a-grain-fin-adouci-30f-a5-21x14_9-180g-canson-ref-4127-422-31412a003.jpg
79	/m/o/mousse-adhesive-metiers-techno-ref-4627-0.jpg
80	/m/o/mousse-adhesive-metiers-fermier-techno-ref-4627-0.jpg
808	/s/a/sac-a-dos-14-a-roulettes-paw-patrole-rose-techno-ref-4985-0.jpg
809	/s/a/sac-a-dos-14-a-roulettes-paw-patrole-violet-techno-ref-4985-0.jpg
810	/s/a/sac-a-dos-14-a-roulettes-dora-rose-techno-ref-4983-0.jpg
811	/s/a/sac-a-dos-14-a-roulettes-dora-violet-techno-ref-4983-0.jpg
812	/s/a/sac-a-dos-12-dora-rose-techno-ref-4291-0.jpg
813	/s/a/sac-a-dos-12-dora-violet-techno-ref-4291-0.jpg
814	/s/a/sac-a-dos-12-paw-patrol-garcon-techno-ref-4597-1.jpg
814	/s/a/sac-a-dos-12-paw-patrol-gar_on-techno-ref-4597-2.jpg
815	/s/a/sac-a-dos-12-paw-patrol-fille-techno-ref-4597-0.jpg
816	/s/a/sac-a-dos-12-shimmer-shine-techno-ref-4870-0.jpg
817	/s/a/sac-a-dos-12-shimmer-shine-violet-techno-ref-4870-0.jpg
818	/s/t/stylo-a-plume-plumax-blanc-techno-ref-4419-0.jpg
819	/s/t/stylo-a-plume-plumax-bleu-techno-ref-4419-0.jpg
82	/m/o/mousse-adhesive-lettres-francais-vert-techno-ref-4611-0.jpg
820	/s/t/stylo-a-plume-plumax-vert-techno-ref-4419-0.jpg
821	/s/t/stylo-a-plume-plumax-rose-techno-ref-4419-0.jpg
822	/s/t/stylo-a-plume-plumax-noir-techno-ref-4419-0.jpg
823	/s/t/stylo-a-plume-plumax-noir-techno-ref-4419-0_1.jpg
827	/r/e/regle-ecolier-20cm-transparent-techno-ref-9502-0.jpg
828	/r/e/regle-ecolier-20cm-bleu-techno-ref-9502-0.jpg
829	/r/e/regle-ecolier-20cm-rose-techno-ref-9502-0.jpg
83	/m/o/mousse-adhesive-lettres-francais-bleu-techno-ref-4611-0.jpg
830	/r/e/regle-ecolier-20cm-jaune-techno-ref-9502-0.jpg
831	/r/e/regle-ecolier-20cm-violet-techno-ref-9502-0.jpg
832	/r/e/regle-ecolier-20cm-orange-techno-ref-9502-0_1.jpg
833	/r/e/regle-ecolier-30cm-transparent-techno-ref-9503-0.jpg
834	/r/e/regle-ecolier-30cm-bleu-techno-ref-9503-0.jpg
835	/r/e/regle-ecolier-30cm-rose-techno-ref-9503-0.jpg
836	/r/e/regle-ecolier-30cm-jaune-techno-ref-9503-0.jpg
837	/r/e/regle-ecolier-30cm-violet-techno-ref-9503-0.jpg
838	/r/e/regle-ecolier-30cm-orange-techno-ref-9503-0.jpg
839	/r/a/rapporteur-ecolier-180_-transparent-techno-ref-9505-0.jpg
84	/m/o/mousse-adhesive-lettres-francais-rose-techno-ref-4611-0.jpg
840	/r/a/rapporteur-ecolier-180_-bleu-techno-ref-9505-0.jpg
841	/r/a/rapporteur-ecolier-180_-rose-techno-ref-9505-0.jpg
842	/r/a/rapporteur-ecolier-180_-jaune-techno-ref-9505-0.jpg
843	/r/a/rapporteur-ecolier-180_-violet-techno-ref-9505-0.jpg
844	/r/a/rapporteur-ecolier-180_-orange-techno-ref-9505-0.jpg
845	/e/q/equerre-ecolier-13cm-60_-transparent-techno-ref-9504-0.jpg
846	/e/q/equerre-ecolier-13cm-60_-bleu-techno-ref-9504-0.jpg
847	/e/q/equerre-ecolier-13cm-60_-rose-techno-ref-9504-0.jpg
848	/e/q/equerre-ecolier-13cm-60_-jaune-techno-ref-9504-0.jpg
848309	/f/e/feutre-jungle-colors-peps-18-couleurs-maped-ref-845421.jpg
848309	/f/e/feutre-jungle-colors-peps-18-couleurs-maped-ref-845421-2.jpg
849	/e/q/equerre-ecolier-13cm-60_-violet-techno-ref-9504-0.jpg
85	/m/o/mousse-adhesive-lettres-francais-dore-techno-ref-4611-0.jpg
850	/e/q/equerre-ecolier-13cm-60_-orange-techno-ref-9504-0.jpg
852	/c/r/crayon-noir-trin-up-hb2-blanc-techno-ref-4525-0.jpg
852309	/s/t/stylo-roller-a-encre-gel-effacable-frixion-clicker-0_7mm-bleu-pilot-ref-blrt-fr7-l-4.jpg
852309	/s/t/stylo-roller-a-encre-gel-effacable-frixion-clicker-0_7mm-bleu-pilot-ref-blrt-fr7-l-3.jpg
852309	/s/t/stylo-roller-a-encre-gel-effacable-frixion-clicker-0_7mm-bleu-pilot-ref-blrt-fr7-l-2_1_1.jpg
853	/c/r/crayon-noir-trin-up-hb2-orange-techno-ref-4525-0.jpg
854	/c/r/crayon-noir-pastelo-hb_2-jaune-pastel-techno-ref-4679-0.jpg
855	/c/r/crayon-noir-pastelo-hb_2-bleu-pastel-techno-ref-4679-0.jpg
856	/c/r/crayon-noir-pastelo-hb_2-rose-pastel-techno-ref-4679-0.jpg
857	/c/r/crayon-noir-pastelo-hb_2-vert-pastel-techno-ref-4679-0.jpg
858	/c/r/crayon-noir-pastelo-hb-2-violet-pastel-techno-ref-4679-0.jpg
86	/m/o/mousse-adhesive-lettres-francais-rouge-techno-ref-4611-0.jpg
860	/c/r/crayon-noir-trino-hb2-bleu-techno-ref-4375-0.jpg
861	/c/r/crayon-noir-trino-hb2-vert-techno-ref-4375-0.jpg
862	/c/r/crayon-noir-trino-hb2-rose-techno-ref-4375-0.jpg
863	/c/r/crayon-noir-trino-hb2-jaune-techno-ref-4375-0.jpg
864	/c/r/crayon-noir-trino-hb2-violet-techno-ref-4375-0.jpg
865	/c/r/crayon-noir-trino-hb2-orange-techno-ref-4375-0.jpg
867	/t/a/taille-crayons-gomme-mom-bleu-techno-ref-4890-0.jpg
868	/t/a/taille-crayons-gomme-mom-vert-techno-ref-4890-0.jpg
869	/t/a/taille-crayons-gomme-mom-rose-techno-ref-4890-0.jpg
87	/m/o/mousse-adhesive-etoiles-techno-ref-4615-0.jpg
870	/t/a/taille-crayons-gomme-mom-violet-techno-ref-4890-0.jpg
871	/t/a/taille-crayons-gomme-ovale-bleu-techno-ref-4893-0.jpg
872	/t/a/taille-crayons-gomme-ovale-vert-techno-ref-4893-0.jpg
873	/t/a/taille-crayons-gomme-ovale-rose-techno-ref-4893-0.jpg
874	/t/a/taille-crayons-gomme-ovale-violet-techno-ref-4893-0.jpg
875	/t/a/taille-crayons-smart-bleu-techno-ref-4912-0.jpg
876	/t/a/taille-crayons-smart-vert-techno-ref-4912-0.jpg
877	/t/a/taille-crayons-smart-rose-techno-ref-4912-0.jpg
878	/t/a/taille-crayons-smart-violet-techno-ref-4912-0.jpg
879	/t/a/taille-crayons-snail-bleu-techno-ref-4911-0.jpg
88	/m/o/mousse-adhesive-etoiles-mauve-techno-ref-4615-0.jpg
880	/t/a/taille-crayons-snail-vert-techno-ref-4911-0.jpg
881	/t/a/taille-crayons-snail-rose-techno-ref-4911-0.jpg
882	/t/a/taille-crayons-snailviolet-techno-ref-4911-0.jpg
883	/t/a/taille-crayons-yacht-bleu-techno-ref-4916-0.jpg
884	/t/a/taille-crayons-yacht-vert-techno-ref-4916-0.jpg
885	/t/a/taille-crayons-yacht-rose-techno-ref-4916-0.jpg
886	/t/a/taille-crayons-yacht-violet-techno-ref-4916-0.jpg
887	/t/a/taille-crayons-yoyo-bleu-techno-ref-4917-0.jpg
888	/t/a/taille-crayons-yoyo-vert-techno-ref-4917-0.jpg
889	/t/a/taille-crayons-yoyo-rose-techno-ref-4917-0.jpg
89	/m/o/mousse-adhesive-etoiles-vert-techno-ref-4615-0.jpg
890	/t/a/taille-crayons-yoyo-violet-techno-ref-4917-0.jpg
891	/c/i/ciseaux-scolaire-13cm-bleu-techno-ref-4660-0.jpg
892	/c/i/ciseaux-scolaire-13cm-rose-techno-ref-4660-0.jpg
893	/c/i/ciseaux-scolaire-13cm-vert-techno-ref-4660-0.jpg
894	/c/i/ciseaux-scolaire-13_2cm-bleu-techno-ref-4661-0.jpg
895	/c/i/ciseaux-scolaire-13-2cm-rose-techno-ref-4661-0.jpg
896	/c/i/ciseaux-scolaire-13-2cm-vert-techno-ref-4661-0.jpg
897	/c/i/ciseaux-scolaire-13_2cm-bleu-techno-ref-4662-0.jpg
898	/c/i/ciseaux-scolaire-13_2cm-rose-techno-ref-4662-0.jpg
899	/c/i/ciseaux-scolaire-13_2cm-vert-techno-ref-4662-0.jpg
90	/4/6/4615_g_.png
900	/c/i/ciseaux-scolaire-13_4cm-bleu-techno-ref-4663-0.jpg
901	/c/i/ciseaux-scolaire-13_4cm-rose-techno-ref-4663-0.jpg
901103	/b/a/badge-administratif-vertical-b3-86-x-109-mm-techno-ref-2393.jpg
902	/c/i/ciseaux-scolaire-13_4cm-vert-techno-ref-4663-0.jpg
903	/p/a/pate-a-modeler-en-pot-16-couleurs-avec-5-moules-techno-ref-4344-0.jpg
904	/p/a/pate-a-modeler-en-pot-16-couleurs-avec-5-moules-techno-ref-4344-1.jpg
905	/p/a/pate-a-modeler-en-pot-6-coul-300g-avec-3moules-dora-techno-ref-4690-1.jpg
906	/p/a/pate-a-modeler-en-pot-6-coul-300g-avec-3moules-turtules-ninja-techno-ref-4690-1.jpg
907	/p/a/pate-a-modeler-en-pot-6-coul-300g-avec-3moules-techno-ref-4690-0.jpg
908	/p/a/pate-a-modeler-en-pot-6-coul-300g-avec-3moules-techno-ref-4690-1.jpg
909509	/s/t/stylo-roller-a-encre-liquide-v7-hi-tecpoint-rouge-0_7mm-pilot-ref-bx-v7-r-0.jpg
91	/m/o/mousse-adhesive-etoiles-jaune-techno-ref-4615-0_1.jpg
910	/c/h/chemise-a-rabats-en-carton-rouge-techno-ref-9386-0.jpg
911	/c/h/chemise-a-rabats-en-carton-bleu-techno-ref-9386-0.jpg
912	/c/h/chemise-a-rabats-en-carton-vert-techno-ref-9386-0.jpg
913	/c/h/chemise-a-rabats-en-carton-orange-techno-ref-9386-0.jpg
914	/c/h/chemise-a-rabat-en-carte-lustr-rouge-techno-ref-9364-0.jpg
915	/c/h/chemise-a-rabat-en-carte-lustr-bleu-techno-ref-9364-0.jpg
916	/c/h/chemise-a-rabat-en-carte-lustr-vert-techno-ref-9364-0.jpg
917	/c/h/chemise-a-rabat-en-carte-lustr-orange-techno-ref-9364-0.jpg
918	/f/e/feutre-de-coloriage-jumbo-pochette-de-12-pcs-techno-ref-4477-0.jpg
919	/f/e/feutre-de-coloriage-jumbo-pochette-de-12-pcs-vert-techno-ref-4477-0.jpg
92	/m/o/mousse-adhesive-etoiles-rouge-techno-ref-4615-0.jpg
920	/f/e/feutre-de-coloriage-jumbo-pochette-de-12-pcs-rose-techno-ref-4477-0.jpg
921	/f/e/feutre-de-coloriage-jumbo-pochette-de-12-pcs-violet-techno-ref-4477-0.jpg
922	/f/e/feutre-de-coloriage-jumbo-pochette-de-6-pcs-techno-ref-4476-0.jpg
923	/f/e/feutre-de-coloriage-jumbo-pochette-de-6-pcs-vert-techno-ref-4476-0.jpg
924	/f/e/feutre-de-coloriage-jumbo-pochette-de-6-pcs-rose-techno-ref-4476-0.jpg
925	/f/e/feutre-de-coloriage-jumbo-pochette-de-6-pcs-violet-techno-ref-4476-0.jpg
926	/p/r/protege-documents-en-pp-10-pochettes-20-vues-rouge-techno-ref-2610-0.jpg
927	/p/r/protege-documents-en-pp-10-pochettes-20-vues-noir-techno-ref-2610-0.jpg
928	/p/r/protege-documents-en-pp-10-pochettes-20-vues-jaune-techno-ref-2610-0.jpg
929	/p/r/protege-documents-en-pp-10-pochettes-20-vues-orange-techno-ref-2610-0.jpg
93	/m/o/mousse-adhesive-animaux-designe-abeille-techno-ref-4612-0.jpg
930	/p/r/protege-documents-en-pp-10-pochettes-20-vues-bleu-techno-ref-2610-0.jpg
931	/p/r/protege-documents-en-pp-10-pochettes-20-vues-rose-techno-ref-2610-0.jpg
932	/p/r/protege-documents-en-pp-10-pochettes-20-vues-violet-techno-ref-2610-0.jpg
932103	/p/r/primacolor-flacon-de-500ml-noir-divoire-pebeo-ref-055126.jpg
933	/p/r/protege-documents-en-pp-10-pochettes-20-vues-vert-techno-ref-2610-0.jpg
933003	/p/r/primacolor-flacon-500-ml-blanc-permanent-pebeo-ref-055111.jpg
934	/p/r/protege-documents-en-pp-20-pochettes-40-vues-rouge-techno-ref-2611-0.jpg
935	/p/r/protege-documents-en-pp-20-pochettes-40-vues-noir-techno-ref-2611-0.jpg
936	/p/r/protege-documents-en-pp-20-pochettes-40-vues-jaune-techno-ref-2611-0.jpg
937	/p/r/protege-documents-en-pp-20-pochettes-40-vues-orange-techno-ref-2611-0.jpg
938	/p/r/protege-documents-en-pp-20-pochettes-40-vues-bleu-techno-ref-2611-0.jpg
939	/p/r/protege-documents-en-pp-20-pochettes-40-vues-rose-techno-ref-2611-0.jpg
94	/m/o/mousse-adhesive-animaux-designe-hibou-techno-ref-4612-0.jpg
940	/p/r/protege-documents-en-pp-20-pochettes-40-vues-violet-techno-ref-2611-0.jpg
941	/p/r/protege-documents-en-pp-20-pochettes-40-vues-vert-techno-ref-2611-0.jpg
942	/p/r/protege-documents-en-pp-30-pochettes-60-vues-rouge-techno-ref-2612-0.jpg
943	/p/r/protege-documents-en-pp-30-pochettes-60-vues-noir-techno-ref-2612-0.jpg
944	/p/r/protege-documents-en-pp-30-pochettes-60-vues-jaune-techno-ref-2612-0.jpg
945	/p/r/protege-documents-en-pp-30-pochettes-60-vues-orange-techno-ref-2612-0.jpg
946	/p/r/protege-documents-en-pp-30-pochettes-60-vues-bleu-techno-ref-2612-0.jpg
947	/p/r/protege-documents-en-pp-30-pochettes-60-vues-rose-techno-ref-2612-0.jpg
948	/p/r/protege-documents-en-pp-30-pochettes-60-vues-violet-techno-ref-2612-0.jpg
949	/p/r/protege-documents-en-pp-30-pochettes-60-vues-vert-techno-ref-2612-0_1.jpg
95	/m/o/mousse-adhesive-animaux-designe-dragon-techno-ref-4612-0.jpg
950	/p/r/protege-documents-en-pp-40-pochettes-80-vues-rouge-techno-ref-2613-0.jpg
951	/p/r/protege-documents-en-pp-40-pochettes-80-vues-noir-techno-ref-2613-0.jpg
952	/p/r/protege-documents-en-pp-40-pochettes-80-vues-jaune-techno-ref-2613-0.jpg
953	/p/r/protege-documents-en-pp-40-pochettes-80-vues-orange-techno-ref-2613-0.jpg
954	/p/r/protege-documents-en-pp-40-pochettes-80-vues-bleu-techno-ref-2613-0.jpg
955	/p/r/protege-documents-en-pp-40-pochettes-80-vues-rose-techno-ref-2613-0.jpg
956	/p/r/protege-documents-en-pp-40-pochettes-80-vues-violet-techno-ref-2613-0.jpg
957	/p/r/protege-documents-en-pp-40-pochettes-80-vues-vert-techno-ref-2613-0.jpg
958	/p/r/protege-documents-en-pp-50-pochettes-100-vues-rouge-techno-ref-2614-0.jpg
959	/p/r/protege-documents-en-pp-50-pochettes-100-vues-noir-techno-ref-2614-0.jpg
96	/m/o/mousse-adhesive-animaux-designe-poisson-techno-ref-4612-0.jpg
960	/p/r/protege-documents-en-pp-50-pochettes-100-vues-jaune-techno-ref-2614-0.jpg
961	/p/r/protege-documents-en-pp-50-pochettes-100-vues-orange-techno-ref-2614-0.jpg
961603	/0/8/085110_imresizer.jpg
962	/p/r/protege-documents-en-pp-50-pochettes-100-vues-bleu-techno-ref-2614-0.jpg
963	/p/r/protege-documents-en-pp-50-pochettes-100-vues-rose-techno-ref-2614-0.jpg
964	/p/r/protege-documents-en-pp-50-pochettes-100-vues-violet-techno-ref-2614-0.jpg
965	/p/r/protege-documents-en-pp-50-pochettes-100-vues-vert-techno-ref-2614-0.jpg
966	/p/r/protege-documents-en-pp-60-pochettes-120-vues-rouge-techno-ref-2615-0.jpg
967	/p/r/protege-documents-en-pp-60-pochettes-120-vues-noir-techno-ref-2615-0.jpg
968	/p/r/protege-documents-en-pp-60-pochettes-120-vues-jaune-techno-ref-2615-0.jpg
969	/p/r/protege-documents-en-pp-60-pochettes-120-vues-bleu-techno-ref-2615-0.jpg
970	/p/r/protege-documents-en-pp-60-pochettes-120-vues-rose-techno-ref-2615-0.jpg
971	/p/r/protege-documents-en-pp-60-pochettes-120-vues-vert-techno-ref-2615-0.jpg
972	/p/r/protege-documents-en-pp-80-pochettes-160-vues-rouge-techno-ref-2616-0.jpg
973	/p/r/protege-documents-en-pp-80-pochettes-160-vues-noir-techno-ref-2616-0.jpg
974	/p/r/protege-documents-en-pp-80-pochettes-160-vues-jaune-techno-ref-2616-0.jpg
975	/p/r/protege-documents-en-pp-80-pochettes-160-vues-bleu-techno-ref-2616-0.jpg
976	/p/r/protege-documents-en-pp-80-pochettes-160-vues-rose-techno-ref-2616-0.jpg
977	/p/r/protege-documents-en-pp-80-pochettes-160-vues-vert-techno-ref-2616-0.jpg
978	/p/r/protege-documents-en-pp-100-pochettes-200-vues-rouge-techno-ref-2617-0.jpg
979	/p/r/protege-documents-en-pp-100-pochettes-200-vues-noir-techno-ref-2617-0.jpg
98	/f/o/formes-pour-coloriage-voiture-4x4-techno-ref-5064-0.jpg
980	/p/r/protege-documents-en-pp-100-pochettes-200-vues-jaune-techno-ref-2617-0.jpg
981	/p/r/protege-documents-en-pp-100-pochettes-200-vues-bleu-techno-ref-2617-0.jpg
982	/p/r/protege-documents-en-pp-100-pochettes-200-vues-rose-techno-ref-2617-0.jpg
983	/p/r/protege-documents-en-pp-100-pochettes-200-vues-vert-techno-ref-2617-0.jpg
984	/p/e/peinture-a-eau-de-06-couleurs-motif-standard-techno-ref-0126-1.jpg
984	/p/e/peinture-a-eau-de-06-couleurs-motif-standard-bleu-techno-ref-0126-1.jpg
985	/p/e/peinture-a-eau-de-06-couleurs-motif-standard-vert-techno-ref-0126-0.jpg
986	/p/e/peinture-a-eau-de-06-couleurs-motif-standard-techno-ref-0126-0.jpg
986309	/c/r/craie-couleurs-de-10-boite-de-10-pieces-techno-ref-2608-0.jpg
987	/p/e/peinture-a-eau-de-06-couleurs-motif-standard-violet-techno-ref-0126-0.jpg
988	/p/e/peinture-a-eau-de-06-couleurs-motif-dora-rose-techno-ref-4368-0.jpg
989	/p/e/peinture-a-eau-de-06-couleurs-motif-dora-violet-techno-ref-4368-0.jpg
99	/f/o/formes-pour-coloriage-voiture-sport-techno-ref-5064-0.jpg
991	/p/e/peinture-a-eau-de-06-couleurs-motif-turtules-ninja-bleu-techno-ref-4368-0.jpg
992	/p/e/peinture-a-eau-de-06-couleurs-motif-turtules-ninja-vert-techno-ref-4368-0.jpg
993	/p/e/peinture-a-eau-de-12-couleurs-motif-standard-bleu-techno-ref-0127-1.jpg
993	/p/e/peinture-a-eau-de-12-couleurs-motif-standard-techno-ref-0127-0.jpg
994	/p/e/peinture-a-eau-de-12-couleurs-motif-standard-vert-techno-ref-0127-0.jpg
995	/p/e/peinture-a-eau-de-12-couleurs-motif-standard-rose-techno-ref-0127-0.jpg
996	/p/e/peinture-a-eau-de-12-couleurs-motif-standard-violet-techno-ref-0127-0.jpg
997	/p/e/peinture-a-eau-de-12-couleurs-motif-rose-techno-ref-4389-0.jpg
998	/p/e/peinture-a-eau-de-12-couleurs-motif-dora-violet-techno-ref-4389-0.jpg
